Bm17073.1	WBGene00268217
Bm1604b.1	WBGene00221865
Bm1604a.1	WBGene00221865
Bm1604c.1	WBGene00221865
Bm9463.1	WBGene00229724
Bm9464.1	WBGene00229725
Bm95.1	WBGene00220356
Bm17074.1	WBGene00268218
Bm17075.1	WBGene00268219
Bm9466.1	WBGene00229727
Bm17076.1	WBGene00268220
Bm9469.1	WBGene00229730
Bm9470.1	WBGene00229731
Bm17077.1	WBGene00268221
Bm17078b.1	WBGene00268222
Bm17078a.1	WBGene00268222
Bm9890.1	WBGene00230151
Bm1321a.1	WBGene00221582
Bm1321b.1	WBGene00221582
Bm9889a.1	WBGene00230150
Bm9889b.1	WBGene00230150
Bm1910.1	WBGene00222171
Bm13157.1	WBGene00233418
Bm458.1	WBGene00220719
Bm1471.1	WBGene00221732
Bm8183.1	WBGene00228444
Bm5296.1	WBGene00225557
Bm10763.1	WBGene00231024
Bm16918.1	WBGene00255410
Bm17079.1	WBGene00268223
Bm5427.1	WBGene00225688
Bm3194.1	WBGene00223455
Bm3143a.1	WBGene00223404
Bm3143a.2	WBGene00223404
Bm3143a.3	WBGene00223404
Bm3143b.1	WBGene00223404
Bm3743.1	WBGene00224004
Bm16937.1	WBGene00255558
Bm4734.1	WBGene00224995
Bm3654.1	WBGene00223915
Bm18116.1	WBGene00269256
Bm4539.1	WBGene00224800
Bm13842c.1	WBGene00234103
Bm13842b.1	WBGene00234103
Bm10764.1	WBGene00231025
Bm13919.1	WBGene00234180
Bm13919.2	WBGene00234180
Bm13919.3	WBGene00234180
Bm5483a.1	WBGene00225744
Bm5483b.1	WBGene00225744
Bm5483c.1	WBGene00225744
Bm5483d.1	WBGene00225744
Bm7138.1	WBGene00227399
Bm14795a.1	WBGene00234980
Bm14795b.1	WBGene00234980
Bm10765.1	WBGene00231026
Bm17080.1	WBGene00268224
Bm17081.1	WBGene00268225
Bm12745.1	WBGene00233006
Bm8181.1	WBGene00228442
Bm11879.1	WBGene00232140
Bm3983.1	WBGene00224244
Bm7153.1	WBGene00227414
Bm4178.1	WBGene00224439
Bm10769.1	WBGene00231030
Bm12629.1	WBGene00232890
Bm6381.1	WBGene00226642
Bm10770.2	WBGene00231031
Bm10770.1	WBGene00231031
Bm4236.1	WBGene00224497
Bm2597.1	WBGene00222858
Bm10771.1	WBGene00231032
Bm7078.1	WBGene00227339
Bm6755a.1	WBGene00227016
Bm6755b.1	WBGene00227016
Bm7092.1	WBGene00227353
Bm12730.1	WBGene00232991
Bm12754.1	WBGene00233015
Bm10773.1	WBGene00231034
Bm4785.1	WBGene00225046
Bm4785.2	WBGene00225046
Bm4767.1	WBGene00225028
Bm4767.2	WBGene00225028
Bm10775.1	WBGene00231036
Bm1473.1	WBGene00221734
Bm8585a.1	WBGene00228846
Bm8585b.1	WBGene00228846
Bm208a.1	WBGene00220469
Bm208b.1	WBGene00220469
Bm1077a.1	WBGene00221338
Bm1077d.1	WBGene00221338
Bm1077b.1	WBGene00221338
Bm1077c.1	WBGene00221338
Bm2108c.1	WBGene00222369
Bm2108b.1	WBGene00222369
Bm2108a.1	WBGene00222369
Bm7865.1	WBGene00228126
Bm17082.1	WBGene00268226
Bm3193.1	WBGene00223454
Bm994.3	WBGene00221255
Bm994.2	WBGene00221255
Bm994.1	WBGene00221255
Bm10733.1	WBGene00230994
Bm10734.1	WBGene00230995
Bm17083a.1	WBGene00268227
Bm17083b.1	WBGene00268227
Bm17084.1	WBGene00268228
Bm17085.1	WBGene00268229
Bm17086.1	WBGene00268230
Bm17087.1	WBGene00268231
Bm1099.1	WBGene00221360
Bm17088.1	WBGene00268232
Bm17089.1	WBGene00268233
Bm2697.1	WBGene00222958
Bm2105.1	WBGene00222366
Bm17090.1	WBGene00268234
Bm8539.1	WBGene00228800
Bm8538.1	WBGene00228799
Bm8537.1	WBGene00228798
Bm1590.1	WBGene00221851
Bm13618.1	WBGene00233879
Bm17091.1	WBGene00268235
Bm2714a.1	WBGene00222975
Bm2714b.1	WBGene00222975
Bm5865.1	WBGene00226126
Bm17093.1	WBGene00268237
Bm6966.1	WBGene00227227
Bm18136.1	WBGene00269276
Bm7864.1	WBGene00228125
Bm4175.1	WBGene00224436
Bm4175.2	WBGene00224436
Bm6537a.1	WBGene00226798
Bm6537b.1	WBGene00226798
Bm12767.1	WBGene00233028
Bm7273.1	WBGene00227534
Bm3395.1	WBGene00223656
Bm3106.1	WBGene00223367
Bm17094a.1	WBGene00268238
Bm17094b.1	WBGene00268238
Bm8401.1	WBGene00228662
Bm17095.1	WBGene00268239
Bm981.1	WBGene00221242
Bm6821.1	WBGene00227082
Bm4964.1	WBGene00225225
Bm3082.1	WBGene00223343
Bm8261.1	WBGene00228522
Bm5245.1	WBGene00225506
Bm14018.1	WBGene00234279
Bm17096.1	WBGene00268240
Bm11659.1	WBGene00231920
Bm17097.1	WBGene00268241
Bm17098.1	WBGene00268242
Bm939.1	WBGene00221200
Bm55.1	WBGene00220316
Bm17099.1	WBGene00268243
Bm17100.1	WBGene00268244
Bm6526a.1	WBGene00226787
Bm6526b.1	WBGene00226787
Bm4664.1	WBGene00224925
Bm7230b.1	WBGene00227491
Bm7230a.1	WBGene00227491
Bm9681.1	WBGene00229942
Bm7475.1	WBGene00227736
Bm4189.1	WBGene00224450
Bm13796.1	WBGene00234057
Bm1549.1	WBGene00221810
Bm7440.1	WBGene00227701
Bm13779b.1	WBGene00234040
Bm13779a.1	WBGene00234040
Bm13779a.2	WBGene00234040
Bm3591b.1	WBGene00223852
Bm3591a.1	WBGene00223852
Bm13733.1	WBGene00233994
Bm2627a.1	WBGene00222888
Bm2627b.1	WBGene00222888
Bm3720.1	WBGene00223981
Bm9391b.1	WBGene00229652
Bm9391c.1	WBGene00229652
Bm9391a.1	WBGene00229652
Bm9390.1	WBGene00229651
Bm2393a.1	WBGene00222654
Bm2393b.1	WBGene00222654
Bm9392.1	WBGene00229653
Bm6870.1	WBGene00227131
Bm9393b.1	WBGene00229654
Bm9393c.1	WBGene00229654
Bm9393a.1	WBGene00229654
Bm9394.1	WBGene00229655
Bm9395.1	WBGene00229656
Bm5115.1	WBGene00225376
Bm4067a.1	WBGene00224328
Bm4067a.2	WBGene00224328
Bm4067b.1	WBGene00224328
Bm11209.1	WBGene00231470
Bm2588.1	WBGene00222849
Bm6003.1	WBGene00226264
Bm9396.1	WBGene00229657
Bm7047.1	WBGene00227308
Bm7516.1	WBGene00227777
Bm14697.1	WBGene00235032
Bm2353a.1	WBGene00222614
Bm2353b.1	WBGene00222614
Bm11468a.1	WBGene00231729
Bm11468b.1	WBGene00231729
Bm7204.1	WBGene00227465
Bm10741.1	WBGene00231002
Bm4295a.1	WBGene00224556
Bm4295b.1	WBGene00224556
Bm10742.1	WBGene00231003
Bm10745.1	WBGene00231006
Bm6249.1	WBGene00226510
Bm10746.1	WBGene00231007
Bm632.1	WBGene00220893
Bm6325a.1	WBGene00226586
Bm6325b.1	WBGene00226586
Bm6325c.1	WBGene00226586
Bm10748.1	WBGene00231009
Bm7426.1	WBGene00227687
Bm6737a.1	WBGene00226998
Bm6737b.1	WBGene00226998
Bm10749.1	WBGene00231010
Bm5853.1	WBGene00226114
Bm5853.2	WBGene00226114
Bm10750.1	WBGene00231011
Bm7115.1	WBGene00227376
Bm2118a.1	WBGene00222379
Bm2118b.1	WBGene00222379
Bm6319d.1	WBGene00226580
Bm6319a.1	WBGene00226580
Bm6319c.1	WBGene00226580
Bm6319b.1	WBGene00226580
Bm10751.1	WBGene00231012
Bm10752.1	WBGene00231013
Bm5018b.1	WBGene00225279
Bm5018a.1	WBGene00225279
Bm10753.1	WBGene00231014
Bm10754.1	WBGene00231015
Bm6740.1	WBGene00227001
Bm10755.1	WBGene00231016
Bm10756.1	WBGene00231017
Bm13534.1	WBGene00233795
Bm17101.1	WBGene00268245
Bm9583a.1	WBGene00229844
Bm9583b.1	WBGene00229844
Bm17102.1	WBGene00268246
Bm17103.1	WBGene00268247
Bm9581.1	WBGene00229842
Bm5807a.1	WBGene00226068
Bm5807b.1	WBGene00226068
Bm275.1	WBGene00220536
Bm276.1	WBGene00220537
Bm276.2	WBGene00220537
Bm277.1	WBGene00220538
Bm17104.1	WBGene00268248
Bm8992.1	WBGene00229253
Bm17105.1	WBGene00268249
Bm8993.1	WBGene00229254
Bm8994b.1	WBGene00229255
Bm8994a.1	WBGene00229255
Bm8995.1	WBGene00229256
Bm8996.1	WBGene00229257
Bm8998a.1	WBGene00229259
Bm8998b.1	WBGene00229259
Bm17106.1	WBGene00268250
Bm7341c.1	WBGene00227602
Bm7341d.1	WBGene00227602
Bm7341a.1	WBGene00227602
Bm7341b.1	WBGene00227602
Bm10294.1	WBGene00230555
Bm17108.1	WBGene00268252
Bm8833	WBGene00229094
Bm17109.1	WBGene00268253
Bm17110	WBGene00268254
Bm17111.1	WBGene00268255
Bm11166.1	WBGene00231427
Bm17112.1	WBGene00268256
Bm10292.1	WBGene00230553
Bm10291.1	WBGene00230552
Bm17113a	WBGene00268257
Bm17113b	WBGene00268257
Bm4329b.1	WBGene00224590
Bm4329a.1	WBGene00224590
Bm17114.1	WBGene00268258
Bm12240.1	WBGene00232501
Bm17115.1	WBGene00268259
Bm17116.1	WBGene00268260
Bm17117.1	WBGene00268261
Bm17118.1	WBGene00268262
Bm17119.1	WBGene00268263
Bm1605a.1	WBGene00221866
Bm1605b.1	WBGene00221866
Bm17120.1	WBGene00268264
Bm5268.1	WBGene00225529
Bm18131.1	WBGene00269271
Bm9269.1	WBGene00229530
Bm9270.1	WBGene00229531
Bm17121.1	WBGene00268265
Bm4165.1	WBGene00224426
Bm9271.1	WBGene00229532
Bm18589.1	WBGene00304761
Bm2631.1	WBGene00222892
Bm9272.1	WBGene00229533
Bm9273b.1	WBGene00229534
Bm9273a.1	WBGene00229534
Bm17122	WBGene00268266
Bm17123.1	WBGene00268267
Bm4942.1	WBGene00225203
Bm18127.1	WBGene00269267
Bm8747a.1	WBGene00229008
Bm8747b.1	WBGene00229008
Bm17124b.1	WBGene00268268
Bm17124a.1	WBGene00268268
Bm17125	WBGene00268269
Bm17126	WBGene00268270
Bm17127.1	WBGene00268271
Bm8969b.1	WBGene00229230
Bm8969a.1	WBGene00229230
Bm270.1	WBGene00220531
Bm5154.1	WBGene00225415
Bm126.1	WBGene00220387
Bm17128.1	WBGene00268272
Bm17129.1	WBGene00268273
Bm13058.1	WBGene00233319
Bm5157.1	WBGene00225418
Bm5498.1	WBGene00225759
Bm9374.1	WBGene00229635
Bm1122.1	WBGene00221383
Bm17130.1	WBGene00268274
Bm17131	WBGene00268275
Bm8414b.1	WBGene00228675
Bm8414a.1	WBGene00228675
Bm8413.1	WBGene00228674
Bm8412b.1	WBGene00228673
Bm8412a.1	WBGene00228673
Bm8411.1	WBGene00228672
Bm13355.1	WBGene00233616
Bm8407a.1	WBGene00228668
Bm8407b.1	WBGene00228668
Bm17132.1	WBGene00268276
Bm8408.1	WBGene00228669
Bm4246.1	WBGene00224507
Bm8409.1	WBGene00228670
Bm8279a.1	WBGene00228540
Bm8279b.1	WBGene00228540
Bm11101.1	WBGene00231362
Bm8280a.1	WBGene00228541
Bm8280b.1	WBGene00228541
Bm8281.1	WBGene00228542
Bm8282.1	WBGene00228543
Bm1112.1	WBGene00221373
Bm14332.1	WBGene00234593
Bm17134	WBGene00268277
Bm3973.1	WBGene00224234
Bm17135.1	WBGene00268278
Bm17136.1	WBGene00268279
Bm1378a.1	WBGene00221639
Bm1378b.1	WBGene00221639
Bm10162.1	WBGene00230423
Bm10161.1	WBGene00230422
Bm8288.1	WBGene00228549
Bm18144.1	WBGene00269284
Bm8289.1	WBGene00228550
Bm2020a.1	WBGene00222281
Bm2020b.1	WBGene00222281
Bm2020c.1	WBGene00222281
Bm2020d.1	WBGene00222281
Bm128a.1	WBGene00220389
Bm128b.1	WBGene00220389
Bm128c.1	WBGene00220389
Bm128e.1	WBGene00220389
Bm128d.1	WBGene00220389
Bm8290.1	WBGene00228551
Bm18145.1	WBGene00269285
Bm9415.1	WBGene00229676
Bm10032.1	WBGene00230293
Bm9416.1	WBGene00229677
Bm17137.1	WBGene00268280
Bm17138a	WBGene00268281
Bm17138b	WBGene00268281
Bm7968.1	WBGene00228229
Bm7967.1	WBGene00228228
Bm17139.1	WBGene00268282
Bm17140	WBGene00268283
Bm7776.1	WBGene00228037
Bm17141.1	WBGene00268284
Bm8776b.1	WBGene00229037
Bm8776a.1	WBGene00229037
Bm13378.1	WBGene00233639
Bm8777a.1	WBGene00229038
Bm8777b.1	WBGene00229038
Bm8778.1	WBGene00229039
Bm14746.1	WBGene00234931
Bm234.1	WBGene00220495
Bm235a.1	WBGene00220496
Bm235b.1	WBGene00220496
Bm9137	WBGene00229398
Bm17142.1	WBGene00268285
Bm8779.1	WBGene00229040
Bm1163.1	WBGene00221424
Bm17143.1	WBGene00268286
Bm1164a.1	WBGene00221425
Bm1164b.1	WBGene00221425
Bm8780.1	WBGene00229041
Bm17144.1	WBGene00268287
Bm938.1	WBGene00221199
Bm17145.1	WBGene00268288
Bm909.1	WBGene00221170
Bm5153.1	WBGene00225414
Bm17146.1	WBGene00268289
Bm8295.1	WBGene00228556
Bm2416.1	WBGene00222677
Bm4671.1	WBGene00224932
Bm60a.1	WBGene00220321
Bm60b.1	WBGene00220321
Bm7990.1	WBGene00228251
Bm372.1	WBGene00220633
Bm9422b.1	WBGene00229683
Bm9422a.1	WBGene00229683
Bm9422c.1	WBGene00229683
Bm9423.1	WBGene00229684
Bm9424.1	WBGene00229685
Bm17147a.1	WBGene00268290
Bm17147b.1	WBGene00268290
Bm2347a.1	WBGene00222608
Bm2347b.1	WBGene00222608
Bm17148.1	WBGene00268291
Bm5086.1	WBGene00225347
Bm17149.1	WBGene00268292
Bm8524.1	WBGene00228785
Bm8098b.1	WBGene00228359
Bm8098a.1	WBGene00228359
Bm6341.1	WBGene00226602
Bm17150.1	WBGene00268293
Bm17151.1	WBGene00268294
Bm10758.1	WBGene00231019
Bm18171.1	WBGene00269311
Bm17152	WBGene00268295
Bm17153.1	WBGene00268296
Bm17154.1	WBGene00268297
Bm17155.1	WBGene00268298
Bm23.1	WBGene00220284
Bm27.1	WBGene00220288
Bm950.1	WBGene00221211
Bm950.2	WBGene00221211
Bm7799.1	WBGene00228060
Bm33.1	WBGene00220294
Bm17156.1	WBGene00268299
Bm17157.1	WBGene00268300
Bm9886.1	WBGene00230147
Bm9352a.1	WBGene00229613
Bm9352b.1	WBGene00229613
Bm9353.1	WBGene00229614
Bm17161.1	WBGene00268304
Bm17162	WBGene00268305
Bm3304a.1	WBGene00223565
Bm3304b.1	WBGene00223565
Bm13346.1	WBGene00233607
Bm17163.1	WBGene00268306
Bm17164.1	WBGene00268307
Bm1469.1	WBGene00221730
Bm17165.1	WBGene00268308
Bm10760.1	WBGene00231021
Bm978.1	WBGene00221239
Bm17166.1	WBGene00268309
Bm17167.1	WBGene00268310
Bm8781.1	WBGene00229042
Bm5910b.1	WBGene00226171
Bm5910a.1	WBGene00226171
Bm14779.1	WBGene00234964
Bm8782.1	WBGene00229043
Bm13037b.1	WBGene00233298
Bm13037a.1	WBGene00233298
Bm17168.1	WBGene00268311
Bm1165a.1	WBGene00221426
Bm1165b.1	WBGene00221426
Bm8783.1	WBGene00229044
Bm10116.1	WBGene00230377
Bm17169.1	WBGene00268312
Bm10117.1	WBGene00230378
Bm17170.1	WBGene00268313
Bm10119c.1	WBGene00230380
Bm10119a.1	WBGene00230380
Bm10119b.1	WBGene00230380
Bm13429.1	WBGene00233690
Bm13430.1	WBGene00233691
Bm17171.1	WBGene00268314
Bm7903.1	WBGene00228164
Bm7904.1	WBGene00228165
Bm17172a.1	WBGene00268315
Bm17173.1	WBGene00268316
Bm17172b.1	WBGene00268315
Bm17174.1	WBGene00268317
Bm11567.1	WBGene00231828
Bm17175.1	WBGene00268318
Bm17176.1	WBGene00268319
Bm17177.1	WBGene00268320
Bm17178.1	WBGene00268321
Bm8278.1	WBGene00228539
Bm8277.1	WBGene00228538
Bm8276.1	WBGene00228537
Bm17179.1	WBGene00268322
Bm365.1	WBGene00220626
Bm9362.1	WBGene00229623
Bm17180	WBGene00268323
Bm17181.1	WBGene00268324
Bm9600.1	WBGene00229861
Bm13066.1	WBGene00233327
Bm10467.1	WBGene00230728
Bm10468.1	WBGene00230729
Bm10469.1	WBGene00230730
Bm8986a.1	WBGene00229247
Bm8986b.1	WBGene00229247
Bm8985.1	WBGene00229246
Bm17182.1	WBGene00268325
Bm17183	WBGene00268326
Bm17184.1	WBGene00268327
Bm8034.1	WBGene00228295
Bm67d.1	WBGene00220328
Bm67c.1	WBGene00220328
Bm67a.1	WBGene00220328
Bm67b.1	WBGene00220328
Bm8035.1	WBGene00228296
Bm17185	WBGene00268328
Bm17186.1	WBGene00268329
Bm17187.1	WBGene00268330
Bm17192.1	WBGene00268335
Bm3227.1	WBGene00223488
Bm8010a.1	WBGene00228271
Bm8010b.1	WBGene00228271
Bm12337.1	WBGene00232598
Bm17193.1	WBGene00268336
Bm17194.1	WBGene00268337
Bm17195.1	WBGene00268338
Bm4927.1	WBGene00225188
Bm249.1	WBGene00220510
Bm17196.1	WBGene00268339
Bm17197.1	WBGene00268340
Bm11446a.1	WBGene00231707
Bm11446b.1	WBGene00231707
Bm17198	WBGene00268341
Bm7771.1	WBGene00228032
Bm1531.1	WBGene00221792
Bm1530.1	WBGene00221791
Bm11099.1	WBGene00231360
Bm17199.1	WBGene00268342
Bm5040.1	WBGene00225301
Bm17200.1	WBGene00268343
Bm17201.1	WBGene00268344
Bm17202.1	WBGene00268345
Bm7812.1	WBGene00228073
Bm17203.1	WBGene00268346
Bm14327.1	WBGene00234588
Bm17204.1	WBGene00268347
Bm17205.1	WBGene00268348
Bm17206.1	WBGene00268349
Bm17207.1	WBGene00268350
Bm8269.1	WBGene00228530
Bm17208.1	WBGene00268351
Bm1102.1	WBGene00221363
Bm9887.1	WBGene00230148
Bm514.1	WBGene00220775
Bm11100.1	WBGene00231361
Bm17209.1	WBGene00268352
Bm17210.1	WBGene00268353
Bm17211.1	WBGene00268354
Bm8238.1	WBGene00228499
Bm8237.1	WBGene00228498
Bm12228.1	WBGene00232489
Bm8236.1	WBGene00228497
Bm8235.1	WBGene00228496
Bm17212	WBGene00268355
Bm17213.1	WBGene00268356
Bm8417.1	WBGene00228678
Bm17214.1	WBGene00268357
Bm17215.1	WBGene00268358
Bm17216.1	WBGene00268359
Bm17217.1	WBGene00268360
Bm17218.1	WBGene00268361
Bm17219.1	WBGene00268362
Bm17220.1	WBGene00268363
Bm8099.1	WBGene00228360
Bm17221.1	WBGene00268364
Bm17222.1	WBGene00268365
Bm17223.1	WBGene00268366
Bm8234.1	WBGene00228495
Bm17224.1	WBGene00268367
Bm17225.1	WBGene00268368
Bm17226	WBGene00268369
Bm17227.1	WBGene00268370
Bm17228.1	WBGene00268371
Bm17229.1	WBGene00268372
Bm17230.1	WBGene00268373
Bm17231	WBGene00268374
Bm17232.1	WBGene00268375
Bm1470.1	WBGene00221731
Bm17233.1	WBGene00268376
Bm17234.1	WBGene00268377
Bm17235.1	WBGene00268378
Bm17236.1	WBGene00268379
Bm17237.1	WBGene00268380
Bm12299.1	WBGene00232560
Bm17238.1	WBGene00268381
Bm17240.1	WBGene00268383
Bm17241.1	WBGene00268384
Bm17242.1	WBGene00268385
Bm13012.1	WBGene00233273
Bm17243.1	WBGene00268386
Bm17244.1	WBGene00268387
Bm1543.1	WBGene00221804
Bm17245.1	WBGene00268388
Bm9138.1	WBGene00229399
Bm1209a.1	WBGene00221470
Bm1209b.1	WBGene00221470
Bm9139.1	WBGene00229400
Bm17246.1	WBGene00268389
Bm17247.1	WBGene00268390
Bm17248.1	WBGene00268391
Bm17249.1	WBGene00268392
Bm17250.1	WBGene00268393
Bm17251.1	WBGene00268394
Bm17252.1	WBGene00268395
Bm17253.1	WBGene00268396
Bm17254.1	WBGene00268397
Bm12663.1	WBGene00232924
Bm17255.1	WBGene00268398
Bm17256	WBGene00268399
Bm5155.1	WBGene00225416
Bm17257.1	WBGene00268400
Bm17258.1	WBGene00268401
Bm17259.1	WBGene00268402
Bm17260.1	WBGene00268403
Bm17261.1	WBGene00268404
Bm17262.1	WBGene00268405
Bm272.1	WBGene00220533
Bm17263	WBGene00268406
Bm17264	WBGene00268407
Bm17265.1	WBGene00268408
Bm17266.1	WBGene00268409
Bm10239a.1	WBGene00230500
Bm10239b.1	WBGene00230500
Bm9833a.1	WBGene00230094
Bm9833b.1	WBGene00230094
Bm17267.1	WBGene00268410
Bm17268.1	WBGene00268411
Bm17269.1	WBGene00268412
Bm17270.1	WBGene00268413
Bm17271.1	WBGene00268414
Bm585.1	WBGene00220846
Bm17272.1	WBGene00268415
Bm17273.1	WBGene00268416
Bm17274.1	WBGene00268417
Bm17275.1	WBGene00268418
Bm17276.1	WBGene00268419
Bm268.1	WBGene00220529
Bm17277.1	WBGene00268420
Bm17278	WBGene00268421
Bm17279.1	WBGene00268422
Bm17280.1	WBGene00268423
Bm17281.1	WBGene00268424
Bm10204.1	WBGene00230465
Bm17282.1	WBGene00268425
Bm17283.1	WBGene00268426
Bm17284.1	WBGene00268427
Bm614.1	WBGene00220875
Bm17285a.1	WBGene00268428
Bm17285b.1	WBGene00268428
Bm17286.1	WBGene00268429
Bm17287.1	WBGene00268430
Bm17288.1	WBGene00268431
Bm17289.1	WBGene00268432
Bm17290.1	WBGene00268433
Bm17291.1	WBGene00268434
Bm7766.1	WBGene00228027
Bm17292.1	WBGene00268435
Bm17293.1	WBGene00268436
Bm17294a.1	WBGene00268437
Bm17294b.1	WBGene00268437
Bm17295.1	WBGene00268438
Bm17296.1	WBGene00268439
Bm17297.1	WBGene00268440
Bm17298.1	WBGene00268441
Bm17299.1	WBGene00268442
Bm17300	WBGene00268443
Bm17301.1	WBGene00268444
Bm17302.1	WBGene00268445
Bm17303.1	WBGene00268446
Bm17304.1	WBGene00268447
Bm17305.1	WBGene00268448
Bm17306.1	WBGene00268449
Bm17307.1	WBGene00268450
Bm17308.1	WBGene00268451
Bm17309.1	WBGene00268452
Bm11108.1	WBGene00231369
Bm12369.1	WBGene00232630
Bm4465b.1	WBGene00224726
Bm4465a.1	WBGene00224726
Bm6157.2	WBGene00226418
Bm6157.1	WBGene00226418
Bm6563.1	WBGene00226824
Bm14817.1	WBGene00235002
Bm14675.1	WBGene00235010
Bm4344a.1	WBGene00224605
Bm4344b.1	WBGene00224605
Bm720a.1	WBGene00220981
Bm720b.1	WBGene00220981
Bm4120.1	WBGene00224381
Bm4121.1	WBGene00224382
Bm6382.1	WBGene00226643
Bm6383a.1	WBGene00226644
Bm6383b.1	WBGene00226644
Bm13341.1	WBGene00233602
Bm8094b.1	WBGene00228355
Bm8094c.1	WBGene00228355
Bm8094a.1	WBGene00228355
Bm6297.1	WBGene00226558
Bm1174.1	WBGene00221435
Bm6229b.1	WBGene00226490
Bm6229a.1	WBGene00226490
Bm8868b.1	WBGene00229129
Bm8868a.1	WBGene00229129
Bm12324.1	WBGene00232585
Bm3236.1	WBGene00223497
Bm1148a.1	WBGene00221409
Bm1148b.1	WBGene00221409
Bm2796.1	WBGene00223057
Bm7296.1	WBGene00227557
Bm6406a.1	WBGene00226667
Bm6406b.1	WBGene00226667
Bm14787.1	WBGene00234972
Bm17310.1	WBGene00268453
Bm17311.1	WBGene00268454
Bm8678.1	WBGene00228939
Bm3050.1	WBGene00223311
Bm3048.2	WBGene00223309
Bm3048.1	WBGene00223309
Bm6331a.1	WBGene00226592
Bm6331b.1	WBGene00226592
Bm4712.1	WBGene00224973
Bm7481c.1	WBGene00227742
Bm7481b.1	WBGene00227742
Bm7481d.1	WBGene00227742
Bm7481a.1	WBGene00227742
Bm5029a.1	WBGene00225290
Bm5029b.1	WBGene00225290
Bm5029c.1	WBGene00225290
Bm2322a.1	WBGene00222583
Bm2322b.1	WBGene00222583
Bm2322a.2	WBGene00222583
Bm2322b.2	WBGene00222583
Bm12801a.1	WBGene00233062
Bm12801b.1	WBGene00233062
Bm5214.1	WBGene00225475
Bm5214.2	WBGene00225475
Bm17312.1	WBGene00268455
Bm1578.1	WBGene00221839
Bm17313.1	WBGene00268456
Bm1391.1	WBGene00221652
Bm6868c.1	WBGene00227129
Bm6868a.1	WBGene00227129
Bm6868b.1	WBGene00227129
Bm538a.1	WBGene00220799
Bm538b.1	WBGene00220799
Bm14232.1	WBGene00234493
Bm13498e.1	WBGene00233759
Bm13498a.1	WBGene00233759
Bm13498b.1	WBGene00233759
Bm13498c.1	WBGene00233759
Bm13498d.1	WBGene00233759
Bm13498f.1	WBGene00233759
Bm5974b.1	WBGene00226235
Bm5974a.1	WBGene00226235
Bm5974d.1	WBGene00226235
Bm5974c.1	WBGene00226235
Bm11420.1	WBGene00231681
Bm10281.1	WBGene00230542
Bm1857.1	WBGene00222118
Bm13734.1	WBGene00233995
Bm755.1	WBGene00221016
Bm12172b.1	WBGene00232433
Bm12172a.1	WBGene00232433
Bm8548a.1	WBGene00228809
Bm8548d.1	WBGene00228809
Bm8548b.1	WBGene00228809
Bm8548c.1	WBGene00228809
Bm14118.1	WBGene00234379
Bm17314	WBGene00268457
Bm17315.1	WBGene00268458
Bm17316.1	WBGene00268459
Bm17317.1	WBGene00268460
Bm3441a.1	WBGene00223702
Bm3441b.1	WBGene00223702
Bm1534b.1	WBGene00221795
Bm1534a.1	WBGene00221795
Bm5818.1	WBGene00226079
Bm13775a.1	WBGene00234036
Bm13775b.1	WBGene00234036
Bm1776a.1	WBGene00222037
Bm1776b.1	WBGene00222037
Bm13188.1	WBGene00233449
Bm6635a.1	WBGene00226896
Bm6635b.1	WBGene00226896
Bm17318.1	WBGene00268461
Bm7135.1	WBGene00227396
Bm8888.1	WBGene00229149
Bm7483.1	WBGene00227744
Bm8666d.2	WBGene00228927
Bm8666b.2	WBGene00228927
Bm8666a.1	WBGene00228927
Bm8666d.1	WBGene00228927
Bm8666c.1	WBGene00228927
Bm8666a.2	WBGene00228927
Bm8666b.1	WBGene00228927
Bm8666c.2	WBGene00228927
Bm14094.1	WBGene00234355
Bm7856.1	WBGene00228117
Bm795.1	WBGene00221056
Bm359.1	WBGene00220620
Bm2350b.1	WBGene00222611
Bm2350a.1	WBGene00222611
Bm2349.1	WBGene00222610
Bm9335a.1	WBGene00229596
Bm9335b.1	WBGene00229596
Bm9334.1	WBGene00229595
Bm8476.1	WBGene00228737
Bm17320.1	WBGene00268463
Bm5589.1	WBGene00225850
Bm8387.1	WBGene00228648
Bm8388.1	WBGene00228649
Bm3497.1	WBGene00223758
Bm3498.1	WBGene00223759
Bm9372.1	WBGene00229633
Bm798.1	WBGene00221059
Bm5570.1	WBGene00225831
Bm4020.1	WBGene00224281
Bm2199.1	WBGene00222460
Bm5079.1	WBGene00225340
Bm8003.1	WBGene00228264
Bm17321.1	WBGene00268464
Bm2838.1	WBGene00223099
Bm5011b.1	WBGene00225272
Bm5011a.1	WBGene00225272
Bm9047.1	WBGene00229308
Bm6387b.1	WBGene00226648
Bm6387a.1	WBGene00226648
Bm4021b.1	WBGene00224282
Bm4021a.1	WBGene00224282
Bm9048.1	WBGene00229309
Bm9048.2	WBGene00229309
Bm9048.3	WBGene00229309
Bm17322.1	WBGene00268465
Bm17323.1	WBGene00268466
Bm17324.1	WBGene00268467
Bm17325.1	WBGene00268468
Bm3474a.1	WBGene00223735
Bm3474b.1	WBGene00223735
Bm12185.1	WBGene00232446
Bm6018.1	WBGene00226279
Bm7529.1	WBGene00227790
Bm6611.1	WBGene00226872
Bm6476.1	WBGene00226737
Bm7606.1	WBGene00227867
Bm13816.1	WBGene00234077
Bm13652.1	WBGene00233913
Bm8810.1	WBGene00229071
Bm239.1	WBGene00220500
Bm12386b.1	WBGene00232647
Bm12386a.1	WBGene00232647
Bm5117.1	WBGene00225378
Bm1676a.1	WBGene00221937
Bm1676b.1	WBGene00221937
Bm8663b.1	WBGene00228924
Bm8663a.1	WBGene00228924
Bm8663d.1	WBGene00228924
Bm8663c.1	WBGene00228924
Bm4411.1	WBGene00224672
Bm8690.1	WBGene00228951
Bm8689b.1	WBGene00228950
Bm8689a.1	WBGene00228950
Bm13849b.1	WBGene00234110
Bm13849a.1	WBGene00234110
Bm18193.1	WBGene00269339
Bm18194.1	WBGene00269340
Bm5462.1	WBGene00225723
Bm17326.1	WBGene00268469
Bm9854.1	WBGene00230115
Bm9855a.1	WBGene00230116
Bm9855b.1	WBGene00230116
Bm1314a.1	WBGene00221575
Bm1314b.1	WBGene00221575
Bm9856.1	WBGene00230117
Bm5525a.1	WBGene00225786
Bm5525b.1	WBGene00225786
Bm9210.1	WBGene00229471
Bm2665.1	WBGene00222926
Bm14755b.1	WBGene00234940
Bm14755a.1	WBGene00234940
Bm7145.1	WBGene00227406
Bm9209b.1	WBGene00229470
Bm9209a.1	WBGene00229470
Bm9209c.1	WBGene00229470
Bm6380a.1	WBGene00226641
Bm6380b.1	WBGene00226641
Bm4561.1	WBGene00224822
Bm2786a.1	WBGene00223047
Bm2786b.1	WBGene00223047
Bm5173.1	WBGene00225434
Bm5744.1	WBGene00226005
Bm8082a.1	WBGene00228343
Bm8082b.1	WBGene00228343
Bm8083.1	WBGene00228344
Bm8083.2	WBGene00228344
Bm1587b.1	WBGene00221848
Bm1587a.1	WBGene00221848
Bm1587c.1	WBGene00221848
Bm3134a.1	WBGene00223395
Bm3134b.1	WBGene00223395
Bm8085.1	WBGene00228346
Bm3130b.1	WBGene00223391
Bm3130a.1	WBGene00223391
Bm8086.1	WBGene00228347
Bm11527.1	WBGene00231788
Bm17328.1	WBGene00268471
Bm382.1	WBGene00220643
Bm7614.1	WBGene00227875
Bm12314.1	WBGene00232575
Bm9491.1	WBGene00229752
Bm6560.1	WBGene00226821
Bm9336b.1	WBGene00229597
Bm9336a.1	WBGene00229597
Bm5422.1	WBGene00225683
Bm6069.1	WBGene00226330
Bm5425.1	WBGene00225686
Bm9337a.1	WBGene00229598
Bm9337b.1	WBGene00229598
Bm7084.1	WBGene00227345
Bm7083.1	WBGene00227344
Bm7082.1	WBGene00227343
Bm4657a.1	WBGene00224918
Bm4657b.1	WBGene00224918
Bm2458.1	WBGene00222719
Bm6482b.1	WBGene00226743
Bm6482a.1	WBGene00226743
Bm3015.1	WBGene00223276
Bm9338.1	WBGene00229599
Bm4446.1	WBGene00224707
Bm2239a.1	WBGene00222500
Bm2239b.1	WBGene00222500
Bm2565b.1	WBGene00222826
Bm2565a.1	WBGene00222826
Bm4914a.1	WBGene00225175
Bm4914b.1	WBGene00225175
Bm5433.1	WBGene00225694
Bm5434a.1	WBGene00225695
Bm5434b.1	WBGene00225695
Bm5435b.1	WBGene00225696
Bm5435a.1	WBGene00225696
Bm2795.1	WBGene00223056
Bm360a.1	WBGene00220621
Bm360b.1	WBGene00220621
Bm360c.1	WBGene00220621
Bm17329.1	WBGene00268472
Bm5083.1	WBGene00225344
Bm2925.1	WBGene00223186
Bm7070.1	WBGene00227331
Bm17330.1	WBGene00268473
Bm17331.1	WBGene00268474
Bm8719.1	WBGene00228980
Bm3235.1	WBGene00223496
Bm8718.1	WBGene00228979
Bm6621.1	WBGene00226882
Bm7763.1	WBGene00228024
Bm8716c.1	WBGene00228977
Bm8716a.1	WBGene00228977
Bm8716d.1	WBGene00228977
Bm8716b.1	WBGene00228977
Bm4862.1	WBGene00225123
Bm1154.1	WBGene00221415
Bm7283a.1	WBGene00227544
Bm7283b.1	WBGene00227544
Bm7281.1	WBGene00227542
Bm8715b.1	WBGene00228976
Bm8715a.1	WBGene00228976
Bm135.1	WBGene00220396
Bm8306.1	WBGene00228567
Bm8305b.1	WBGene00228566
Bm8305a.1	WBGene00228566
Bm8704.1	WBGene00228965
Bm6378b.1	WBGene00226639
Bm6378a.1	WBGene00226639
Bm6392.1	WBGene00226653
Bm7079.1	WBGene00227340
Bm4815b.1	WBGene00225076
Bm4815a.1	WBGene00225076
Bm4815c.1	WBGene00225076
Bm9260a.1	WBGene00229521
Bm9260b.1	WBGene00229521
Bm2236.1	WBGene00222497
Bm9259.1	WBGene00229520
Bm7480.1	WBGene00227741
Bm7485.1	WBGene00227746
Bm339.1	WBGene00220600
Bm9258.1	WBGene00229519
Bm7520.1	WBGene00227781
Bm7520.2	WBGene00227781
Bm6602b.1	WBGene00226863
Bm6602a.1	WBGene00226863
Bm4102.1	WBGene00224363
Bm4722.1	WBGene00224983
Bm9257.1	WBGene00229518
Bm9256.1	WBGene00229517
Bm5144b.1	WBGene00225405
Bm5144a.1	WBGene00225405
Bm5628a.1	WBGene00225889
Bm5628b.1	WBGene00225889
Bm5627.1	WBGene00225888
Bm5626.1	WBGene00225887
Bm17332.1	WBGene00268475
Bm7397b.1	WBGene00227658
Bm7397a.1	WBGene00227658
Bm13867.1	WBGene00234128
Bm2454.1	WBGene00222715
Bm6477.1	WBGene00226738
Bm17333.1	WBGene00268476
Bm3649.1	WBGene00223910
Bm12265.1	WBGene00232526
Bm8673a.1	WBGene00228934
Bm8673b.1	WBGene00228934
Bm8672.1	WBGene00228933
Bm12379.1	WBGene00232640
Bm796.1	WBGene00221057
Bm5689.1	WBGene00225950
Bm6609.1	WBGene00226870
Bm8470.1	WBGene00228731
Bm12214.1	WBGene00232475
Bm3629a.1	WBGene00223890
Bm3629b.1	WBGene00223890
Bm14056.1	WBGene00234317
Bm13932.1	WBGene00234193
Bm10179.1	WBGene00230440
Bm10182.1	WBGene00230443
Bm17334.1	WBGene00268477
Bm8232.1	WBGene00228493
Bm8231.1	WBGene00228492
Bm1603.1	WBGene00221864
Bm1577.1	WBGene00221838
Bm8030.1	WBGene00228291
Bm17335.1	WBGene00268478
Bm6876.1	WBGene00227137
Bm5671.1	WBGene00225932
Bm5670.1	WBGene00225931
Bm13863.1	WBGene00234124
Bm9284.1	WBGene00229545
Bm9288.1	WBGene00229549
Bm9287.1	WBGene00229548
Bm9286	WBGene00229547
Bm18156.1	WBGene00269296
Bm19a.1	WBGene00220280
Bm19a.2	WBGene00220280
Bm19b.1	WBGene00220280
Bm4652.1	WBGene00224913
Bm3814.1	WBGene00224075
Bm11608.1	WBGene00231869
Bm3416.1	WBGene00223677
Bm8218a.1	WBGene00228479
Bm8218b.1	WBGene00228479
Bm8216.1	WBGene00228477
Bm8216.2	WBGene00228477
Bm2230.1	WBGene00222491
Bm3977a.1	WBGene00224238
Bm3977b.1	WBGene00224238
Bm1110.1	WBGene00221371
Bm6108.1	WBGene00226369
Bm8725.1	WBGene00228986
Bm8725.2	WBGene00228986
Bm8726.1	WBGene00228987
Bm8727a.1	WBGene00228988
Bm8727b.1	WBGene00228988
Bm4366.1	WBGene00224627
Bm6055.1	WBGene00226316
Bm6445.1	WBGene00226706
Bm7017.1	WBGene00227278
Bm6662.1	WBGene00226923
Bm11397.1	WBGene00231658
Bm219.1	WBGene00220480
Bm13651.1	WBGene00233912
Bm13651.2	WBGene00233912
Bm13651.3	WBGene00233912
Bm13651.4	WBGene00233912
Bm2436.1	WBGene00222697
Bm8728.1	WBGene00228989
Bm17336.1	WBGene00268479
Bm6845.1	WBGene00227106
Bm17337.1	WBGene00268480
Bm3730a.1	WBGene00223991
Bm3730b.1	WBGene00223991
Bm4181.1	WBGene00224442
Bm6813.1	WBGene00227074
Bm5421.1	WBGene00225682
Bm6536b.2	WBGene00226797
Bm6536b.1	WBGene00226797
Bm6536a.1	WBGene00226797
Bm1291.1	WBGene00221552
Bm3602c.1	WBGene00223863
Bm3602b.1	WBGene00223863
Bm3602a.1	WBGene00223863
Bm3602d.1	WBGene00223863
Bm17338	WBGene00268481
Bm17339.1	WBGene00268482
Bm2802a.1	WBGene00223063
Bm2802b.1	WBGene00223063
Bm5535.1	WBGene00225796
Bm3308a.1	WBGene00223569
Bm3308b.1	WBGene00223569
Bm4233b.2	WBGene00224494
Bm4233a.2	WBGene00224494
Bm4233a.1	WBGene00224494
Bm4233b.1	WBGene00224494
Bm5569.1	WBGene00225830
Bm9702.1	WBGene00229963
Bm17340.1	WBGene00268483
Bm17341.1	WBGene00268484
Bm17342.1	WBGene00268485
Bm8514.1	WBGene00228775
Bm8514.2	WBGene00228775
Bm42.1	WBGene00220303
Bm3880.1	WBGene00224141
Bm9703.1	WBGene00229964
Bm17343.1	WBGene00268486
Bm17344.1	WBGene00268487
Bm893.1	WBGene00221154
Bm13447.1	WBGene00233708
Bm17345.1	WBGene00268488
Bm7801.1	WBGene00228062
Bm41b.1	WBGene00220302
Bm41a.1	WBGene00220302
Bm17346.1	WBGene00268489
Bm17347.1	WBGene00268490
Bm196.1	WBGene00220457
Bm197.1	WBGene00220458
Bm2102b.1	WBGene00222363
Bm2102a.1	WBGene00222363
Bm1145a.1	WBGene00221406
Bm1145d.1	WBGene00221406
Bm1145c.1	WBGene00221406
Bm1145b.1	WBGene00221406
Bm6986.1	WBGene00227247
Bm8758.1	WBGene00229019
Bm3813.1	WBGene00224074
Bm14013.1	WBGene00234274
Bm5359.1	WBGene00225620
Bm7891a.1	WBGene00228152
Bm7891b.1	WBGene00228152
Bm4715d.1	WBGene00224976
Bm4715b.1	WBGene00224976
Bm4715a.1	WBGene00224976
Bm4715c.1	WBGene00224976
Bm17348.1	WBGene00268491
Bm17348.2	WBGene00268491
Bm4382.1	WBGene00224643
Bm836a.1	WBGene00221097
Bm836b.1	WBGene00221097
Bm18195.1	WBGene00269341
Bm4378.1	WBGene00224639
Bm1103.1	WBGene00221364
Bm1160a.1	WBGene00221421
Bm1160b.1	WBGene00221421
Bm11467.1	WBGene00231728
Bm8503.1	WBGene00228764
Bm6416.1	WBGene00226677
Bm1947a.1	WBGene00222208
Bm1947e.1	WBGene00222208
Bm1947f.1	WBGene00222208
Bm1947c.1	WBGene00222208
Bm1947d.1	WBGene00222208
Bm1947b.1	WBGene00222208
Bm13097.1	WBGene00233358
Bm9863.1	WBGene00230124
Bm17349.1	WBGene00268492
Bm11307.1	WBGene00231568
Bm9862.1	WBGene00230123
Bm9861.1	WBGene00230122
Bm3262.1	WBGene00223523
Bm4605b.1	WBGene00224866
Bm4605a.1	WBGene00224866
Bm9860a.1	WBGene00230121
Bm9860b.1	WBGene00230121
Bm11317.1	WBGene00231578
Bm12647c.1	WBGene00232908
Bm12647d.1	WBGene00232908
Bm12647a.1	WBGene00232908
Bm12647e.1	WBGene00232908
Bm12647b.1	WBGene00232908
Bm9858a.1	WBGene00230119
Bm9858b.1	WBGene00230119
Bm6636.1	WBGene00226897
Bm7636.1	WBGene00227897
Bm453.1	WBGene00220714
Bm2168b.1	WBGene00222429
Bm2168a.1	WBGene00222429
Bm8641.1	WBGene00228902
Bm8642.1	WBGene00228903
Bm5816.1	WBGene00226077
Bm2331a.1	WBGene00222592
Bm2331b.1	WBGene00222592
Bm6479.1	WBGene00226740
Bm8644a.1	WBGene00228905
Bm8644b.1	WBGene00228905
Bm17350.1	WBGene00268493
Bm2406a.1	WBGene00222667
Bm2406b.2	WBGene00222667
Bm2406b.1	WBGene00222667
Bm2406c.1	WBGene00222667
Bm11476.1	WBGene00231737
Bm17351.1	WBGene00268494
Bm8263.1	WBGene00228524
Bm12263.1	WBGene00232524
Bm5820.1	WBGene00226081
Bm3276b.1	WBGene00223537
Bm3276c.1	WBGene00223537
Bm3276a.1	WBGene00223537
Bm10479.1	WBGene00230740
Bm6818.1	WBGene00227079
Bm5716.1	WBGene00225977
Bm6838.1	WBGene00227099
Bm13693.1	WBGene00233954
Bm10480.1	WBGene00230741
Bm4801c.1	WBGene00225062
Bm4801b.1	WBGene00225062
Bm4801a.1	WBGene00225062
Bm4801d.1	WBGene00225062
Bm283a.1	WBGene00220544
Bm283b.1	WBGene00220544
Bm9021.2	WBGene00229282
Bm9021.1	WBGene00229282
Bm7517a.1	WBGene00227778
Bm7517b.1	WBGene00227778
Bm6699.1	WBGene00226960
Bm1194.1	WBGene00221455
Bm5637.1	WBGene00225898
Bm2435.1	WBGene00222696
Bm13945.1	WBGene00234206
Bm13945.2	WBGene00234206
Bm9020a.1	WBGene00229281
Bm9020c.1	WBGene00229281
Bm9020b.1	WBGene00229281
Bm3174a.1	WBGene00223435
Bm3174c.1	WBGene00223435
Bm3174e.1	WBGene00223435
Bm3174b.1	WBGene00223435
Bm3174d.1	WBGene00223435
Bm9019.1	WBGene00229280
Bm18579.1	WBGene00304198
Bm2193a.1	WBGene00222454
Bm2193b.1	WBGene00222454
Bm3887.1	WBGene00224148
Bm8801a.1	WBGene00229062
Bm8801b.1	WBGene00229062
Bm6840.1	WBGene00227101
Bm7469.1	WBGene00227730
Bm6450.1	WBGene00226711
Bm7583.1	WBGene00227844
Bm6257.1	WBGene00226518
Bm2170.1	WBGene00222431
Bm7607a.1	WBGene00227868
Bm7607b.1	WBGene00227868
Bm10725.1	WBGene00230986
Bm17353.1	WBGene00268496
Bm10724.1	WBGene00230985
Bm1943a.1	WBGene00222204
Bm1943d.1	WBGene00222204
Bm1943c.1	WBGene00222204
Bm1943b.1	WBGene00222204
Bm4514a.1	WBGene00224775
Bm4514b.1	WBGene00224775
Bm5652.1	WBGene00225913
Bm3147.1	WBGene00223408
Bm7479.1	WBGene00227740
Bm1747a.1	WBGene00222008
Bm1747b.1	WBGene00222008
Bm7670b.1	WBGene00227931
Bm7670a.1	WBGene00227931
Bm3601.1	WBGene00223862
Bm10722.1	WBGene00230983
Bm13836.1	WBGene00234097
Bm10720.1	WBGene00230981
Bm1466.1	WBGene00221727
Bm6782.1	WBGene00227043
Bm10719.1	WBGene00230980
Bm12243a.1	WBGene00232504
Bm12243b.1	WBGene00232504
Bm3103.1	WBGene00223364
Bm3419a.1	WBGene00223680
Bm3419b.1	WBGene00223680
Bm6253.1	WBGene00226514
Bm17354.1	WBGene00268497
Bm17355.1	WBGene00268498
Bm628.1	WBGene00220889
Bm4445.1	WBGene00224706
Bm1915.1	WBGene00222176
Bm6475.1	WBGene00226736
Bm10739a.1	WBGene00231000
Bm10739b.1	WBGene00231000
Bm10739c.1	WBGene00231000
Bm8301a.1	WBGene00228562
Bm8301b.1	WBGene00228562
Bm8301e.1	WBGene00228562
Bm8301d.1	WBGene00228562
Bm8301f.1	WBGene00228562
Bm8301c.1	WBGene00228562
Bm17356.1	WBGene00268499
Bm14320.1	WBGene00234581
Bm12108.2	WBGene00232369
Bm12108.1	WBGene00232369
Bm12109.1	WBGene00232370
Bm883.1	WBGene00221144
Bm5733.1	WBGene00225994
Bm5731.1	WBGene00225992
Bm5732.1	WBGene00225993
Bm10738.1	WBGene00230999
Bm3479.1	WBGene00223740
Bm7642.1	WBGene00227903
Bm7642.2	WBGene00227903
Bm7641.1	WBGene00227902
Bm12656.1	WBGene00232917
Bm10735.1	WBGene00230996
Bm8399a.1	WBGene00228660
Bm8399b.1	WBGene00228660
Bm4635a.1	WBGene00224896
Bm4635b.1	WBGene00224896
Bm7467.1	WBGene00227728
Bm3026.1	WBGene00223287
Bm2956.1	WBGene00223217
Bm2956.2	WBGene00223217
Bm17357.1	WBGene00268500
Bm626.1	WBGene00220887
Bm10731.1	WBGene00230992
Bm6885.1	WBGene00227146
Bm5540.1	WBGene00225801
Bm150.1	WBGene00220411
Bm829.1	WBGene00221090
Bm6282b.1	WBGene00226543
Bm6282b.3	WBGene00226543
Bm6282b.2	WBGene00226543
Bm6282a.1	WBGene00226543
Bm5638.1	WBGene00225899
Bm9052.1	WBGene00229313
Bm288b.1	WBGene00220549
Bm288a.1	WBGene00220549
Bm6327.1	WBGene00226588
Bm13879.1	WBGene00234140
Bm13879.2	WBGene00234140
Bm9053.1	WBGene00229314
Bm4447.1	WBGene00224708
Bm9054.1	WBGene00229315
Bm9055.1	WBGene00229316
Bm9056b.1	WBGene00229317
Bm9056a.1	WBGene00229317
Bm13729.1	WBGene00233990
Bm7643a.1	WBGene00227904
Bm7643b.1	WBGene00227904
Bm4768.1	WBGene00225029
Bm13578.1	WBGene00233839
Bm2648.1	WBGene00222909
Bm8675.1	WBGene00228936
Bm2986.1	WBGene00223247
Bm18224.1	WBGene00269439
Bm2010	WBGene00222271
Bm2854a.1	WBGene00223115
Bm2854b.1	WBGene00223115
Bm14712.1	WBGene00235047
Bm2110a.1	WBGene00222371
Bm2110b.1	WBGene00222371
Bm7010.1	WBGene00227271
Bm7009.1	WBGene00227270
Bm13752.1	WBGene00234013
Bm2485.1	WBGene00222746
Bm2249.1	WBGene00222510
Bm2248.1	WBGene00222509
Bm2248.2	WBGene00222509
Bm2250.1	WBGene00222511
Bm2812.1	WBGene00223073
Bm6608.1	WBGene00226869
Bm14733.1	WBGene00235068
Bm8976.1	WBGene00229237
Bm7180a.1	WBGene00227441
Bm7180b.1	WBGene00227441
Bm5598.1	WBGene00225859
Bm6390.1	WBGene00226651
Bm6391.1	WBGene00226652
Bm7220.1	WBGene00227481
Bm13389a.1	WBGene00233650
Bm13389b.1	WBGene00233650
Bm13390.1	WBGene00233651
Bm1922b.1	WBGene00222183
Bm1922a.1	WBGene00222183
Bm1919a.1	WBGene00222180
Bm1919b.1	WBGene00222180
Bm1920a.1	WBGene00222181
Bm1920b.1	WBGene00222181
Bm1920c.1	WBGene00222181
Bm8978.1	WBGene00229239
Bm13391.1	WBGene00233652
Bm1551.1	WBGene00221812
Bm13065.1	WBGene00233326
Bm7544.1	WBGene00227805
Bm11351.1	WBGene00231612
Bm403.1	WBGene00220664
Bm6451.1	WBGene00226712
Bm9590.1	WBGene00229851
Bm2433.1	WBGene00222694
Bm9591.1	WBGene00229852
Bm17358.1	WBGene00268501
Bm404.1	WBGene00220665
Bm7218.1	WBGene00227479
Bm3978.1	WBGene00224239
Bm1260.1	WBGene00221521
Bm5755.1	WBGene00226016
Bm3957.1	WBGene00224218
Bm9593.1	WBGene00229854
Bm9594.1	WBGene00229855
Bm10646.1	WBGene00230907
Bm10645.1	WBGene00230906
Bm10644.1	WBGene00230905
Bm17359.1	WBGene00268502
Bm17360.1	WBGene00268503
Bm10647.1	WBGene00230908
Bm17361.1	WBGene00268504
Bm4936a.1	WBGene00225197
Bm4936b.1	WBGene00225197
Bm3679.1	WBGene00223940
Bm5981.1	WBGene00226242
Bm10649.1	WBGene00230910
Bm10649.2	WBGene00230910
Bm10650.1	WBGene00230911
Bm6212.1	WBGene00226473
Bm16948b.1	WBGene00255604
Bm16948a.1	WBGene00255604
Bm3650a.1	WBGene00223911
Bm3650a.2	WBGene00223911
Bm3650b.1	WBGene00223911
Bm10651.1	WBGene00230912
Bm10652.1	WBGene00230913
Bm10653.1	WBGene00230914
Bm2684.1	WBGene00222945
Bm6061.1	WBGene00226322
Bm4817a.1	WBGene00225078
Bm4817b.1	WBGene00225078
Bm17362.1	WBGene00268505
Bm6610.1	WBGene00226871
Bm4695b.1	WBGene00224956
Bm4695a.1	WBGene00224956
Bm2857.1	WBGene00223118
Bm17363.1	WBGene00268506
Bm14249.1	WBGene00234510
Bm17364.1	WBGene00268507
Bm10655.1	WBGene00230916
Bm14250.1	WBGene00234511
Bm10657.1	WBGene00230918
Bm4436.1	WBGene00224697
Bm10658.1	WBGene00230919
Bm10659.1	WBGene00230920
Bm5956.1	WBGene00226217
Bm10660.1	WBGene00230921
Bm10661.1	WBGene00230922
Bm10662.1	WBGene00230923
Bm4511a.1	WBGene00224772
Bm4511b.1	WBGene00224772
Bm2620b.1	WBGene00222881
Bm2620a.1	WBGene00222881
Bm2614.1	WBGene00222875
Bm2664.1	WBGene00222925
Bm2663a.1	WBGene00222924
Bm2663b.1	WBGene00222924
Bm7448.1	WBGene00227709
Bm4515.1	WBGene00224776
Bm17365.1	WBGene00268508
Bm17366.1	WBGene00268509
Bm18119	WBGene00269259
Bm18121.1	WBGene00269261
Bm17367.1	WBGene00268510
Bm17368.1	WBGene00268511
Bm10112.1	WBGene00230373
Bm10664.1	WBGene00230925
Bm3476.1	WBGene00223737
Bm13888.1	WBGene00234149
Bm13888.2	WBGene00234149
Bm5870.1	WBGene00226131
Bm7804b.1	WBGene00228065
Bm7804a.1	WBGene00228065
Bm2768b.1	WBGene00223029
Bm2768a.1	WBGene00223029
Bm13117.1	WBGene00233378
Bm9895a	WBGene00230156
Bm9895b	WBGene00230156
Bm17369.1	WBGene00268512
Bm10114.1	WBGene00230375
Bm12184.1	WBGene00232445
Bm17370.1	WBGene00268513
Bm3328.1	WBGene00223589
Bm5713a.1	WBGene00225974
Bm5713b.1	WBGene00225974
Bm2483.1	WBGene00222744
Bm2482.1	WBGene00222743
Bm3327.1	WBGene00223588
Bm13663.1	WBGene00233924
Bm5960.1	WBGene00226221
Bm1365.1	WBGene00221626
Bm10726.1	WBGene00230987
Bm5961.1	WBGene00226222
Bm4119.1	WBGene00224380
Bm3234.1	WBGene00223495
Bm624b.1	WBGene00220885
Bm624a.1	WBGene00220885
Bm10727.1	WBGene00230988
Bm625.1	WBGene00220886
Bm7074a.1	WBGene00227335
Bm7074b.1	WBGene00227335
Bm1467.1	WBGene00221728
Bm5873.1	WBGene00226134
Bm10728.1	WBGene00230989
Bm5426a.1	WBGene00225687
Bm5426b.1	WBGene00225687
Bm13940.1	WBGene00234201
Bm7353.1	WBGene00227614
Bm14258.1	WBGene00234519
Bm4736.1	WBGene00224997
Bm4729a.1	WBGene00224990
Bm4729b.1	WBGene00224990
Bm4488.1	WBGene00224749
Bm17371.1	WBGene00268514
Bm2445a.1	WBGene00222706
Bm2445b.1	WBGene00222706
Bm8463a.1	WBGene00228724
Bm8463b.1	WBGene00228724
Bm5933.1	WBGene00226194
Bm6076.1	WBGene00226337
Bm8835.1	WBGene00229096
Bm2660.1	WBGene00222921
Bm6598.1	WBGene00226859
Bm2930.1	WBGene00223191
Bm7896.1	WBGene00228157
Bm5642a.1	WBGene00225903
Bm5642b.1	WBGene00225903
Bm5642c.1	WBGene00225903
Bm7897b.1	WBGene00228158
Bm7897b.2	WBGene00228158
Bm7897a.1	WBGene00228158
Bm2745.1	WBGene00223006
Bm11378a.1	WBGene00231639
Bm11378b.1	WBGene00231639
Bm1997a.1	WBGene00222258
Bm1997c.1	WBGene00222258
Bm1997b.1	WBGene00222258
Bm7898.1	WBGene00228159
Bm3238.1	WBGene00223499
Bm4844.1	WBGene00225105
Bm13876.1	WBGene00234137
Bm4668.1	WBGene00224929
Bm4842.1	WBGene00225103
Bm13665.1	WBGene00233926
Bm14054a.1	WBGene00234315
Bm14054a.2	WBGene00234315
Bm14054b.1	WBGene00234315
Bm5328.1	WBGene00225589
Bm7899.1	WBGene00228160
Bm17373.1	WBGene00268516
Bm205.1	WBGene00220466
Bm7423a.1	WBGene00227684
Bm7423b.1	WBGene00227684
Bm7423c.1	WBGene00227684
Bm1153.1	WBGene00221414
Bm5016.1	WBGene00225277
Bm8264.1	WBGene00228525
Bm16892.1	WBGene00236804
Bm7936.1	WBGene00228197
Bm7937.1	WBGene00228198
Bm4054a.1	WBGene00224315
Bm4054b.1	WBGene00224315
Bm4054c.1	WBGene00224315
Bm1980.1	WBGene00222241
Bm11102.1	WBGene00231363
Bm11102.2	WBGene00231363
Bm9104.1	WBGene00229365
Bm9103.1	WBGene00229364
Bm5772.1	WBGene00226033
Bm4543.1	WBGene00224804
Bm5393.1	WBGene00225654
Bm4444.1	WBGene00224705
Bm13883.1	WBGene00234144
Bm9102a.1	WBGene00229363
Bm9102b.1	WBGene00229363
Bm9101b.1	WBGene00229362
Bm9101a.1	WBGene00229362
Bm296.1	WBGene00220557
Bm6985.1	WBGene00227246
Bm14696.1	WBGene00235031
Bm6456b.1	WBGene00226717
Bm6456a.1	WBGene00226717
Bm17374.1	WBGene00268517
Bm6405.1	WBGene00226666
Bm17375.1	WBGene00268518
Bm7156.1	WBGene00227417
Bm9099.1	WBGene00229360
Bm4197a.1	WBGene00224458
Bm4197b.1	WBGene00224458
Bm9098d.1	WBGene00229359
Bm9098c.1	WBGene00229359
Bm9098a.1	WBGene00229359
Bm9098b.1	WBGene00229359
Bm3986.1	WBGene00224247
Bm17376.1	WBGene00268519
Bm6066b.1	WBGene00226327
Bm6066a.1	WBGene00226327
Bm4179.1	WBGene00224440
Bm17377.1	WBGene00268520
Bm4079.1	WBGene00224340
Bm17378.1	WBGene00268521
Bm3263a.1	WBGene00223524
Bm3263b.1	WBGene00223524
Bm1796d.1	WBGene00222057
Bm1796a.1	WBGene00222057
Bm1796b.1	WBGene00222057
Bm1796c.1	WBGene00222057
Bm1796e.1	WBGene00222057
Bm1796f.1	WBGene00222057
Bm1796g.1	WBGene00222057
Bm1796h.1	WBGene00222057
Bm12134.1	WBGene00232395
Bm10895.1	WBGene00231156
Bm10894.1	WBGene00231155
Bm10894.2	WBGene00231155
Bm10893b.1	WBGene00231154
Bm10893a.1	WBGene00231154
Bm10893b.2	WBGene00231154
Bm10893b.3	WBGene00231154
Bm10892.1	WBGene00231153
Bm17068.1	WBGene00255710
Bm5714a.1	WBGene00225975
Bm5714b.1	WBGene00225975
Bm5715.1	WBGene00225976
Bm13690.1	WBGene00233951
Bm5355.1	WBGene00225616
Bm18132.1	WBGene00269272
Bm5347a.1	WBGene00225608
Bm5347b.1	WBGene00225608
Bm5347c.1	WBGene00225608
Bm4778a.1	WBGene00225039
Bm4778b.1	WBGene00225039
Bm7112.1	WBGene00227373
Bm10891.1	WBGene00231152
Bm10890.1	WBGene00231151
Bm2724.1	WBGene00222985
Bm2633.1	WBGene00222894
Bm3896.1	WBGene00224157
Bm2666a.1	WBGene00222927
Bm2666b.1	WBGene00222927
Bm14107.1	WBGene00234368
Bm8291.1	WBGene00228552
Bm10887.1	WBGene00231148
Bm4721b.1	WBGene00224982
Bm4721a.1	WBGene00224982
Bm678a.1	WBGene00220939
Bm678b.1	WBGene00220939
Bm10886a.1	WBGene00231147
Bm10886b.1	WBGene00231147
Bm10885a.1	WBGene00231146
Bm10885b.1	WBGene00231146
Bm16888.1	WBGene00236790
Bm6334a.1	WBGene00226595
Bm6334b.1	WBGene00226595
Bm6334c.1	WBGene00226595
Bm2578.1	WBGene00222839
Bm2578.2	WBGene00222839
Bm14031.1	WBGene00234292
Bm1492a.1	WBGene00221753
Bm1492b.1	WBGene00221753
Bm10884.1	WBGene00231145
Bm10884.2	WBGene00231145
Bm2612b.1	WBGene00222873
Bm2612a.1	WBGene00222873
Bm3952a.1	WBGene00224213
Bm3952c.1	WBGene00224213
Bm3952b.1	WBGene00224213
Bm6884.1	WBGene00227145
Bm5383.1	WBGene00225644
Bm13300.1	WBGene00233561
Bm7085.1	WBGene00227346
Bm4081.1	WBGene00224342
Bm5432a.1	WBGene00225693
Bm5432b.1	WBGene00225693
Bm675.1	WBGene00220936
Bm2453.1	WBGene00222714
Bm4690b.1	WBGene00224951
Bm4690a.1	WBGene00224951
Bm2014.1	WBGene00222275
Bm14278.1	WBGene00234539
Bm6480a.1	WBGene00226741
Bm6480b.1	WBGene00226741
Bm5975.1	WBGene00226236
Bm674a.1	WBGene00220935
Bm674b.1	WBGene00220935
Bm674a.3	WBGene00220935
Bm674a.2	WBGene00220935
Bm5773.1	WBGene00226034
Bm10882.1	WBGene00231143
Bm10881.1	WBGene00231142
Bm2784a.1	WBGene00223045
Bm2784b.1	WBGene00223045
Bm10880b.1	WBGene00231141
Bm10880a.1	WBGene00231141
Bm5843.2	WBGene00226104
Bm5843.1	WBGene00226104
Bm4375c.1	WBGene00224636
Bm4375b.1	WBGene00224636
Bm4375d.1	WBGene00224636
Bm4375e.1	WBGene00224636
Bm4375a.1	WBGene00224636
Bm10879a.1	WBGene00231140
Bm10879b.1	WBGene00231140
Bm10878.1	WBGene00231139
Bm14428.1	WBGene00234689
Bm16902.1	WBGene00255377
Bm1488.1	WBGene00221749
Bm1488.2	WBGene00221749
Bm7287.1	WBGene00227548
Bm18140b.1	WBGene00269280
Bm7622.1	WBGene00227883
Bm18140a.1	WBGene00269280
Bm14050a.1	WBGene00234311
Bm14050b.1	WBGene00234311
Bm14050a.2	WBGene00234311
Bm14050b.2	WBGene00234311
Bm13851.1	WBGene00234112
Bm7696a.1	WBGene00227957
Bm7696b.1	WBGene00227957
Bm18196.1	WBGene00269342
Bm18197.1	WBGene00269343
Bm10875.1	WBGene00231136
Bm10874.1	WBGene00231135
Bm5590.1	WBGene00225851
Bm1537b.1	WBGene00221798
Bm1537c.1	WBGene00221798
Bm1537a.1	WBGene00221798
Bm13741.1	WBGene00234002
Bm13741.2	WBGene00234002
Bm10872b.1	WBGene00231133
Bm10872a.1	WBGene00231133
Bm1783c.1	WBGene00222044
Bm1783f.1	WBGene00222044
Bm1783a.1	WBGene00222044
Bm1783b.1	WBGene00222044
Bm1783d.1	WBGene00222044
Bm1783e.1	WBGene00222044
Bm3237d.1	WBGene00223498
Bm3237b.1	WBGene00223498
Bm3237c.1	WBGene00223498
Bm3237a.1	WBGene00223498
Bm16920.1	WBGene00255463
Bm16920.2	WBGene00255463
Bm5955.1	WBGene00226216
Bm13753.1	WBGene00234014
Bm10871.1	WBGene00231132
Bm6807.1	WBGene00227068
Bm10870.1	WBGene00231131
Bm18176.1	WBGene00269316
Bm2600b.1	WBGene00222861
Bm2600a.1	WBGene00222861
Bm1774.1	WBGene00222035
Bm1773.1	WBGene00222034
Bm2816.1	WBGene00223077
Bm10869.1	WBGene00231130
Bm14276.1	WBGene00234537
Bm13963.1	WBGene00234224
Bm13985.1	WBGene00234246
Bm9885.1	WBGene00230146
Bm2455a.1	WBGene00222716
Bm2455b.1	WBGene00222716
Bm9884.1	WBGene00230145
Bm3576a.1	WBGene00223837
Bm3576b.1	WBGene00223837
Bm2018.1	WBGene00222279
Bm4367.1	WBGene00224628
Bm9883.1	WBGene00230144
Bm9882.1	WBGene00230143
Bm7709.1	WBGene00227970
Bm13099.1	WBGene00233360
Bm9880.1	WBGene00230141
Bm9879.1	WBGene00230140
Bm9878.1	WBGene00230139
Bm2621.1	WBGene00222882
Bm17379.1	WBGene00268522
Bm7624b.1	WBGene00227885
Bm7624a.1	WBGene00227885
Bm7624c.1	WBGene00227885
Bm7624d.1	WBGene00227885
Bm9877.1	WBGene00230138
Bm13795.1	WBGene00234056
Bm18187.1	WBGene00269327
Bm1977a.1	WBGene00222238
Bm1977b.1	WBGene00222238
Bm457a.1	WBGene00220718
Bm1977d.1	WBGene00222238
Bm457b.1	WBGene00220718
Bm1977c.1	WBGene00222238
Bm6541a.1	WBGene00226802
Bm6541b.1	WBGene00226802
Bm3146a.1	WBGene00223407
Bm3146b.1	WBGene00223407
Bm9875a.1	WBGene00230136
Bm9875b.1	WBGene00230136
Bm5897b.1	WBGene00226158
Bm5897a.1	WBGene00226158
Bm3205b.1	WBGene00223466
Bm3205c.1	WBGene00223466
Bm3205d.1	WBGene00223466
Bm3205a.1	WBGene00223466
Bm9874a.1	WBGene00230135
Bm9874b.1	WBGene00230135
Bm9873a.1	WBGene00230134
Bm1744d.1	WBGene00222005
Bm9873b.1	WBGene00230134
Bm1744d.2	WBGene00222005
Bm1744c.1	WBGene00222005
Bm1744a.1	WBGene00222005
Bm1744b.1	WBGene00222005
Bm14699.1	WBGene00235034
Bm4089a.1	WBGene00224350
Bm4089b.1	WBGene00224350
Bm4089c.1	WBGene00224350
Bm13799.2	WBGene00234060
Bm13799.3	WBGene00234060
Bm13799.1	WBGene00234060
Bm16942b.1	WBGene00255591
Bm16942a.1	WBGene00255591
Bm16942a.2	WBGene00255591
Bm16942b.2	WBGene00255591
Bm13769.1	WBGene00234030
Bm2247.1	WBGene00222508
Bm9872b.1	WBGene00230133
Bm9872a.1	WBGene00230133
Bm9872c.1	WBGene00230133
Bm6223a.1	WBGene00226484
Bm6223b.1	WBGene00226484
Bm6223b.2	WBGene00226484
Bm6223b.3	WBGene00226484
Bm6223c.1	WBGene00226484
Bm9871.2	WBGene00230132
Bm9871.1	WBGene00230132
Bm7506a.1	WBGene00227767
Bm7506b.1	WBGene00227767
Bm13818.1	WBGene00234079
Bm1316.1	WBGene00221577
Bm3895b.2	WBGene00224156
Bm3895b.1	WBGene00224156
Bm3895a.1	WBGene00224156
Bm9870a.1	WBGene00230131
Bm9870b.1	WBGene00230131
Bm17380.1	WBGene00268523
Bm4541a.1	WBGene00224802
Bm4541b.1	WBGene00224802
Bm4123a.1	WBGene00224384
Bm4123b.1	WBGene00224384
Bm7028.1	WBGene00227289
Bm9869b.1	WBGene00230130
Bm9869a.1	WBGene00230130
Bm13916.1	WBGene00234177
Bm1315.1	WBGene00221576
Bm3846a.1	WBGene00224107
Bm3846b.1	WBGene00224107
Bm13263.1	WBGene00233524
Bm4041a.1	WBGene00224302
Bm4041b.1	WBGene00224302
Bm6692b.1	WBGene00226953
Bm6692a.1	WBGene00226953
Bm18576a.1	WBGene00303427
Bm18576b.1	WBGene00303427
Bm1817.1	WBGene00222078
Bm5869.1	WBGene00226130
Bm9868.1	WBGene00230129
Bm9867.1	WBGene00230128
Bm5872.1	WBGene00226133
Bm18133.1	WBGene00269273
Bm9866.1	WBGene00230127
Bm10711b.1	WBGene00230972
Bm10711a.1	WBGene00230972
Bm5871.1	WBGene00226132
Bm1465.2	WBGene00221726
Bm1465.1	WBGene00221726
Bm5140a.1	WBGene00225401
Bm5140b.1	WBGene00225401
Bm5140c.1	WBGene00225401
Bm1465.3	WBGene00221726
Bm5282a.1	WBGene00225543
Bm5282b.1	WBGene00225543
Bm10709b.1	WBGene00230970
Bm10709a.1	WBGene00230970
Bm18170a.1	WBGene00269310
Bm18170b.1	WBGene00269310
Bm621b.1	WBGene00220882
Bm621a.1	WBGene00220882
Bm10708.1	WBGene00230969
Bm1749a.1	WBGene00222010
Bm1749b.1	WBGene00222010
Bm13531.2	WBGene00233792
Bm13531.1	WBGene00233792
Bm3510.1	WBGene00223771
Bm2404a.1	WBGene00222665
Bm2404b.1	WBGene00222665
Bm2405.1	WBGene00222666
Bm4513a.1	WBGene00224774
Bm4513b.1	WBGene00224774
Bm18103.1	WBGene00269243
Bm18103.2	WBGene00269243
Bm8333b.1	WBGene00228594
Bm8333a.1	WBGene00228594
Bm2827.1	WBGene00223088
Bm7521b.1	WBGene00227782
Bm7521a.1	WBGene00227782
Bm5541.1	WBGene00225802
Bm14257.1	WBGene00234518
Bm18169.1	WBGene00269309
Bm3642a.1	WBGene00223903
Bm3642b.1	WBGene00223903
Bm10703.1	WBGene00230964
Bm10702.1	WBGene00230963
Bm4816.1	WBGene00225077
Bm5645b.1	WBGene00225906
Bm5645a.1	WBGene00225906
Bm6863.1	WBGene00227124
Bm5281.1	WBGene00225542
Bm4122b.1	WBGene00224383
Bm4122a.1	WBGene00224383
Bm4122c.1	WBGene00224383
Bm1464.1	WBGene00221725
Bm10700.1	WBGene00230961
Bm10699.1	WBGene00230960
Bm10698.1	WBGene00230959
Bm4346a.1	WBGene00224607
Bm4346b.1	WBGene00224607
Bm18198b.1	WBGene00269344
Bm18198c.1	WBGene00269344
Bm18198a.1	WBGene00269344
Bm4584.1	WBGene00224845
Bm7512.1	WBGene00227773
Bm5052a.1	WBGene00225313
Bm5052b.1	WBGene00225313
Bm5526.1	WBGene00225787
Bm5982.1	WBGene00226243
Bm3675.1	WBGene00223936
Bm5139b.1	WBGene00225400
Bm5139a.1	WBGene00225400
Bm3886.1	WBGene00224147
Bm3886.2	WBGene00224147
Bm619a.1	WBGene00220880
Bm619c.1	WBGene00220880
Bm619b.1	WBGene00220880
Bm4248a.1	WBGene00224509
Bm4248b.1	WBGene00224509
Bm7561b.1	WBGene00227822
Bm7561a.1	WBGene00227822
Bm4049.1	WBGene00224310
Bm4048b.1	WBGene00224309
Bm4048a.1	WBGene00224309
Bm6559a.1	WBGene00226820
Bm6559b.1	WBGene00226820
Bm5857.1	WBGene00226118
Bm5940.1	WBGene00226201
Bm5856a.1	WBGene00226117
Bm5856b.1	WBGene00226117
Bm6871.1	WBGene00227132
Bm14701.1	WBGene00235036
Bm6328b.1	WBGene00226589
Bm6328a.1	WBGene00226589
Bm10697.1	WBGene00230958
Bm13938b.1	WBGene00234199
Bm13938a.1	WBGene00234199
Bm13938c.1	WBGene00234199
Bm5726b.1	WBGene00225987
Bm5726a.1	WBGene00225987
Bm5726c.1	WBGene00225987
Bm5726d.1	WBGene00225987
Bm7468.1	WBGene00227729
Bm618a.1	WBGene00220879
Bm618c.1	WBGene00220879
Bm618b.1	WBGene00220879
Bm2145.1	WBGene00222406
Bm13855.1	WBGene00234116
Bm2503.1	WBGene00222764
Bm10696.1	WBGene00230957
Bm10695a.1	WBGene00230956
Bm10695b.1	WBGene00230956
Bm10695c.1	WBGene00230956
Bm617.1	WBGene00220878
Bm6816b.1	WBGene00227077
Bm6816a.1	WBGene00227077
Bm616.1	WBGene00220877
Bm6712.1	WBGene00226973
Bm10694.1	WBGene00230955
Bm2253a.1	WBGene00222514
Bm2253b.1	WBGene00222514
Bm1462.1	WBGene00221723
Bm1462.2	WBGene00221723
Bm2252a.1	WBGene00222513
Bm2252b.1	WBGene00222513
Bm4718.1	WBGene00224979
Bm1461.1	WBGene00221722
Bm1461.2	WBGene00221722
Bm8597c.2	WBGene00228858
Bm8597b.1	WBGene00228858
Bm8597a.1	WBGene00228858
Bm8597c.1	WBGene00228858
Bm4047.1	WBGene00224308
Bm1139.1	WBGene00221400
Bm11210.1	WBGene00231471
Bm14120.1	WBGene00234381
Bm11227b.1	WBGene00231488
Bm11227a.1	WBGene00231488
Bm11227c.1	WBGene00231488
Bm3511a.1	WBGene00223772
Bm3511c.1	WBGene00223772
Bm3511d.1	WBGene00223772
Bm3511b.1	WBGene00223772
Bm970.1	WBGene00221231
Bm3506.1	WBGene00223767
Bm612.1	WBGene00220873
Bm13722.2	WBGene00233983
Bm13722.1	WBGene00233983
Bm3976.1	WBGene00224237
Bm14255.1	WBGene00234516
Bm17381a.1	WBGene00268524
Bm17381b.1	WBGene00268524
Bm1459.1	WBGene00221720
Bm17382.1	WBGene00268525
Bm10691.1	WBGene00230952
Bm6601.1	WBGene00226862
Bm1765a.1	WBGene00222026
Bm1765b.1	WBGene00222026
Bm1850a.1	WBGene00222111
Bm1850b.1	WBGene00222111
Bm1850c.1	WBGene00222111
Bm10690a.1	WBGene00230951
Bm10690b.1	WBGene00230951
Bm5142.1	WBGene00225403
Bm5142.2	WBGene00225403
Bm5141a.1	WBGene00225402
Bm5141b.1	WBGene00225402
Bm6742.1	WBGene00227003
Bm5174b.1	WBGene00225435
Bm5174a.1	WBGene00225435
Bm965a.1	WBGene00221226
Bm965b.1	WBGene00221226
Bm1457.1	WBGene00221718
Bm5186a.1	WBGene00225447
Bm5186b.1	WBGene00225447
Bm1454b.1	WBGene00221715
Bm1454a.1	WBGene00221715
Bm13153.1	WBGene00233414
Bm6939a.1	WBGene00227200
Bm6939b.1	WBGene00227200
Bm14253.1	WBGene00234514
Bm1762b.1	WBGene00222023
Bm1762a.1	WBGene00222023
Bm5648.1	WBGene00225909
Bm601.1	WBGene00220862
Bm11402a.1	WBGene00231663
Bm11402b.1	WBGene00231663
Bm7364a.1	WBGene00227625
Bm7364b.1	WBGene00227625
Bm1766a.1	WBGene00222027
Bm1766c.1	WBGene00222027
Bm1766d.1	WBGene00222027
Bm1766b.1	WBGene00222027
Bm6597.1	WBGene00226858
Bm18110a.1	WBGene00269250
Bm18110b.1	WBGene00269250
Bm4347.1	WBGene00224608
Bm4348a.1	WBGene00224609
Bm4348b.1	WBGene00224609
Bm6329.1	WBGene00226590
Bm1816a.1	WBGene00222077
Bm1816b.1	WBGene00222077
Bm1816a.2	WBGene00222077
Bm1816b.2	WBGene00222077
Bm1816c.1	WBGene00222077
Bm1816f.1	WBGene00222077
Bm1816d.1	WBGene00222077
Bm1816g.1	WBGene00222077
Bm1816e.1	WBGene00222077
Bm10676a.1	WBGene00230937
Bm10676b.1	WBGene00230937
Bm3330a.1	WBGene00223591
Bm3330b.1	WBGene00223591
Bm10677.1	WBGene00230938
Bm3330d.1	WBGene00223591
Bm3330c.1	WBGene00223591
Bm3330e.1	WBGene00223591
Bm3330f.1	WBGene00223591
Bm5217a.1	WBGene00225478
Bm5217b.1	WBGene00225478
Bm10679b.1	WBGene00230940
Bm10679a.1	WBGene00230940
Bm604a.1	WBGene00220865
Bm604b.1	WBGene00220865
Bm6708.1	WBGene00226969
Bm6709.1	WBGene00226970
Bm10680.1	WBGene00230941
Bm7219.1	WBGene00227480
Bm10681.1	WBGene00230942
Bm6680.1	WBGene00226941
Bm7612.1	WBGene00227873
Bm7613.1	WBGene00227874
Bm7635.1	WBGene00227896
Bm6861.1	WBGene00227122
Bm10683.3	WBGene00230944
Bm10683.1	WBGene00230944
Bm10683.2	WBGene00230944
Bm605.1	WBGene00220866
Bm7634b.1	WBGene00227895
Bm7634a.1	WBGene00227895
Bm18598.1	WBGene00304801
Bm5419c.1	WBGene00225680
Bm5419a.1	WBGene00225680
Bm5419b.1	WBGene00225680
Bm5419a.2	WBGene00225680
Bm606.1	WBGene00220867
Bm2302a.1	WBGene00222563
Bm2302b.1	WBGene00222563
Bm2302c.1	WBGene00222563
Bm2302d.1	WBGene00222563
Bm10684.1	WBGene00230945
Bm1771.1	WBGene00222032
Bm1777a.1	WBGene00222038
Bm1777b.1	WBGene00222038
Bm10685b.1	WBGene00230946
Bm10685a.1	WBGene00230946
Bm6772.2	WBGene00227033
Bm6772.1	WBGene00227033
Bm16923.1	WBGene00255501
Bm16924.1	WBGene00255502
Bm6213.1	WBGene00226474
Bm4989.1	WBGene00225250
Bm6844a.1	WBGene00227105
Bm6844b.1	WBGene00227105
Bm6844c.1	WBGene00227105
Bm7029a.1	WBGene00227290
Bm7029b.1	WBGene00227290
Bm13527.1	WBGene00233788
Bm13154.1	WBGene00233415
Bm4645a.2	WBGene00224906
Bm4645b.2	WBGene00224906
Bm4645b.1	WBGene00224906
Bm4645c.1	WBGene00224906
Bm4645a.1	WBGene00224906
Bm4645d.1	WBGene00224906
Bm10686b.1	WBGene00230947
Bm10686a.1	WBGene00230947
Bm10686c.1	WBGene00230947
Bm10687.1	WBGene00230948
Bm13732.2	WBGene00233993
Bm13732.1	WBGene00233993
Bm13732.3	WBGene00233993
Bm4991a.1	WBGene00225252
Bm4991b.1	WBGene00225252
Bm13732.4	WBGene00233993
Bm5159a.1	WBGene00225420
Bm5159b.1	WBGene00225420
Bm5331.1	WBGene00225592
Bm5330.1	WBGene00225591
Bm6434a.1	WBGene00226695
Bm6434b.1	WBGene00226695
Bm5332c.2	WBGene00225593
Bm5332a.1	WBGene00225593
Bm5332c.1	WBGene00225593
Bm5332d.1	WBGene00225593
Bm5332b.1	WBGene00225593
Bm10688a.1	WBGene00230949
Bm10688b.1	WBGene00230949
Bm5329.1	WBGene00225590
Bm3261a.1	WBGene00223522
Bm3261b.1	WBGene00223522
Bm3892.1	WBGene00224153
Bm1815.1	WBGene00222076
Bm13810.1	WBGene00234071
Bm2668.1	WBGene00222929
Bm609a.1	WBGene00220870
Bm609b.1	WBGene00220870
Bm1901a.1	WBGene00222162
Bm1901b.1	WBGene00222162
Bm5396.1	WBGene00225657
Bm10675b.1	WBGene00230936
Bm10675d.1	WBGene00230936
Bm10675a.1	WBGene00230936
Bm10675c.1	WBGene00230936
Bm5334.1	WBGene00225595
Bm1960.1	WBGene00222221
Bm5172.1	WBGene00225433
Bm8359a.1	WBGene00228620
Bm8359b.1	WBGene00228620
Bm4731.1	WBGene00224992
Bm5530.1	WBGene00225791
Bm5529.1	WBGene00225790
Bm12000a.1	WBGene00232261
Bm12000c.1	WBGene00232261
Bm12000b.1	WBGene00232261
Bm10862.1	WBGene00231123
Bm2780a.1	WBGene00223041
Bm2780b.1	WBGene00223041
Bm2780b.2	WBGene00223041
Bm5012b.1	WBGene00225273
Bm5012a.1	WBGene00225273
Bm17383.1	WBGene00268526
Bm10861.1	WBGene00231122
Bm1486b.1	WBGene00221747
Bm1486c.1	WBGene00221747
Bm1486d.1	WBGene00221747
Bm1486f.1	WBGene00221747
Bm1486a.1	WBGene00221747
Bm1486e.1	WBGene00221747
Bm13991a.1	WBGene00234252
Bm13991c.1	WBGene00234252
Bm13991b.1	WBGene00234252
Bm3509.1	WBGene00223770
Bm17384.1	WBGene00268527
Bm17384.2	WBGene00268527
Bm17384.3	WBGene00268527
Bm2323a.1	WBGene00222584
Bm2323b.1	WBGene00222584
Bm7291.1	WBGene00227552
Bm5531b.1	WBGene00225792
Bm5531c.1	WBGene00225792
Bm5531a.1	WBGene00225792
Bm7290a.1	WBGene00227551
Bm7290b.1	WBGene00227551
Bm10860a.1	WBGene00231121
Bm10860c.1	WBGene00231121
Bm10860b.1	WBGene00231121
Bm5508.1	WBGene00225769
Bm5508.3	WBGene00225769
Bm5508.2	WBGene00225769
Bm5508.4	WBGene00225769
Bm5508.5	WBGene00225769
Bm7445c.1	WBGene00227706
Bm7445d.1	WBGene00227706
Bm7445a.1	WBGene00227706
Bm7445b.1	WBGene00227706
Bm13173.1	WBGene00233434
Bm6607.1	WBGene00226868
Bm2228a.1	WBGene00222489
Bm2228b.1	WBGene00222489
Bm10859.1	WBGene00231120
Bm5080a.1	WBGene00225341
Bm5080b.1	WBGene00225341
Bm2167a.1	WBGene00222428
Bm2167b.1	WBGene00222428
Bm10858.1	WBGene00231119
Bm6059a.1	WBGene00226320
Bm6059b.1	WBGene00226320
Bm17385.1	WBGene00268528
Bm3507.1	WBGene00223768
Bm10857.1	WBGene00231118
Bm10856b.1	WBGene00231117
Bm10856a.1	WBGene00231117
Bm10856c.1	WBGene00231117
Bm2456e.1	WBGene00222717
Bm2456e.2	WBGene00222717
Bm2456c.1	WBGene00222717
Bm2456a.1	WBGene00222717
Bm2456f.1	WBGene00222717
Bm2456b.1	WBGene00222717
Bm2456h.1	WBGene00222717
Bm2456g.1	WBGene00222717
Bm2456d.1	WBGene00222717
Bm7633.1	WBGene00227894
Bm2263a.1	WBGene00222524
Bm2263b.1	WBGene00222524
Bm2263c.1	WBGene00222524
Bm2263d.1	WBGene00222524
Bm6443.1	WBGene00226704
Bm6138b.1	WBGene00226399
Bm6138a.1	WBGene00226399
Bm2704.1	WBGene00222965
Bm12004d.1	WBGene00232265
Bm12004c.1	WBGene00232265
Bm12004a.1	WBGene00232265
Bm12004b.1	WBGene00232265
Bm2683.1	WBGene00222944
Bm3627.1	WBGene00223888
Bm3546.1	WBGene00223807
Bm7453.1	WBGene00227714
Bm7457.1	WBGene00227718
Bm3420a.1	WBGene00223681
Bm3420b.1	WBGene00223681
Bm3760.1	WBGene00224021
Bm6447b.1	WBGene00226708
Bm6447a.1	WBGene00226708
Bm7783.1	WBGene00228044
Bm7784b.1	WBGene00228045
Bm7784f.1	WBGene00228045
Bm7784e.1	WBGene00228045
Bm7784d.1	WBGene00228045
Bm7784c.1	WBGene00228045
Bm7784a.1	WBGene00228045
Bm7784g.1	WBGene00228045
Bm2434.1	WBGene00222695
Bm10854.1	WBGene00231115
Bm5128.1	WBGene00225389
Bm10853.1	WBGene00231114
Bm7313.1	WBGene00227574
Bm10852.1	WBGene00231113
Bm2056b.2	WBGene00222317
Bm2056a.1	WBGene00222317
Bm2056c.1	WBGene00222317
Bm2056b.1	WBGene00222317
Bm2056d.1	WBGene00222317
Bm1745b.1	WBGene00222006
Bm1745a.1	WBGene00222006
Bm7450.1	WBGene00227711
Bm14685a.1	WBGene00235020
Bm14685b.1	WBGene00235020
Bm14684.1	WBGene00235019
Bm17386.1	WBGene00268529
Bm1485.1	WBGene00221746
Bm4696a.1	WBGene00224957
Bm4696b.1	WBGene00224957
Bm10851.1	WBGene00231112
Bm2987a.1	WBGene00223248
Bm2987b.1	WBGene00223248
Bm10850.1	WBGene00231111
Bm18174.1	WBGene00269314
Bm668b.1	WBGene00220929
Bm668a.1	WBGene00220929
Bm13947b.2	WBGene00234208
Bm13947b.1	WBGene00234208
Bm13947a.1	WBGene00234208
Bm667a.1	WBGene00220928
Bm667b.1	WBGene00220928
Bm667c.1	WBGene00220928
Bm6767a.1	WBGene00227028
Bm6767b.1	WBGene00227028
Bm17387.1	WBGene00268530
Bm13858b.1	WBGene00234119
Bm13858a.1	WBGene00234119
Bm13973.1	WBGene00234234
Bm7076d.1	WBGene00227337
Bm7076c.1	WBGene00227337
Bm7076a.1	WBGene00227337
Bm7076b.1	WBGene00227337
Bm7076e.1	WBGene00227337
Bm17388.1	WBGene00268531
Bm664.1	WBGene00220925
Bm10849.1	WBGene00231110
Bm1931b.1	WBGene00222192
Bm1931a.1	WBGene00222192
Bm12452.1	WBGene00232713
Bm10848.1	WBGene00231109
Bm10847a.1	WBGene00231108
Bm10847b.1	WBGene00231108
Bm5305.1	WBGene00225566
Bm5304.2	WBGene00225565
Bm5304.1	WBGene00225565
Bm10846.1	WBGene00231107
Bm10846.2	WBGene00231107
Bm17389.1	WBGene00268532
Bm6067a.2	WBGene00226328
Bm6067a.1	WBGene00226328
Bm6067b.1	WBGene00226328
Bm11943a.1	WBGene00232204
Bm11943b.1	WBGene00232204
Bm10845b.1	WBGene00231106
Bm10845d.1	WBGene00231106
Bm10845c.1	WBGene00231106
Bm10845a.1	WBGene00231106
Bm10844.1	WBGene00231105
Bm5360b.1	WBGene00225621
Bm5360a.1	WBGene00225621
Bm1827a.1	WBGene00222088
Bm1827a.2	WBGene00222088
Bm1827b.1	WBGene00222088
Bm4629a.1	WBGene00224890
Bm4629b.1	WBGene00224890
Bm10843b.1	WBGene00231104
Bm10843a.1	WBGene00231104
Bm4037.1	WBGene00224298
Bm4999a.1	WBGene00225260
Bm4999d.1	WBGene00225260
Bm4999b.1	WBGene00225260
Bm4999e.1	WBGene00225260
Bm4999f.1	WBGene00225260
Bm4999c.1	WBGene00225260
Bm10842.1	WBGene00231103
Bm10841a.1	WBGene00231102
Bm10841b.1	WBGene00231102
Bm5183b.1	WBGene00225444
Bm5183a.1	WBGene00225444
Bm7365a.1	WBGene00227626
Bm7365b.1	WBGene00227626
Bm7366.1	WBGene00227627
Bm2180a.1	WBGene00222441
Bm2180b.1	WBGene00222441
Bm14274.1	WBGene00234535
Bm5527.1	WBGene00225788
Bm6841b.1	WBGene00227102
Bm6841c.1	WBGene00227102
Bm6841a.1	WBGene00227102
Bm10839.1	WBGene00231100
Bm4180.1	WBGene00224441
Bm2309.1	WBGene00222570
Bm13906a.1	WBGene00234167
Bm13906b.1	WBGene00234167
Bm3908.1	WBGene00224169
Bm6178.1	WBGene00226439
Bm2407.1	WBGene00222668
Bm15489b.1	WBGene00235103
Bm15489d.1	WBGene00235103
Bm15489a.1	WBGene00235103
Bm15489c.1	WBGene00235103
Bm729.1	WBGene00220990
Bm4648.1	WBGene00224909
Bm4647a.1	WBGene00224908
Bm4647b.1	WBGene00224908
Bm10838.1	WBGene00231099
Bm1746a.1	WBGene00222007
Bm1746b.1	WBGene00222007
Bm6808b.1	WBGene00227069
Bm6808a.1	WBGene00227069
Bm5306.1	WBGene00225567
Bm6318a.1	WBGene00226579
Bm6318b.1	WBGene00226579
Bm10836.1	WBGene00231097
Bm10835.1	WBGene00231096
Bm661.1	WBGene00220922
Bm10834.1	WBGene00231095
Bm6770.1	WBGene00227031
Bm6769c.1	WBGene00227030
Bm6769a.1	WBGene00227030
Bm6769b.1	WBGene00227030
Bm2893.1	WBGene00223154
Bm1480.1	WBGene00221741
Bm10833.1	WBGene00231094
Bm660.1	WBGene00220921
Bm4575a.1	WBGene00224836
Bm4575b.1	WBGene00224836
Bm10832.1	WBGene00231093
Bm2542b.1	WBGene00222803
Bm2542b.2	WBGene00222803
Bm2542a.1	WBGene00222803
Bm2542b.3	WBGene00222803
Bm2542b.4	WBGene00222803
Bm5841.1	WBGene00226102
Bm5840b.1	WBGene00226101
Bm5840a.1	WBGene00226101
Bm13297.1	WBGene00233558
Bm10830.1	WBGene00231091
Bm17390.1	WBGene00268533
Bm13750a.1	WBGene00234011
Bm13750b.1	WBGene00234011
Bm13750b.2	WBGene00234011
Bm7507.1	WBGene00227768
Bm6693b.1	WBGene00226954
Bm6693a.1	WBGene00226954
Bm10829.1	WBGene00231090
Bm1983.1	WBGene00222244
Bm10828.1	WBGene00231089
Bm10827.1	WBGene00231088
Bm7025a.1	WBGene00227286
Bm7025b.1	WBGene00227286
Bm14273.1	WBGene00234534
Bm659b.1	WBGene00220920
Bm659a.1	WBGene00220920
Bm5430b.1	WBGene00225691
Bm5430a.1	WBGene00225691
Bm5756.1	WBGene00226017
Bm5026.1	WBGene00225287
Bm10826.1	WBGene00231087
Bm1760a.1	WBGene00222021
Bm1760b.1	WBGene00222021
Bm1760c.1	WBGene00222021
Bm3447.1	WBGene00223708
Bm6919b.1	WBGene00227180
Bm6919a.1	WBGene00227180
Bm13891.2	WBGene00234152
Bm13891.1	WBGene00234152
Bm3515.1	WBGene00223776
Bm2029a.1	WBGene00222290
Bm2029b.1	WBGene00222290
Bm3843.1	WBGene00224104
Bm10825.1	WBGene00231086
Bm14272.1	WBGene00234533
Bm10824d.2	WBGene00231085
Bm10824d.1	WBGene00231085
Bm10824d.3	WBGene00231085
Bm10824c.1	WBGene00231085
Bm10824a.1	WBGene00231085
Bm10824b.1	WBGene00231085
Bm10823.1	WBGene00231084
Bm2504.1	WBGene00222765
Bm11123b.1	WBGene00231384
Bm11123a.1	WBGene00231384
Bm725b.1	WBGene00220986
Bm725a.1	WBGene00220986
Bm10822b.1	WBGene00231083
Bm10822a.1	WBGene00231083
Bm7412c.1	WBGene00227673
Bm7412a.1	WBGene00227673
Bm7412b.1	WBGene00227673
Bm7412d.1	WBGene00227673
Bm7412e.1	WBGene00227673
Bm10821.1	WBGene00231082
Bm2403a.1	WBGene00222664
Bm2403b.1	WBGene00222664
Bm14270.1	WBGene00234531
Bm10820.1	WBGene00231081
Bm6882a.1	WBGene00227143
Bm6882b.1	WBGene00227143
Bm10819.1	WBGene00231080
Bm16917.1	WBGene00255398
Bm5594.1	WBGene00225855
Bm7459.1	WBGene00227720
Bm7463b.1	WBGene00227724
Bm7463a.1	WBGene00227724
Bm7463b.2	WBGene00227724
Bm10818.1	WBGene00231079
Bm4984.1	WBGene00225245
Bm4985.1	WBGene00225246
Bm10817.1	WBGene00231078
Bm2101.1	WBGene00222362
Bm17391.1	WBGene00268534
Bm13970.1	WBGene00234231
Bm7134a.1	WBGene00227395
Bm7134b.1	WBGene00227395
Bm6810c.1	WBGene00227071
Bm6810a.1	WBGene00227071
Bm6811.1	WBGene00227072
Bm10816a.1	WBGene00231077
Bm10816b.1	WBGene00231077
Bm10816b.2	WBGene00231077
Bm10816a.2	WBGene00231077
Bm13539.2	WBGene00233800
Bm13539.1	WBGene00233800
Bm10815b.1	WBGene00231076
Bm10815a.1	WBGene00231076
Bm4352a.1	WBGene00224613
Bm4352b.1	WBGene00224613
Bm13296.1	WBGene00233557
Bm10813.1	WBGene00231074
Bm3400d.1	WBGene00223661
Bm3400a.1	WBGene00223661
Bm3400b.1	WBGene00223661
Bm3400c.1	WBGene00223661
Bm2197.1	WBGene00222458
Bm2195a.1	WBGene00222456
Bm2195b.1	WBGene00222456
Bm4466.1	WBGene00224727
Bm5381a.1	WBGene00225642
Bm5381b.1	WBGene00225642
Bm10811b.1	WBGene00231072
Bm10811a.1	WBGene00231072
Bm654.1	WBGene00220915
Bm5424.1	WBGene00225685
Bm2583.1	WBGene00222844
Bm2583.2	WBGene00222844
Bm7711b.1	WBGene00227972
Bm7711a.1	WBGene00227972
Bm7712.1	WBGene00227973
Bm3548.1	WBGene00223809
Bm4714.1	WBGene00224975
Bm7418.1	WBGene00227679
Bm10810.1	WBGene00231071
Bm6815b.1	WBGene00227076
Bm6815a.1	WBGene00227076
Bm653.1	WBGene00220914
Bm653.2	WBGene00220914
Bm10808.1	WBGene00231069
Bm10807.1	WBGene00231068
Bm7581.1	WBGene00227842
Bm1979a.1	WBGene00222240
Bm1979b.1	WBGene00222240
Bm10806.1	WBGene00231067
Bm6529c.1	WBGene00226790
Bm6529b.1	WBGene00226790
Bm6529a.1	WBGene00226790
Bm6529d.1	WBGene00226790
Bm5111.3	WBGene00225372
Bm5111.1	WBGene00225372
Bm5111.4	WBGene00225372
Bm5111.2	WBGene00225372
Bm5111.5	WBGene00225372
Bm10805.1	WBGene00231066
Bm18173b.1	WBGene00269313
Bm18173a.1	WBGene00269313
Bm5284.1	WBGene00225545
Bm10804a.1	WBGene00231065
Bm10804b.1	WBGene00231065
Bm1735.1	WBGene00221996
Bm1735.2	WBGene00221996
Bm4043a.1	WBGene00224304
Bm4043b.1	WBGene00224304
Bm10803b.1	WBGene00231064
Bm10803a.1	WBGene00231064
Bm2388c.1	WBGene00222649
Bm2388b.1	WBGene00222649
Bm2685.1	WBGene00222946
Bm10802.1	WBGene00231063
Bm3953.1	WBGene00224214
Bm1734.1	WBGene00221995
Bm7330.1	WBGene00227591
Bm16941.1	WBGene00255590
Bm13163.1	WBGene00233424
Bm7427b.1	WBGene00227688
Bm7427f.1	WBGene00227688
Bm7427e.1	WBGene00227688
Bm7427d.1	WBGene00227688
Bm7427c.1	WBGene00227688
Bm7427a.1	WBGene00227688
Bm4033a.1	WBGene00224294
Bm4033b.1	WBGene00224294
Bm4474.1	WBGene00224735
Bm7637a.1	WBGene00227898
Bm7637b.1	WBGene00227898
Bm6324.1	WBGene00226585
Bm5378a.2	WBGene00225639
Bm5378a.1	WBGene00225639
Bm5378b.1	WBGene00225639
Bm13949.1	WBGene00234210
Bm4916a.1	WBGene00225177
Bm4916b.1	WBGene00225177
Bm4916c.1	WBGene00225177
Bm6384.1	WBGene00226645
Bm6385.1	WBGene00226646
Bm6386b.1	WBGene00226647
Bm6386a.1	WBGene00226647
Bm5280.1	WBGene00225541
Bm5285.1	WBGene00225546
Bm5278b.1	WBGene00225539
Bm5278a.1	WBGene00225539
Bm14778.1	WBGene00234963
Bm5748.1	WBGene00226009
Bm17392.1	WBGene00268535
Bm6379.1	WBGene00226640
Bm5395a.1	WBGene00225656
Bm5395b.1	WBGene00225656
Bm10800.1	WBGene00231061
Bm4476c.1	WBGene00224737
Bm4476a.1	WBGene00224737
Bm7100.1	WBGene00227361
Bm7100.2	WBGene00227361
Bm7072.1	WBGene00227333
Bm1759.1	WBGene00222020
Bm1759.2	WBGene00222020
Bm17393.1	WBGene00268536
Bm13162.1	WBGene00233423
Bm13162.2	WBGene00233423
Bm7136.1	WBGene00227397
Bm3428b.1	WBGene00223689
Bm3428a.1	WBGene00223689
Bm13861a.1	WBGene00234122
Bm13861b.1	WBGene00234122
Bm6774.1	WBGene00227035
Bm5842.1	WBGene00226103
Bm4791b.1	WBGene00225052
Bm4791a.1	WBGene00225052
Bm4792.1	WBGene00225053
Bm10798.1	WBGene00231059
Bm10798.2	WBGene00231059
Bm6883.1	WBGene00227144
Bm2985a.1	WBGene00223246
Bm2985b.1	WBGene00223246
Bm2004.1	WBGene00222265
Bm859b.1	WBGene00221120
Bm859a.1	WBGene00221120
Bm859c.1	WBGene00221120
Bm12460d.1	WBGene00232721
Bm12460c.1	WBGene00232721
Bm12460a.1	WBGene00232721
Bm12460b.1	WBGene00232721
Bm12460a.2	WBGene00232721
Bm12460b.2	WBGene00232721
Bm724.1	WBGene00220985
Bm2581a.1	WBGene00222842
Bm2581b.1	WBGene00222842
Bm13835.1	WBGene00234096
Bm2464.1	WBGene00222725
Bm2238.1	WBGene00222499
Bm10795.1	WBGene00231056
Bm14265.1	WBGene00234526
Bm2037a.1	WBGene00222298
Bm2037c.1	WBGene00222298
Bm2037b.1	WBGene00222298
Bm648.1	WBGene00220909
Bm18583.1	WBGene00304241
Bm1748.1	WBGene00222009
Bm2579.1	WBGene00222840
Bm6153.1	WBGene00226414
Bm7336b.1	WBGene00227597
Bm7336a.2	WBGene00227597
Bm7336a.1	WBGene00227597
Bm6376.1	WBGene00226637
Bm18575a.1	WBGene00303422
Bm18575b.1	WBGene00303422
Bm18575c.1	WBGene00303422
Bm18575d.1	WBGene00303422
Bm6017.1	WBGene00226278
Bm6016.1	WBGene00226277
Bm16936.1	WBGene00255557
Bm16935.1	WBGene00255556
Bm10794.1	WBGene00231055
Bm17394.1	WBGene00268537
Bm13537.1	WBGene00233798
Bm7141.1	WBGene00227402
Bm10793b.1	WBGene00231054
Bm10793a.1	WBGene00231054
Bm2859.1	WBGene00223120
Bm2860.1	WBGene00223121
Bm5735.1	WBGene00225996
Bm10792b.1	WBGene00231053
Bm10792a.1	WBGene00231053
Bm10791.1	WBGene00231052
Bm5078.1	WBGene00225339
Bm13758.1	WBGene00234019
Bm5312a.1	WBGene00225573
Bm5312b.1	WBGene00225573
Bm6446a.1	WBGene00226707
Bm6446b.1	WBGene00226707
Bm3108.1	WBGene00223369
Bm10790.1	WBGene00231051
Bm17395.2	WBGene00268538
Bm17395.1	WBGene00268538
Bm18172.1	WBGene00269312
Bm17395.3	WBGene00268538
Bm17395.4	WBGene00268538
Bm7293b.1	WBGene00227554
Bm7293a.1	WBGene00227554
Bm7293c.1	WBGene00227554
Bm10789.1	WBGene00231050
Bm6812.1	WBGene00227073
Bm6812.2	WBGene00227073
Bm10788.1	WBGene00231049
Bm2402.1	WBGene00222663
Bm4932a.1	WBGene00225193
Bm4932b.1	WBGene00225193
Bm3089.1	WBGene00223350
Bm4098.1	WBGene00224359
Bm4853.1	WBGene00225114
Bm17396.1	WBGene00268539
Bm5129.1	WBGene00225390
Bm10786.1	WBGene00231047
Bm6595.1	WBGene00226856
Bm10785.1	WBGene00231046
Bm2636.1	WBGene00222897
Bm11319.1	WBGene00231580
Bm3862a.1	WBGene00224123
Bm3862b.1	WBGene00224123
Bm14087a.1	WBGene00234348
Bm14087b.1	WBGene00234348
Bm6711.1	WBGene00226972
Bm4704.1	WBGene00224965
Bm4704.2	WBGene00224965
Bm6878a.1	WBGene00227139
Bm6878b.1	WBGene00227139
Bm6869.1	WBGene00227130
Bm7066.1	WBGene00227327
Bm7422.1	WBGene00227683
Bm7537.1	WBGene00227798
Bm10783.1	WBGene00231044
Bm4280b.1	WBGene00224541
Bm4280a.1	WBGene00224541
Bm13809.1	WBGene00234070
Bm5215.1	WBGene00225476
Bm4085.1	WBGene00224346
Bm4583.1	WBGene00224844
Bm5055.1	WBGene00225316
Bm13714.1	WBGene00233975
Bm6691.1	WBGene00226952
Bm4034b.1	WBGene00224295
Bm4034a.1	WBGene00224295
Bm4036.1	WBGene00224297
Bm4035a.1	WBGene00224296
Bm4035b.1	WBGene00224296
Bm1856.1	WBGene00222117
Bm5814.1	WBGene00226075
Bm3365.1	WBGene00223626
Bm10782b.1	WBGene00231043
Bm10782a.1	WBGene00231043
Bm5024.1	WBGene00225285
Bm5327a.1	WBGene00225588
Bm5327d.1	WBGene00225588
Bm5327b.1	WBGene00225588
Bm5327c.1	WBGene00225588
Bm4207a.1	WBGene00224468
Bm4207b.1	WBGene00224468
Bm13785.1	WBGene00234046
Bm13785.2	WBGene00234046
Bm5459.1	WBGene00225720
Bm6048.1	WBGene00226309
Bm6457.1	WBGene00226718
Bm13404.1	WBGene00233665
Bm4477a.1	WBGene00224738
Bm4477b.1	WBGene00224738
Bm2524.1	WBGene00222785
Bm14082.1	WBGene00234343
Bm7292.1	WBGene00227553
Bm2582a.1	WBGene00222843
Bm2582b.1	WBGene00222843
Bm17397.1	WBGene00268540
Bm9212.1	WBGene00229473
Bm14157.1	WBGene00234418
Bm14076.1	WBGene00234337
Bm6984.1	WBGene00227245
Bm5295.1	WBGene00225556
Bm5295.2	WBGene00225556
Bm2301.1	WBGene00222562
Bm13760.1	WBGene00234021
Bm12066.1	WBGene00232327
Bm6881.1	WBGene00227142
Bm6790.1	WBGene00227051
Bm13820.1	WBGene00234081
Bm17398.1	WBGene00268541
Bm9214a.1	WBGene00229475
Bm9214b.1	WBGene00229475
Bm9215.1	WBGene00229476
Bm14318a.2	WBGene00234579
Bm14318a.1	WBGene00234579
Bm14318b.2	WBGene00234579
Bm14318b.1	WBGene00234579
Bm12036b.1	WBGene00232297
Bm12036a.1	WBGene00232297
Bm7014.1	WBGene00227275
Bm9216a.1	WBGene00229477
Bm9216b.1	WBGene00229477
Bm3659.1	WBGene00223920
Bm4760a.1	WBGene00225021
Bm4760b.1	WBGene00225021
Bm9217.1	WBGene00229478
Bm9218.1	WBGene00229479
Bm16932.1	WBGene00255534
Bm9219.1	WBGene00229480
Bm5169b.1	WBGene00225430
Bm5169a.1	WBGene00225430
Bm5170.1	WBGene00225431
Bm7504a.1	WBGene00227765
Bm7504b.1	WBGene00227765
Bm9220a.1	WBGene00229481
Bm9220b.1	WBGene00229481
Bm3551.1	WBGene00223812
Bm9221.1	WBGene00229482
Bm5859.1	WBGene00226120
Bm9222.1	WBGene00229483
Bm9222.2	WBGene00229483
Bm17399.1	WBGene00268542
Bm7065.1	WBGene00227326
Bm7064.1	WBGene00227325
Bm9223.1	WBGene00229484
Bm9224.2	WBGene00229485
Bm9224.1	WBGene00229485
Bm12062.1	WBGene00232323
Bm13719.1	WBGene00233980
Bm9225c.1	WBGene00229486
Bm9225a.1	WBGene00229486
Bm9225b.1	WBGene00229486
Bm11254a.1	WBGene00231515
Bm11254b.1	WBGene00231515
Bm4379a.1	WBGene00224640
Bm4379b.1	WBGene00224640
Bm4379c.1	WBGene00224640
Bm5592.1	WBGene00225853
Bm333a.1	WBGene00220594
Bm333b.1	WBGene00220594
Bm12010a.1	WBGene00232271
Bm12010b.1	WBGene00232271
Bm4884.1	WBGene00225145
Bm7533.1	WBGene00227794
Bm7345.1	WBGene00227606
Bm6846.1	WBGene00227107
Bm3249.1	WBGene00223510
Bm3248.1	WBGene00223509
Bm6768a.1	WBGene00227029
Bm6768b.1	WBGene00227029
Bm17400.1	WBGene00268543
Bm5817.1	WBGene00226078
Bm13756a.1	WBGene00234017
Bm13756a.2	WBGene00234017
Bm13756b.1	WBGene00234017
Bm5741b.2	WBGene00226002
Bm5741b.1	WBGene00226002
Bm5741a.1	WBGene00226002
Bm6458a.1	WBGene00226719
Bm6458b.1	WBGene00226719
Bm6668b.1	WBGene00226929
Bm6668a.1	WBGene00226929
Bm6681a.1	WBGene00226942
Bm6681b.1	WBGene00226942
Bm3274.1	WBGene00223535
Bm3275b.1	WBGene00223536
Bm3275a.1	WBGene00223536
Bm9227b.1	WBGene00229488
Bm9227a.1	WBGene00229488
Bm6214.1	WBGene00226475
Bm12579.1	WBGene00232840
Bm5431a.1	WBGene00225692
Bm5431b.1	WBGene00225692
Bm4798b.1	WBGene00225059
Bm4798c.1	WBGene00225059
Bm4798a.1	WBGene00225059
Bm2634a.1	WBGene00222895
Bm2634b.1	WBGene00222895
Bm5742.1	WBGene00226003
Bm5742.2	WBGene00226003
Bm5749.1	WBGene00226010
Bm5743.1	WBGene00226004
Bm7534.1	WBGene00227795
Bm7535.1	WBGene00227796
Bm879.1	WBGene00221140
Bm9228.1	WBGene00229489
Bm7374.1	WBGene00227635
Bm12069.1	WBGene00232330
Bm12592.1	WBGene00232853
Bm9229.1	WBGene00229490
Bm4621.1	WBGene00224882
Bm7377.1	WBGene00227638
Bm14063.1	WBGene00234324
Bm6289b.1	WBGene00226550
Bm6289a.1	WBGene00226550
Bm5058.1	WBGene00225319
Bm5057.1	WBGene00225318
Bm13766.1	WBGene00234027
Bm2058.1	WBGene00222319
Bm14670.1	WBGene00235005
Bm7510.1	WBGene00227771
Bm7505a.1	WBGene00227766
Bm7505b.1	WBGene00227766
Bm1775.1	WBGene00222036
Bm6663.1	WBGene00226924
Bm13988a.1	WBGene00234249
Bm13988b.1	WBGene00234249
Bm5047.2	WBGene00225308
Bm5047.1	WBGene00225308
Bm9230.1	WBGene00229491
Bm17401.1	WBGene00268544
Bm9231.1	WBGene00229492
Bm11265.1	WBGene00231526
Bm4351.1	WBGene00224612
Bm435.1	WBGene00220696
Bm14807.1	WBGene00234992
Bm9704.1	WBGene00229965
Bm8515a.1	WBGene00228776
Bm8515b.1	WBGene00228776
Bm8515d.1	WBGene00228776
Bm8515c.1	WBGene00228776
Bm2012.1	WBGene00222273
Bm2013.1	WBGene00222274
Bm5639.1	WBGene00225900
Bm14668.1	WBGene00234929
Bm5640.1	WBGene00225901
Bm6771a.1	WBGene00227032
Bm9705.1	WBGene00229966
Bm6771b.1	WBGene00227032
Bm1982.1	WBGene00222243
Bm11204a.1	WBGene00231465
Bm11204b.1	WBGene00231465
Bm2475a.1	WBGene00222736
Bm2475b.1	WBGene00222736
Bm17402.1	WBGene00268545
Bm17403a.1	WBGene00268546
Bm17403b.1	WBGene00268546
Bm2836b.1	WBGene00223097
Bm2836a.1	WBGene00223097
Bm2836c.1	WBGene00223097
Bm5361.1	WBGene00225622
Bm4322.1	WBGene00224583
Bm4994.1	WBGene00225255
Bm4994.2	WBGene00225255
Bm9711b.1	WBGene00229972
Bm9711a.1	WBGene00229972
Bm9711c.1	WBGene00229972
Bm13448.1	WBGene00233709
Bm9712.1	WBGene00229973
Bm9713b.1	WBGene00229974
Bm9713a.1	WBGene00229974
Bm13449.1	WBGene00233710
Bm5043.1	WBGene00225304
Bm13258a.1	WBGene00233519
Bm13258b.1	WBGene00233519
Bm9714b.1	WBGene00229975
Bm9714a.1	WBGene00229975
Bm9715a.1	WBGene00229976
Bm9715b.1	WBGene00229976
Bm4705.1	WBGene00224966
Bm6444.1	WBGene00226705
Bm7147.1	WBGene00227408
Bm1293.1	WBGene00221554
Bm14116b.1	WBGene00234377
Bm14116a.1	WBGene00234377
Bm2289b.1	WBGene00222550
Bm2289a.1	WBGene00222550
Bm7749.1	WBGene00228010
Bm7748.1	WBGene00228009
Bm12023.1	WBGene00232284
Bm5436.1	WBGene00225697
Bm6996.1	WBGene00227257
Bm9719b.1	WBGene00229980
Bm9719a.1	WBGene00229980
Bm4536.1	WBGene00224797
Bm4536.2	WBGene00224797
Bm9720.1	WBGene00229981
Bm7638.1	WBGene00227899
Bm4115.1	WBGene00224376
Bm3313.1	WBGene00223574
Bm13724.1	WBGene00233985
Bm9722.1	WBGene00229983
Bm9723a.1	WBGene00229984
Bm9723b.1	WBGene00229984
Bm12562.1	WBGene00232823
Bm6982.1	WBGene00227243
Bm6981a.1	WBGene00227242
Bm6981b.1	WBGene00227242
Bm9725b.1	WBGene00229986
Bm9725a.1	WBGene00229986
Bm6683.1	WBGene00226944
Bm6448.1	WBGene00226709
Bm17404.1	WBGene00268547
Bm2835b.1	WBGene00223096
Bm2835a.1	WBGene00223096
Bm1993.1	WBGene00222254
Bm6215b.1	WBGene00226476
Bm6215c.1	WBGene00226476
Bm8119.1	WBGene00228380
Bm13570.1	WBGene00233831
Bm9733.1	WBGene00229994
Bm9732.1	WBGene00229993
Bm9731.1	WBGene00229992
Bm9730.1	WBGene00229991
Bm6415.1	WBGene00226676
Bm6367.1	WBGene00226628
Bm5216a.1	WBGene00225477
Bm5216b.1	WBGene00225477
Bm7608.1	WBGene00227869
Bm9729a.1	WBGene00229990
Bm9729b.1	WBGene00229990
Bm13925.1	WBGene00234186
Bm4467.1	WBGene00224728
Bm9728.1	WBGene00229989
Bm7511.1	WBGene00227772
Bm1985.1	WBGene00222246
Bm1986.1	WBGene00222247
Bm5515.1	WBGene00225776
Bm9727.1	WBGene00229988
Bm7000a.1	WBGene00227261
Bm7000b.1	WBGene00227261
Bm3714b.1	WBGene00223975
Bm3714a.1	WBGene00223975
Bm9726a.1	WBGene00229987
Bm9726b.1	WBGene00229987
Bm7343.1	WBGene00227604
Bm5250.1	WBGene00225511
Bm2320.1	WBGene00222581
Bm13086b.1	WBGene00233347
Bm13086a.1	WBGene00233347
Bm12361.1	WBGene00232622
Bm7522.1	WBGene00227783
Bm1813c.1	WBGene00222074
Bm1813b.1	WBGene00222074
Bm1813a.1	WBGene00222074
Bm13976.1	WBGene00234237
Bm1913.1	WBGene00222174
Bm3317.1	WBGene00223578
Bm10051.1	WBGene00230312
Bm1738.1	WBGene00221999
Bm4055.1	WBGene00224316
Bm3473.1	WBGene00223734
Bm3078c.1	WBGene00223339
Bm3078a.1	WBGene00223339
Bm3078b.1	WBGene00223339
Bm4345a.1	WBGene00224606
Bm4345b.1	WBGene00224606
Bm5384.1	WBGene00225645
Bm2166a.1	WBGene00222427
Bm2166b.1	WBGene00222427
Bm7288a.1	WBGene00227549
Bm7288b.1	WBGene00227549
Bm17405.1	WBGene00268548
Bm7289a.1	WBGene00227550
Bm7289b.1	WBGene00227550
Bm14072.1	WBGene00234333
Bm10047.1	WBGene00230308
Bm2484b.1	WBGene00222745
Bm2484a.1	WBGene00222745
Bm5991.1	WBGene00226252
Bm11332.1	WBGene00231593
Bm10045.1	WBGene00230306
Bm10044.1	WBGene00230305
Bm5324b.1	WBGene00225585
Bm5324a.1	WBGene00225585
Bm17407.1	WBGene00268550
Bm5580.2	WBGene00225841
Bm5580.1	WBGene00225841
Bm10042.1	WBGene00230303
Bm10041b.1	WBGene00230302
Bm10041a.1	WBGene00230302
Bm7456.1	WBGene00227717
Bm4538.1	WBGene00224799
Bm7137.1	WBGene00227398
Bm6455a.1	WBGene00226716
Bm6455b.1	WBGene00226716
Bm8194.1	WBGene00228455
Bm2877.1	WBGene00223138
Bm17408.1	WBGene00268551
Bm2471.1	WBGene00222732
Bm11240a.1	WBGene00231501
Bm11240b.1	WBGene00231501
Bm2408.1	WBGene00222669
Bm13812a.1	WBGene00234073
Bm13812b.1	WBGene00234073
Bm7011a.1	WBGene00227272
Bm7011b.1	WBGene00227272
Bm7295a.1	WBGene00227556
Bm7295d.1	WBGene00227556
Bm7295b.1	WBGene00227556
Bm7295c.1	WBGene00227556
Bm498.1	WBGene00220759
Bm7611.1	WBGene00227872
Bm10040.1	WBGene00230301
Bm5876.1	WBGene00226137
Bm6256.1	WBGene00226517
Bm1970a.1	WBGene00222231
Bm1970b.1	WBGene00222231
Bm3884b.1	WBGene00224145
Bm3884d.1	WBGene00224145
Bm3884c.1	WBGene00224145
Bm3884a.1	WBGene00224145
Bm10039.1	WBGene00230300
Bm13866a.1	WBGene00234127
Bm13866b.1	WBGene00234127
Bm10038.1	WBGene00230299
Bm12211a.1	WBGene00232472
Bm12211b.1	WBGene00232472
Bm12211c.1	WBGene00232472
Bm10037.1	WBGene00230298
Bm3625a.1	WBGene00223886
Bm3625b.1	WBGene00223886
Bm2783.1	WBGene00223044
Bm10036.1	WBGene00230297
Bm10035.1	WBGene00230296
Bm7089.1	WBGene00227350
Bm10034.1	WBGene00230295
Bm10178.1	WBGene00230439
Bm885.1	WBGene00221146
Bm13797.1	WBGene00234058
Bm6357a.1	WBGene00226618
Bm6357b.1	WBGene00226618
Bm11278a.1	WBGene00231539
Bm11278b.1	WBGene00231539
Bm6359a.1	WBGene00226620
Bm6359b.1	WBGene00226620
Bm7367.1	WBGene00227628
Bm7328.1	WBGene00227589
Bm10177a.1	WBGene00230438
Bm10177b.1	WBGene00230438
Bm7461a.1	WBGene00227722
Bm7461d.1	WBGene00227722
Bm7461b.1	WBGene00227722
Bm7461c.1	WBGene00227722
Bm10176.1	WBGene00230437
Bm13196.1	WBGene00233457
Bm9758.1	WBGene00230019
Bm9757a.1	WBGene00230018
Bm9757b.1	WBGene00230018
Bm9756.1	WBGene00230017
Bm6453.1	WBGene00226714
Bm6452b.1	WBGene00226713
Bm6452a.1	WBGene00226713
Bm13909.1	WBGene00234170
Bm13834.1	WBGene00234095
Bm3129.1	WBGene00223390
Bm17409.1	WBGene00268552
Bm6400.1	WBGene00226661
Bm2747.1	WBGene00223008
Bm17410.1	WBGene00268553
Bm7286b.1	WBGene00227547
Bm7286a.1	WBGene00227547
Bm6843.1	WBGene00227104
Bm1772.1	WBGene00222033
Bm14034a.1	WBGene00234295
Bm14034b.1	WBGene00234295
Bm7067.1	WBGene00227328
Bm7080.1	WBGene00227341
Bm9750.1	WBGene00230011
Bm2071a.1	WBGene00222332
Bm2071b.1	WBGene00222332
Bm9748.1	WBGene00230009
Bm2070a.1	WBGene00222331
Bm2070b.1	WBGene00222331
Bm8220b.1	WBGene00228481
Bm8220a.1	WBGene00228481
Bm7294.1	WBGene00227555
Bm13691.1	WBGene00233952
Bm4646.1	WBGene00224907
Bm17411.1	WBGene00268554
Bm5377b.1	WBGene00225638
Bm5377a.1	WBGene00225638
Bm8437.1	WBGene00228698
Bm193.1	WBGene00220454
Bm8606a.1	WBGene00228867
Bm8606b.1	WBGene00228867
Bm2055.1	WBGene00222316
Bm6262.1	WBGene00226523
Bm5212.1	WBGene00225473
Bm241a.1	WBGene00220502
Bm241b.1	WBGene00220502
Bm8819a.1	WBGene00229080
Bm8819b.1	WBGene00229080
Bm2777.1	WBGene00223038
Bm6998.1	WBGene00227259
Bm3135.1	WBGene00223396
Bm4628.1	WBGene00224889
Bm1905.1	WBGene00222166
Bm13715.1	WBGene00233976
Bm2566.1	WBGene00222827
Bm5532.1	WBGene00225793
Bm5533.1	WBGene00225794
Bm18199.1	WBGene00269345
Bm3104.1	WBGene00223365
Bm9357.1	WBGene00229618
Bm364.1	WBGene00220625
Bm17412.1	WBGene00268555
Bm2781.1	WBGene00223042
Bm3885a.1	WBGene00224146
Bm3885b.1	WBGene00224146
Bm2311a.1	WBGene00222572
Bm2311b.1	WBGene00222572
Bm3425.1	WBGene00223686
Bm14716.1	WBGene00235051
Bm7650.1	WBGene00227911
Bm3206a.1	WBGene00223467
Bm3206b.1	WBGene00223467
Bm4112b.1	WBGene00224373
Bm4112a.1	WBGene00224373
Bm4249b.1	WBGene00224510
Bm4249a.1	WBGene00224510
Bm12598a.1	WBGene00232859
Bm12598b.1	WBGene00232859
Bm2083.1	WBGene00222344
Bm9355.1	WBGene00229616
Bm17413.1	WBGene00268556
Bm9354.1	WBGene00229615
Bm5070.2	WBGene00225331
Bm5070.1	WBGene00225331
Bm5070.3	WBGene00225331
Bm7610a.1	WBGene00227871
Bm7610b.1	WBGene00227871
Bm7610c.1	WBGene00227871
Bm6567.1	WBGene00226828
Bm1231.1	WBGene00221492
Bm3568.1	WBGene00223829
Bm1975.1	WBGene00222236
Bm14101.1	WBGene00234362
Bm8877.1	WBGene00229138
Bm250.1	WBGene00220511
Bm4278.1	WBGene00224539
Bm6606.1	WBGene00226867
Bm11494b.1	WBGene00231755
Bm11494a.1	WBGene00231755
Bm11494c.1	WBGene00231755
Bm18569.1	WBGene00303350
Bm10635.1	WBGene00230896
Bm10634a.1	WBGene00230895
Bm10634b.1	WBGene00230895
Bm10633.1	WBGene00230894
Bm1784.1	WBGene00222045
Bm1784.2	WBGene00222045
Bm3046d.1	WBGene00223307
Bm3046h.1	WBGene00223307
Bm3046a.1	WBGene00223307
Bm3046q.1	WBGene00223307
Bm3046c.1	WBGene00223307
Bm3046m.1	WBGene00223307
Bm3046p.1	WBGene00223307
Bm3046o.1	WBGene00223307
Bm3046n.1	WBGene00223307
Bm3046b.1	WBGene00223307
Bm3046k.1	WBGene00223307
Bm5247.1	WBGene00225508
Bm10632.1	WBGene00230893
Bm4821a.1	WBGene00225082
Bm4821d.1	WBGene00225082
Bm4821c.1	WBGene00225082
Bm4821b.1	WBGene00225082
Bm10631.1	WBGene00230892
Bm10630.1	WBGene00230891
Bm13238.1	WBGene00233499
Bm18186.1	WBGene00269326
Bm12742.1	WBGene00233003
Bm6645.1	WBGene00226906
Bm6645.2	WBGene00226906
Bm12990.1	WBGene00233251
Bm1058.1	WBGene00221319
Bm1659.1	WBGene00221920
Bm12991.1	WBGene00233252
Bm1659.2	WBGene00221920
Bm2234b.1	WBGene00222495
Bm2234a.1	WBGene00222495
Bm5423c.1	WBGene00225684
Bm5423e.1	WBGene00225684
Bm5423a.1	WBGene00225684
Bm5423d.1	WBGene00225684
Bm5423b.1	WBGene00225684
Bm5253a.1	WBGene00225514
Bm5253b.1	WBGene00225514
Bm12992.2	WBGene00233253
Bm12992.1	WBGene00233253
Bm12993b.1	WBGene00233254
Bm12993a.1	WBGene00233254
Bm12994b.1	WBGene00233255
Bm12994a.1	WBGene00233255
Bm11999a.1	WBGene00232260
Bm11999b.1	WBGene00232260
Bm11999b.2	WBGene00232260
Bm14005.1	WBGene00234266
Bm5410a.1	WBGene00225671
Bm5410b.1	WBGene00225671
Bm5409.1	WBGene00225670
Bm5411a.1	WBGene00225672
Bm5411c.1	WBGene00225672
Bm5411d.1	WBGene00225672
Bm5411b.1	WBGene00225672
Bm11995.1	WBGene00232256
Bm11156.1	WBGene00231417
Bm17414.1	WBGene00268557
Bm1661d.1	WBGene00221922
Bm1661b.1	WBGene00221922
Bm1661a.1	WBGene00221922
Bm1661c.1	WBGene00221922
Bm13003.1	WBGene00233264
Bm4473.1	WBGene00224734
Bm4473.2	WBGene00224734
Bm2072a.1	WBGene00222333
Bm2072b.1	WBGene00222333
Bm2072c.1	WBGene00222333
Bm13655.1	WBGene00233916
Bm3567a.1	WBGene00223828
Bm3567a.2	WBGene00223828
Bm3567b.1	WBGene00223828
Bm1662.1	WBGene00221923
Bm13784.1	WBGene00234045
Bm3565a.1	WBGene00223826
Bm3565b.1	WBGene00223826
Bm14084.1	WBGene00234345
Bm14084.2	WBGene00234345
Bm1798.1	WBGene00222059
Bm1797b.1	WBGene00222058
Bm1797a.1	WBGene00222058
Bm1797a.2	WBGene00222058
Bm12997.2	WBGene00233258
Bm12997.1	WBGene00233258
Bm2623a.1	WBGene00222884
Bm2623d.1	WBGene00222884
Bm2623c.1	WBGene00222884
Bm2623d.2	WBGene00222884
Bm2623b.1	WBGene00222884
Bm2623b.2	WBGene00222884
Bm7424.1	WBGene00227685
Bm7164.1	WBGene00227425
Bm7164.2	WBGene00227425
Bm7165.1	WBGene00227426
Bm12998.1	WBGene00233259
Bm12998.2	WBGene00233259
Bm17415.1	WBGene00268558
Bm4636.1	WBGene00224897
Bm7545a.1	WBGene00227806
Bm7545b.1	WBGene00227806
Bm3897.1	WBGene00224158
Bm14010a.1	WBGene00234271
Bm14010b.1	WBGene00234271
Bm6814.1	WBGene00227075
Bm3279.1	WBGene00223540
Bm13000.1	WBGene00233261
Bm3847.1	WBGene00224108
Bm11947.1	WBGene00232208
Bm14497.1	WBGene00234758
Bm14338.1	WBGene00234599
Bm11946.1	WBGene00232207
Bm8166.1	WBGene00228427
Bm3012a.1	WBGene00223273
Bm3012b.1	WBGene00223273
Bm5270.1	WBGene00225531
Bm6194.1	WBGene00226455
Bm17416b.1	WBGene00268559
Bm17416a.1	WBGene00268559
Bm13002d.1	WBGene00233263
Bm13002c.1	WBGene00233263
Bm13002b.1	WBGene00233263
Bm13002a.1	WBGene00233263
Bm14782.1	WBGene00234967
Bm6195.1	WBGene00226456
Bm17417a.1	WBGene00268560
Bm17417b.1	WBGene00268560
Bm17418.1	WBGene00268561
Bm17419.1	WBGene00268562
Bm17420.1	WBGene00268563
Bm17421.1	WBGene00268564
Bm17422.1	WBGene00268565
Bm17423.1	WBGene00268566
Bm13004b.1	WBGene00233265
Bm13004a.1	WBGene00233265
Bm5081b.1	WBGene00225342
Bm5081a.1	WBGene00225342
Bm2198b.1	WBGene00222459
Bm2198a.1	WBGene00222459
Bm1061.1	WBGene00221322
Bm14057.1	WBGene00234318
Bm6150.1	WBGene00226411
Bm6149.1	WBGene00226410
Bm16901.1	WBGene00249823
Bm6540.1	WBGene00226801
Bm4644b.1	WBGene00224905
Bm4644a.1	WBGene00224905
Bm13703a.1	WBGene00233964
Bm13703b.1	WBGene00233964
Bm13703d.1	WBGene00233964
Bm2053.1	WBGene00222314
Bm17424.1	WBGene00268567
Bm13005c.1	WBGene00233266
Bm13005d.1	WBGene00233266
Bm13005b.1	WBGene00233266
Bm13005a.1	WBGene00233266
Bm16900.1	WBGene00249822
Bm17425.1	WBGene00268568
Bm4934.1	WBGene00225195
Bm3883.1	WBGene00224144
Bm3882.1	WBGene00224143
Bm13006.1	WBGene00233267
Bm3127a.1	WBGene00223388
Bm3127b.1	WBGene00223388
Bm12315.1	WBGene00232576
Bm11500.1	WBGene00231761
Bm17426.1	WBGene00268569
Bm13031.1	WBGene00233292
Bm204.1	WBGene00220465
Bm1589a.1	WBGene00221850
Bm1589b.1	WBGene00221850
Bm7829.1	WBGene00228090
Bm6842.1	WBGene00227103
Bm7828.1	WBGene00228089
Bm7181.1	WBGene00227442
Bm5544.1	WBGene00225805
Bm3807a.1	WBGene00224068
Bm3807b.1	WBGene00224068
Bm2563.1	WBGene00222824
Bm5082b.1	WBGene00225343
Bm5082a.1	WBGene00225343
Bm8933.1	WBGene00229194
Bm4080a.1	WBGene00224341
Bm4080b.1	WBGene00224341
Bm2375.1	WBGene00222636
Bm3280.1	WBGene00223541
Bm13705a.1	WBGene00233966
Bm13705b.1	WBGene00233966
Bm3131.1	WBGene00223392
Bm5539a.1	WBGene00225800
Bm5539b.1	WBGene00225800
Bm5539c.1	WBGene00225800
Bm6049.1	WBGene00226310
Bm8934.1	WBGene00229195
Bm8935.1	WBGene00229196
Bm17427.1	WBGene00268570
Bm17427.2	WBGene00268570
Bm4540.1	WBGene00224801
Bm1395.1	WBGene00221656
Bm10317.1	WBGene00230578
Bm18164a.1	WBGene00269304
Bm18164b.1	WBGene00269304
Bm18164c.1	WBGene00269304
Bm18164d.1	WBGene00269304
Bm5458a.1	WBGene00225719
Bm5458b.1	WBGene00225719
Bm10320a.1	WBGene00230581
Bm10320b.1	WBGene00230581
Bm4453a.1	WBGene00224714
Bm4453b.1	WBGene00224714
Bm6682.1	WBGene00226943
Bm6710.1	WBGene00226971
Bm4493.1	WBGene00224754
Bm4374b.1	WBGene00224635
Bm4374a.1	WBGene00224635
Bm4376.1	WBGene00224637
Bm10321a.1	WBGene00230582
Bm10321b.1	WBGene00230582
Bm10322.1	WBGene00230583
Bm10323.1	WBGene00230584
Bm10324a.1	WBGene00230585
Bm10324c.1	WBGene00230585
Bm10324b.1	WBGene00230585
Bm1721.1	WBGene00221982
Bm4878a.1	WBGene00225139
Bm4878b.1	WBGene00225139
Bm8057.1	WBGene00228318
Bm7964.1	WBGene00228225
Bm8938.1	WBGene00229199
Bm17428.1	WBGene00268571
Bm4732a.1	WBGene00224993
Bm4732b.1	WBGene00224993
Bm4487c.1	WBGene00224748
Bm4487b.1	WBGene00224748
Bm4487a.1	WBGene00224748
Bm4490.1	WBGene00224751
Bm4549.1	WBGene00224810
Bm17429.1	WBGene00268572
Bm3414a.1	WBGene00223675
Bm3414b.1	WBGene00223675
Bm8058.1	WBGene00228319
Bm8299.1	WBGene00228560
Bm7924.1	WBGene00228185
Bm6978.1	WBGene00227239
Bm6510a.1	WBGene00226771
Bm6510b.1	WBGene00226771
Bm7086.1	WBGene00227347
Bm7926.1	WBGene00228187
Bm3626b.1	WBGene00223887
Bm3626a.1	WBGene00223887
Bm3626b.2	WBGene00223887
Bm1786.1	WBGene00222047
Bm6000.1	WBGene00226261
Bm2667.1	WBGene00222928
Bm8878.1	WBGene00229139
Bm11710.1	WBGene00231971
Bm7063.1	WBGene00227324
Bm8879.1	WBGene00229140
Bm9007.1	WBGene00229268
Bm6216a.1	WBGene00226477
Bm6216c.1	WBGene00226477
Bm6216b.1	WBGene00226477
Bm14734.1	WBGene00235069
Bm9006.1	WBGene00229267
Bm18594.1	WBGene00304784
Bm6839.1	WBGene00227100
Bm1978a.1	WBGene00222239
Bm1978b.1	WBGene00222239
Bm3628.1	WBGene00223889
Bm9005.1	WBGene00229266
Bm6596.1	WBGene00226857
Bm9004.1	WBGene00229265
Bm2330.1	WBGene00222591
Bm4386b.1	WBGene00224647
Bm4386b.2	WBGene00224647
Bm4386a.1	WBGene00224647
Bm4386c.1	WBGene00224647
Bm7482.1	WBGene00227743
Bm6594a.1	WBGene00226855
Bm6594b.1	WBGene00226855
Bm6353.1	WBGene00226614
Bm4018.1	WBGene00224279
Bm6539.1	WBGene00226800
Bm6538.1	WBGene00226799
Bm4040a.1	WBGene00224301
Bm4040b.1	WBGene00224301
Bm5618.1	WBGene00225879
Bm8790.1	WBGene00229051
Bm13379a.1	WBGene00233640
Bm13379b.1	WBGene00233640
Bm6817.1	WBGene00227078
Bm17430.1	WBGene00268573
Bm12349.1	WBGene00232610
Bm340.1	WBGene00220601
Bm9262.1	WBGene00229523
Bm17431.1	WBGene00268574
Bm17432.1	WBGene00268575
Bm9263.1	WBGene00229524
Bm2618.1	WBGene00222879
Bm9264.1	WBGene00229525
Bm13242a.1	WBGene00233503
Bm13242b.1	WBGene00233503
Bm4913.1	WBGene00225174
Bm18602.1	WBGene00304805
Bm4303.1	WBGene00224564
Bm9065.1	WBGene00229326
Bm6854.1	WBGene00227115
Bm2028a.1	WBGene00222289
Bm2028b.1	WBGene00222289
Bm2028c.1	WBGene00222289
Bm4281.1	WBGene00224542
Bm291.1	WBGene00220552
Bm5745.1	WBGene00226006
Bm5746.1	WBGene00226007
Bm3018a.1	WBGene00223279
Bm3018b.1	WBGene00223279
Bm13673.1	WBGene00233934
Bm2797.1	WBGene00223058
Bm2797.2	WBGene00223058
Bm2797.3	WBGene00223058
Bm2797.4	WBGene00223058
Bm2797.5	WBGene00223058
Bm8426.1	WBGene00228687
Bm8495.1	WBGene00228756
Bm11637.1	WBGene00231898
Bm1092.1	WBGene00221353
Bm7949.1	WBGene00228210
Bm7951.1	WBGene00228212
Bm7952.1	WBGene00228213
Bm2011a.1	WBGene00222272
Bm2011c.1	WBGene00222272
Bm2011b.1	WBGene00222272
Bm11847.1	WBGene00232108
Bm5246b.1	WBGene00225507
Bm5246a.1	WBGene00225507
Bm5246c.1	WBGene00225507
Bm145a.1	WBGene00220406
Bm145b.1	WBGene00220406
Bm4555.1	WBGene00224816
Bm7454a.1	WBGene00227715
Bm7454b.1	WBGene00227715
Bm17433.1	WBGene00268576
Bm1921b.1	WBGene00222182
Bm1921a.1	WBGene00222182
Bm17434.1	WBGene00268577
Bm5408.1	WBGene00225669
Bm2246a.1	WBGene00222507
Bm2246b.1	WBGene00222507
Bm6198a.1	WBGene00226459
Bm6198b.1	WBGene00226459
Bm6198c.1	WBGene00226459
Bm6198a.2	WBGene00226459
Bm13974.1	WBGene00234235
Bm1918.1	WBGene00222179
Bm17435.1	WBGene00268578
Bm3013.1	WBGene00223274
Bm13721a.1	WBGene00233982
Bm13721b.2	WBGene00233982
Bm13721a.2	WBGene00233982
Bm13721b.1	WBGene00233982
Bm3893a.1	WBGene00224154
Bm3893b.1	WBGene00224154
Bm3893c.1	WBGene00224154
Bm14726.1	WBGene00235061
Bm14726.2	WBGene00235061
Bm3894b.1	WBGene00224155
Bm3894a.1	WBGene00224155
Bm3133b.1	WBGene00223394
Bm3133a.1	WBGene00223394
Bm5511a.1	WBGene00225772
Bm5511b.1	WBGene00225772
Bm2897a.1	WBGene00223158
Bm2897b.1	WBGene00223158
Bm2897a.2	WBGene00223158
Bm9682.1	WBGene00229943
Bm9683.1	WBGene00229944
Bm11322.1	WBGene00231583
Bm1143a.1	WBGene00221404
Bm1143b.1	WBGene00221404
Bm9684.1	WBGene00229945
Bm195.1	WBGene00220456
Bm9685.1	WBGene00229946
Bm9686.1	WBGene00229947
Bm9686.2	WBGene00229947
Bm1819a.1	WBGene00222080
Bm1819b.1	WBGene00222080
Bm9687.1	WBGene00229948
Bm5880.1	WBGene00226141
Bm4125.1	WBGene00224386
Bm6412a.1	WBGene00226673
Bm6412b.1	WBGene00226673
Bm433.1	WBGene00220694
Bm4992.1	WBGene00225253
Bm8071.1	WBGene00228332
Bm14801.1	WBGene00234986
Bm14801.2	WBGene00234986
Bm901.1	WBGene00221162
Bm8243.1	WBGene00228504
Bm14105.1	WBGene00234366
Bm199b.1	WBGene00220460
Bm199c.1	WBGene00220460
Bm199a.1	WBGene00220460
Bm7798.1	WBGene00228059
Bm11713.1	WBGene00231974
Bm5890c.1	WBGene00226151
Bm5890b.1	WBGene00226151
Bm5890a.1	WBGene00226151
Bm4796.1	WBGene00225057
Bm4796.2	WBGene00225057
Bm5889.1	WBGene00226150
Bm7632.1	WBGene00227893
Bm2635.1	WBGene00222896
Bm17436.1	WBGene00268579
Bm1529.1	WBGene00221790
Bm3049.1	WBGene00223310
Bm11093.1	WBGene00231354
Bm5096.1	WBGene00225357
Bm13830.1	WBGene00234091
Bm11094.1	WBGene00231355
Bm7894.1	WBGene00228155
Bm11095.1	WBGene00231356
Bm17437.1	WBGene00268580
Bm17438.1	WBGene00268581
Bm11096.1	WBGene00231357
Bm11097.1	WBGene00231358
Bm14731.1	WBGene00235066
Bm5362a.1	WBGene00225623
Bm5362b.1	WBGene00225623
Bm3132b.1	WBGene00223393
Bm3132a.1	WBGene00223393
Bm5051.1	WBGene00225312
Bm11098.1	WBGene00231359
Bm5056b.1	WBGene00225317
Bm5056a.1	WBGene00225317
Bm6542.1	WBGene00226803
Bm7524.1	WBGene00227785
Bm6511a.1	WBGene00226772
Bm6511b.1	WBGene00226772
Bm6512.1	WBGene00226773
Bm14035.1	WBGene00234296
Bm6600.1	WBGene00226861
Bm5003a.1	WBGene00225264
Bm5003b.1	WBGene00225264
Bm17439.1	WBGene00268582
Bm10033.1	WBGene00230294
Bm17440.1	WBGene00268583
Bm17441	WBGene00268584
Bm497	WBGene00220758
Bm9267.1	WBGene00229528
Bm17442.1	WBGene00268585
Bm9268.1	WBGene00229529
Bm7762.1	WBGene00228023
Bm17.1	WBGene00220278
Bm17443.1	WBGene00268586
Bm17444.1	WBGene00268587
Bm537a.1	WBGene00220798
Bm537b.1	WBGene00220798
Bm17445.1	WBGene00268588
Bm17446.1	WBGene00268589
Bm10269.1	WBGene00230530
Bm17447.1	WBGene00268590
Bm6156a.1	WBGene00226417
Bm6156b.1	WBGene00226417
Bm6730.1	WBGene00226991
Bm7149.1	WBGene00227410
Bm5235.2	WBGene00225496
Bm5235.1	WBGene00225496
Bm18582b.1	WBGene00304236
Bm18582a.1	WBGene00304236
Bm6204.1	WBGene00226465
Bm18200.2	WBGene00269347
Bm18200.1	WBGene00269347
Bm7173.1	WBGene00227434
Bm10267.1	WBGene00230528
Bm5609.1	WBGene00225870
Bm10266.1	WBGene00230527
Bm533b.1	WBGene00220794
Bm533a.1	WBGene00220794
Bm533c.1	WBGene00220794
Bm533e.1	WBGene00220794
Bm533d.1	WBGene00220794
Bm3431a.1	WBGene00223692
Bm2979.1	WBGene00223240
Bm3431b.1	WBGene00223692
Bm10265.1	WBGene00230526
Bm6587.1	WBGene00226848
Bm10264a.1	WBGene00230525
Bm10264b.1	WBGene00230525
Bm14231.1	WBGene00234492
Bm5254.1	WBGene00225515
Bm5788b.1	WBGene00226049
Bm5788a.1	WBGene00226049
Bm6241.1	WBGene00226502
Bm2062.1	WBGene00222323
Bm4662a.1	WBGene00224923
Bm4662b.1	WBGene00224923
Bm6647.1	WBGene00226908
Bm5242a.1	WBGene00225503
Bm5242b.1	WBGene00225503
Bm6158.1	WBGene00226419
Bm3316.1	WBGene00223577
Bm10262a.1	WBGene00230523
Bm10262a.2	WBGene00230523
Bm10262b.1	WBGene00230523
Bm14036.1	WBGene00234297
Bm14036.2	WBGene00234297
Bm4776.1	WBGene00225037
Bm8185a.1	WBGene00228446
Bm8185b.1	WBGene00228446
Bm14721b.1	WBGene00235056
Bm14721a.1	WBGene00235056
Bm1388a.1	WBGene00221649
Bm1388b.1	WBGene00221649
Bm10260.1	WBGene00230521
Bm10259d.1	WBGene00230520
Bm10259a.1	WBGene00230520
Bm10259b.1	WBGene00230520
Bm10259c.1	WBGene00230520
Bm3359b.1	WBGene00223620
Bm3359a.1	WBGene00223620
Bm4126.1	WBGene00224387
Bm10258.1	WBGene00230519
Bm6240a.1	WBGene00226501
Bm6240b.1	WBGene00226501
Bm6240b.2	WBGene00226501
Bm6240c.1	WBGene00226501
Bm1999b.1	WBGene00222260
Bm1999a.1	WBGene00222260
Bm8362a.1	WBGene00228623
Bm8362c.1	WBGene00228623
Bm8362b.1	WBGene00228623
Bm8363.1	WBGene00228624
Bm8364.1	WBGene00228625
Bm2277.1	WBGene00222538
Bm10254.1	WBGene00230515
Bm4124.1	WBGene00224385
Bm4618.1	WBGene00224879
Bm2559.1	WBGene00222820
Bm12035.1	WBGene00232296
Bm10252.1	WBGene00230513
Bm1387.1	WBGene00221648
Bm10251.1	WBGene00230512
Bm5273.1	WBGene00225534
Bm10250.1	WBGene00230511
Bm10249.2	WBGene00230510
Bm10249.1	WBGene00230510
Bm10249.3	WBGene00230510
Bm10248a.1	WBGene00230509
Bm10248b.1	WBGene00230509
Bm10247.1	WBGene00230508
Bm3368b.1	WBGene00223629
Bm3368a.1	WBGene00223629
Bm4727.1	WBGene00224988
Bm18125.1	WBGene00269265
Bm10246.1	WBGene00230507
Bm2384a.1	WBGene00222645
Bm2384b.1	WBGene00222645
Bm530.1	WBGene00220791
Bm530.2	WBGene00220791
Bm2383.1	WBGene00222644
Bm10245a.1	WBGene00230506
Bm10245b.1	WBGene00230506
Bm3740a.1	WBGene00224001
Bm3740b.1	WBGene00224001
Bm1787.1	WBGene00222048
Bm10244a.1	WBGene00230505
Bm10244b.1	WBGene00230505
Bm7315.1	WBGene00227576
Bm7314a.1	WBGene00227575
Bm7314b.1	WBGene00227575
Bm17448.1	WBGene00268591
Bm1887.1	WBGene00222148
Bm3783.1	WBGene00224044
Bm1386.1	WBGene00221647
Bm10243.1	WBGene00230504
Bm10242.1	WBGene00230503
Bm1385a.1	WBGene00221646
Bm1385b.1	WBGene00221646
Bm2273.1	WBGene00222534
Bm10241b.1	WBGene00230502
Bm10241c.1	WBGene00230502
Bm10241a.1	WBGene00230502
Bm3758.1	WBGene00224019
Bm10240a.1	WBGene00230501
Bm10240b.1	WBGene00230501
Bm17449.1	WBGene00268592
Bm5485.1	WBGene00225746
Bm6483.1	WBGene00226744
Bm5499a.1	WBGene00225760
Bm5499b.1	WBGene00225760
Bm14045.1	WBGene00234306
Bm8535.1	WBGene00228796
Bm3643.1	WBGene00223904
Bm1841.1	WBGene00222102
Bm1105a.1	WBGene00221366
Bm1105b.1	WBGene00221366
Bm5176.1	WBGene00225437
Bm9386.1	WBGene00229647
Bm892.1	WBGene00221153
Bm7491.1	WBGene00227752
Bm9387.1	WBGene00229648
Bm9388.1	WBGene00229649
Bm3609.1	WBGene00223870
Bm13860.1	WBGene00234121
Bm13860.2	WBGene00234121
Bm13860.3	WBGene00234121
Bm7015.1	WBGene00227276
Bm817.1	WBGene00221078
Bm6307b.2	WBGene00226568
Bm6307c.1	WBGene00226568
Bm6307b.1	WBGene00226568
Bm6307a.1	WBGene00226568
Bm8768.1	WBGene00229029
Bm11660.1	WBGene00231921
Bm2884.1	WBGene00223145
Bm17450.1	WBGene00268593
Bm7668.1	WBGene00227929
Bm7667.1	WBGene00227928
Bm8959a.1	WBGene00229220
Bm8959b.1	WBGene00229220
Bm17451.1	WBGene00268594
Bm9700.1	WBGene00229961
Bm9699.1	WBGene00229960
Bm5613.1	WBGene00225874
Bm11280.1	WBGene00231541
Bm5614.1	WBGene00225875
Bm9698.1	WBGene00229959
Bm4455.1	WBGene00224716
Bm1804b.1	WBGene00222065
Bm1804c.1	WBGene00222065
Bm1804a.1	WBGene00222065
Bm1806.1	WBGene00222067
Bm434.1	WBGene00220695
Bm4475.1	WBGene00224736
Bm9696.1	WBGene00229957
Bm5400.1	WBGene00225661
Bm9695.1	WBGene00229956
Bm1289.1	WBGene00221550
Bm6735.1	WBGene00226996
Bm6004.1	WBGene00226265
Bm9694a.1	WBGene00229955
Bm9694b.1	WBGene00229955
Bm9694c.1	WBGene00229955
Bm6783.1	WBGene00227044
Bm5806b.1	WBGene00226067
Bm5806a.1	WBGene00226067
Bm3913a.1	WBGene00224174
Bm3913b.1	WBGene00224174
Bm3177b.1	WBGene00223438
Bm3177a.1	WBGene00223438
Bm3177c.1	WBGene00223438
Bm17452.1	WBGene00268595
Bm17453.1	WBGene00268596
Bm17454.1	WBGene00268597
Bm8975.1	WBGene00229236
Bm3178a.1	WBGene00223439
Bm3178b.1	WBGene00223439
Bm9083.1	WBGene00229344
Bm7503.1	WBGene00227764
Bm3456.1	WBGene00223717
Bm11424.1	WBGene00231685
Bm2692.1	WBGene00222953
Bm2692.2	WBGene00222953
Bm13881.1	WBGene00234142
Bm4665.1	WBGene00224926
Bm6781a.1	WBGene00227042
Bm6781b.1	WBGene00227042
Bm8823.1	WBGene00229084
Bm13727.1	WBGene00233988
Bm11557b.1	WBGene00231818
Bm11557a.1	WBGene00231818
Bm8824a.1	WBGene00229085
Bm8824b.1	WBGene00229085
Bm8825.1	WBGene00229086
Bm17456.1	WBGene00268599
Bm17457.1	WBGene00268600
Bm17458.1	WBGene00268601
Bm17459.1	WBGene00268602
Bm17460.1	WBGene00268603
Bm10325.1	WBGene00230586
Bm4349.1	WBGene00224610
Bm6127.1	WBGene00226388
Bm6130.1	WBGene00226391
Bm5591.1	WBGene00225852
Bm10326.1	WBGene00230587
Bm5489.1	WBGene00225750
Bm1396a.1	WBGene00221657
Bm1396b.1	WBGene00221657
Bm1877a.1	WBGene00222138
Bm1877b.1	WBGene00222138
Bm4380.1	WBGene00224641
Bm3541.1	WBGene00223802
Bm3273.1	WBGene00223534
Bm1397.1	WBGene00221658
Bm10327.1	WBGene00230588
Bm10328a.1	WBGene00230589
Bm10328b.1	WBGene00230589
Bm7626.1	WBGene00227887
Bm10329.1	WBGene00230590
Bm10330.1	WBGene00230591
Bm10331.1	WBGene00230592
Bm4450a.1	WBGene00224711
Bm4450b.1	WBGene00224711
Bm10332.1	WBGene00230593
Bm12747b.1	WBGene00233008
Bm12747a.1	WBGene00233008
Bm15a.1	WBGene00220276
Bm15b.1	WBGene00220276
Bm5403.1	WBGene00225664
Bm4968a.1	WBGene00225229
Bm4968b.1	WBGene00225229
Bm5891.1	WBGene00226152
Bm17461b.1	WBGene00268604
Bm17461a.1	WBGene00268604
Bm17462.1	WBGene00268605
Bm551a.1	WBGene00220812
Bm551b.1	WBGene00220812
Bm8451.1	WBGene00228712
Bm4755.1	WBGene00225016
Bm6302.1	WBGene00226563
Bm13880.1	WBGene00234141
Bm13880.2	WBGene00234141
Bm12638.2	WBGene00232899
Bm12638.1	WBGene00232899
Bm18102.1	WBGene00269242
Bm10640b.1	WBGene00230901
Bm10640a.1	WBGene00230901
Bm17463.1	WBGene00268606
Bm17464.1	WBGene00268607
Bm17465.1	WBGene00268608
Bm17466.1	WBGene00268609
Bm17467.1	WBGene00268610
Bm17468.1	WBGene00268611
Bm17469.1	WBGene00268612
Bm6337.1	WBGene00226598
Bm17470.1	WBGene00268613
Bm17471.1	WBGene00268614
Bm17472a.1	WBGene00268615
Bm17472b.1	WBGene00268615
Bm2919a.1	WBGene00223180
Bm2919b.1	WBGene00223180
Bm2919c.1	WBGene00223180
Bm4707a.1	WBGene00224968
Bm4707b.1	WBGene00224968
Bm9011.1	WBGene00229272
Bm9012a.1	WBGene00229273
Bm9012b.1	WBGene00229273
Bm9013.1	WBGene00229274
Bm5188a.1	WBGene00225449
Bm5188b.1	WBGene00225449
Bm17473.1	WBGene00268616
Bm1114.1	WBGene00221375
Bm17474.1	WBGene00268617
Bm3732a.1	WBGene00223993
Bm3732b.1	WBGene00223993
Bm8857.1	WBGene00229118
Bm8594.1	WBGene00228855
Bm8594.2	WBGene00228855
Bm8594.4	WBGene00228855
Bm8594.5	WBGene00228855
Bm8594.3	WBGene00228855
Bm18202a.1	WBGene00269349
Bm18202b.1	WBGene00269349
Bm8855.1	WBGene00229116
Bm18201.1	WBGene00269348
Bm5602.1	WBGene00225863
Bm3371.1	WBGene00223632
Bm8854.1	WBGene00229115
Bm7495a.1	WBGene00227756
Bm7495b.1	WBGene00227756
Bm12208.1	WBGene00232469
Bm2478b.1	WBGene00222739
Bm2478a.1	WBGene00222739
Bm8853b.1	WBGene00229114
Bm8853c.1	WBGene00229114
Bm8853a.1	WBGene00229114
Bm1172.1	WBGene00221433
Bm13993.1	WBGene00234254
Bm18203.1	WBGene00269350
Bm18203.2	WBGene00269350
Bm8852.1	WBGene00229113
Bm8851.1	WBGene00229112
Bm6160.1	WBGene00226421
Bm8850.1	WBGene00229111
Bm2272.1	WBGene00222533
Bm2691.1	WBGene00222952
Bm3253.1	WBGene00223514
Bm14030.1	WBGene00234291
Bm8112.1	WBGene00228373
Bm3252.1	WBGene00223513
Bm3844.1	WBGene00224105
Bm2385.1	WBGene00222646
Bm3360.1	WBGene00223621
Bm3356.1	WBGene00223617
Bm8848.1	WBGene00229109
Bm246.1	WBGene00220507
Bm5303.1	WBGene00225564
Bm3513.1	WBGene00223774
Bm4723.1	WBGene00224984
Bm9207.1	WBGene00229468
Bm8477.1	WBGene00228738
Bm11564.1	WBGene00231825
Bm6226a.1	WBGene00226487
Bm6226b.1	WBGene00226487
Bm1541d.1	WBGene00221802
Bm1541c.1	WBGene00221802
Bm1541a.1	WBGene00221802
Bm1541b.1	WBGene00221802
Bm17475.1	WBGene00268618
Bm8118b.1	WBGene00228379
Bm8118a.1	WBGene00228379
Bm2392.1	WBGene00222653
Bm9136.1	WBGene00229397
Bm9129.1	WBGene00229390
Bm17476.1	WBGene00268619
Bm9135.1	WBGene00229396
Bm4139.1	WBGene00224400
Bm12213b.1	WBGene00232474
Bm12213a.1	WBGene00232474
Bm6374.1	WBGene00226635
Bm14691.1	WBGene00235026
Bm7631a.1	WBGene00227892
Bm7631b.1	WBGene00227892
Bm7627b.1	WBGene00227888
Bm7627a.1	WBGene00227888
Bm1208.1	WBGene00221469
Bm1208.2	WBGene00221469
Bm3173.1	WBGene00223434
Bm1207.1	WBGene00221468
Bm4093.1	WBGene00224354
Bm2978c.1	WBGene00223239
Bm2978a.1	WBGene00223239
Bm2978b.1	WBGene00223239
Bm17477.1	WBGene00268620
Bm2977b.1	WBGene00223238
Bm2977a.1	WBGene00223238
Bm2977d.1	WBGene00223238
Bm2977c.1	WBGene00223238
Bm6733.1	WBGene00226994
Bm302.1	WBGene00220563
Bm7160.1	WBGene00227421
Bm2065.1	WBGene00222326
Bm2064.1	WBGene00222325
Bm6303b.1	WBGene00226564
Bm6303a.1	WBGene00226564
Bm8698a.1	WBGene00228959
Bm8698b.1	WBGene00228959
Bm3358b.1	WBGene00223619
Bm3358a.1	WBGene00223619
Bm14015b.1	WBGene00234276
Bm14015a.1	WBGene00234276
Bm3748.1	WBGene00224009
Bm2129.1	WBGene00222390
Bm3054b.1	WBGene00223315
Bm3054a.1	WBGene00223315
Bm3055.1	WBGene00223316
Bm6832.1	WBGene00227093
Bm8699.1	WBGene00228960
Bm6831.1	WBGene00227092
Bm6830a.1	WBGene00227091
Bm6830b.1	WBGene00227091
Bm6834.1	WBGene00227095
Bm4423.1	WBGene00224684
Bm1398.1	WBGene00221659
Bm4284b.1	WBGene00224545
Bm4284a.1	WBGene00224545
Bm1994.1	WBGene00222255
Bm1994.2	WBGene00222255
Bm3455.1	WBGene00223716
Bm10335.1	WBGene00230596
Bm12264.1	WBGene00232525
Bm2594.1	WBGene00222855
Bm2479.1	WBGene00222740
Bm6640.1	WBGene00226901
Bm10337.1	WBGene00230598
Bm5565.1	WBGene00225826
Bm10338.1	WBGene00230599
Bm5567.1	WBGene00225828
Bm4883b.1	WBGene00225144
Bm4883a.1	WBGene00225144
Bm1826.1	WBGene00222087
Bm1826.2	WBGene00222087
Bm4094b.1	WBGene00224355
Bm4094a.1	WBGene00224355
Bm2008a.1	WBGene00222269
Bm2008b.1	WBGene00222269
Bm4597.1	WBGene00224858
Bm10339.1	WBGene00230600
Bm18165a.1	WBGene00269305
Bm18165b.1	WBGene00269305
Bm5338.1	WBGene00225599
Bm3100c.1	WBGene00223361
Bm3100a.1	WBGene00223361
Bm3100b.1	WBGene00223361
Bm3100c.2	WBGene00223361
Bm3100c.3	WBGene00223361
Bm3100c.4	WBGene00223361
Bm3100c.5	WBGene00223361
Bm10340.1	WBGene00230601
Bm1667a.1	WBGene00221928
Bm1667b.1	WBGene00221928
Bm8378.1	WBGene00228639
Bm1741a.1	WBGene00222002
Bm1741b.1	WBGene00222002
Bm10343.1	WBGene00230604
Bm1742.1	WBGene00222003
Bm10344.1	WBGene00230605
Bm5470.1	WBGene00225731
Bm4974.1	WBGene00225235
Bm5548.1	WBGene00225809
Bm2592b.1	WBGene00222853
Bm2592a.1	WBGene00222853
Bm3664a.1	WBGene00223925
Bm3664b.1	WBGene00223925
Bm10346.1	WBGene00230607
Bm8223.1	WBGene00228484
Bm10347a.1	WBGene00230608
Bm10347b.1	WBGene00230608
Bm14074.2	WBGene00234335
Bm14074.1	WBGene00234335
Bm13746.1	WBGene00234007
Bm4250.1	WBGene00224511
Bm4247.1	WBGene00224508
Bm5698.1	WBGene00225959
Bm11206a.1	WBGene00231467
Bm11206b.1	WBGene00231467
Bm2958.1	WBGene00223219
Bm10348.1	WBGene00230609
Bm18166b.1	WBGene00269306
Bm18166c.1	WBGene00269306
Bm18166a.1	WBGene00269306
Bm10349.1	WBGene00230610
Bm5146.1	WBGene00225407
Bm2439.1	WBGene00222700
Bm1753a.1	WBGene00222014
Bm1753b.1	WBGene00222014
Bm5514.1	WBGene00225775
Bm2976.1	WBGene00223237
Bm4894a.1	WBGene00225155
Bm4894b.1	WBGene00225155
Bm8249.1	WBGene00228510
Bm5786.1	WBGene00226047
Bm6305.2	WBGene00226566
Bm6305.1	WBGene00226566
Bm4063.1	WBGene00224324
Bm7973.1	WBGene00228234
Bm7232a.1	WBGene00227493
Bm7232b.1	WBGene00227493
Bm11617.1	WBGene00231878
Bm5134.1	WBGene00225395
Bm3096.1	WBGene00223357
Bm13738.1	WBGene00233999
Bm3098.1	WBGene00223359
Bm11432a.1	WBGene00231693
Bm11432b.1	WBGene00231693
Bm3101a.1	WBGene00223362
Bm3101b.1	WBGene00223362
Bm2450a.1	WBGene00222711
Bm2450b.1	WBGene00222711
Bm17478.1	WBGene00268621
Bm8393.1	WBGene00228654
Bm3967b.1	WBGene00224228
Bm3967a.1	WBGene00224228
Bm13843b.1	WBGene00234104
Bm13843a.1	WBGene00234104
Bm1117.1	WBGene00221378
Bm8394b.1	WBGene00228655
Bm8394a.1	WBGene00228655
Bm3034a.1	WBGene00223295
Bm3034b.1	WBGene00223295
Bm3020a.1	WBGene00223281
Bm3020b.1	WBGene00223281
Bm17479.1	WBGene00268622
Bm4833.1	WBGene00225094
Bm17480.1	WBGene00268623
Bm8317.1	WBGene00228578
Bm17481.1	WBGene00268624
Bm8320.1	WBGene00228581
Bm5763.1	WBGene00226024
Bm1404.1	WBGene00221665
Bm13717b.1	WBGene00233978
Bm13717a.1	WBGene00233978
Bm1914a.1	WBGene00222175
Bm1914b.1	WBGene00222175
Bm10354.1	WBGene00230615
Bm1981.1	WBGene00222242
Bm10355.1	WBGene00230616
Bm10356.1	WBGene00230617
Bm1668.1	WBGene00221929
Bm5353.1	WBGene00225614
Bm1737.1	WBGene00221998
Bm6031.1	WBGene00226292
Bm10357a.1	WBGene00230618
Bm10357b.1	WBGene00230618
Bm6128.1	WBGene00226389
Bm5528.1	WBGene00225789
Bm10358.1	WBGene00230619
Bm10359.1	WBGene00230620
Bm14062a.1	WBGene00234323
Bm14062b.1	WBGene00234323
Bm10361.1	WBGene00230622
Bm5149.1	WBGene00225410
Bm17482.1	WBGene00268625
Bm5069a.1	WBGene00225330
Bm5069b.1	WBGene00225330
Bm1885.1	WBGene00222146
Bm10362.1	WBGene00230623
Bm2245.1	WBGene00222506
Bm1708b.1	WBGene00221969
Bm1708a.1	WBGene00221969
Bm556.1	WBGene00220817
Bm10363a.1	WBGene00230624
Bm10363b.1	WBGene00230624
Bm4056.1	WBGene00224317
Bm5236b.1	WBGene00225497
Bm5236a.1	WBGene00225497
Bm14742a.1	WBGene00235077
Bm14742b.1	WBGene00235077
Bm10364.1	WBGene00230625
Bm6752.1	WBGene00227013
Bm6765.1	WBGene00227026
Bm5274.1	WBGene00225535
Bm10365a.1	WBGene00230626
Bm10365b.1	WBGene00230626
Bm17483.1	WBGene00268626
Bm12292b.1	WBGene00232553
Bm12292a.1	WBGene00232553
Bm558.1	WBGene00220819
Bm5579a.1	WBGene00225840
Bm5579b.1	WBGene00225840
Bm6826a.1	WBGene00227087
Bm6826b.1	WBGene00227087
Bm10366a.1	WBGene00230627
Bm10366b.1	WBGene00230627
Bm10367.1	WBGene00230628
Bm2030.1	WBGene00222291
Bm10372e.1	WBGene00230633
Bm10372a.1	WBGene00230633
Bm10372d.1	WBGene00230633
Bm10372b.1	WBGene00230633
Bm10372c.1	WBGene00230633
Bm10368.1	WBGene00230629
Bm3223a.1	WBGene00223484
Bm3223b.1	WBGene00223484
Bm3223c.1	WBGene00223484
Bm13281.1	WBGene00233542
Bm12042.1	WBGene00232303
Bm10373.1	WBGene00230634
Bm3250.1	WBGene00223511
Bm11197.1	WBGene00231458
Bm4593a.1	WBGene00224854
Bm4593b.1	WBGene00224854
Bm14051.1	WBGene00234312
Bm2104a.1	WBGene00222365
Bm2104b.1	WBGene00222365
Bm2505.1	WBGene00222766
Bm4360b.1	WBGene00224621
Bm4360a.1	WBGene00224621
Bm4369.1	WBGene00224630
Bm5265.1	WBGene00225526
Bm13709.1	WBGene00233970
Bm12651.1	WBGene00232912
Bm4031.1	WBGene00224292
Bm4031.2	WBGene00224292
Bm3396.1	WBGene00223657
Bm17484a.1	WBGene00268627
Bm17484b.1	WBGene00268627
Bm9604.1	WBGene00229865
Bm6225.1	WBGene00226486
Bm9603.1	WBGene00229864
Bm12191.1	WBGene00232452
Bm5119.1	WBGene00225380
Bm13431.1	WBGene00233692
Bm1071b.1	WBGene00221332
Bm1071a.1	WBGene00221332
Bm5257.1	WBGene00225518
Bm5759.1	WBGene00226020
Bm2690.1	WBGene00222951
Bm5244.1	WBGene00225505
Bm17485.1	WBGene00268628
Bm2286.1	WBGene00222547
Bm17487.1	WBGene00268630
Bm5133.1	WBGene00225394
Bm11276.1	WBGene00231537
Bm17488	WBGene00268631
Bm1393.1	WBGene00221654
Bm540.1	WBGene00220801
Bm3804.1	WBGene00224065
Bm14233.1	WBGene00234494
Bm3116.1	WBGene00223377
Bm5376.1	WBGene00225637
Bm17489	WBGene00268632
Bm5978.1	WBGene00226239
Bm8734.1	WBGene00228995
Bm8733.1	WBGene00228994
Bm8733.2	WBGene00228994
Bm6298a.1	WBGene00226559
Bm6298b.1	WBGene00226559
Bm7590.1	WBGene00227851
Bm220.1	WBGene00220481
Bm12270a.1	WBGene00232531
Bm12270b.1	WBGene00232531
Bm7629a.1	WBGene00227890
Bm7629b.1	WBGene00227890
Bm8730.1	WBGene00228991
Bm8729.1	WBGene00228990
Bm11380.1	WBGene00231641
Bm5145.1	WBGene00225406
Bm4058b.1	WBGene00224319
Bm4058d.1	WBGene00224319
Bm4058c.1	WBGene00224319
Bm4058a.1	WBGene00224319
Bm2220.1	WBGene00222481
Bm1811a.1	WBGene00222072
Bm1811b.1	WBGene00222072
Bm5651b.1	WBGene00225912
Bm5651a.1	WBGene00225912
Bm10780.1	WBGene00231041
Bm10781.1	WBGene00231042
Bm17491.1	WBGene00268634
Bm56.1	WBGene00220317
Bm3500a.1	WBGene00223761
Bm3500b.1	WBGene00223761
Bm1556.1	WBGene00221817
Bm1240.1	WBGene00221501
Bm6913b.1	WBGene00227174
Bm6913a.1	WBGene00227174
Bm5965.1	WBGene00226226
Bm14735.1	WBGene00235070
Bm6726.1	WBGene00226987
Bm14070.1	WBGene00234331
Bm6224a.1	WBGene00226485
Bm6224b.1	WBGene00226485
Bm1239.1	WBGene00221500
Bm9440.1	WBGene00229701
Bm375.1	WBGene00220636
Bm6344b.1	WBGene00226605
Bm6344a.1	WBGene00226605
Bm6345.1	WBGene00226606
Bm9438a.1	WBGene00229699
Bm9438b.1	WBGene00229699
Bm1821a.1	WBGene00222082
Bm1821b.1	WBGene00222082
Bm11348a.1	WBGene00231609
Bm11348b.1	WBGene00231609
Bm9437.1	WBGene00229698
Bm4060.1	WBGene00224321
Bm3282a.1	WBGene00223543
Bm3282b.1	WBGene00223543
Bm13926.1	WBGene00234187
Bm9436.1	WBGene00229697
Bm6129a.1	WBGene00226390
Bm6129b.1	WBGene00226390
Bm9435a.1	WBGene00229696
Bm9435b.1	WBGene00229696
Bm3172a.1	WBGene00223433
Bm3172a.2	WBGene00223433
Bm3172b.1	WBGene00223433
Bm6268a.1	WBGene00226529
Bm6268b.1	WBGene00226529
Bm9434.1	WBGene00229695
Bm3542.1	WBGene00223803
Bm9433.1	WBGene00229694
Bm3657.1	WBGene00223918
Bm4336.1	WBGene00224597
Bm9431.1	WBGene00229692
Bm9430.1	WBGene00229691
Bm4931.1	WBGene00225192
Bm374.1	WBGene00220635
Bm9429.1	WBGene00229690
Bm4109.1	WBGene00224370
Bm5484.1	WBGene00225745
Bm7962a.1	WBGene00228223
Bm7962b.1	WBGene00228223
Bm5366.1	WBGene00225627
Bm10492.1	WBGene00230753
Bm9359.1	WBGene00229620
Bm10491.1	WBGene00230752
Bm9358.1	WBGene00229619
Bm10496.1	WBGene00230757
Bm10493.1	WBGene00230754
Bm9360.1	WBGene00229621
Bm9361.1	WBGene00229622
Bm6648.1	WBGene00226909
Bm2792.1	WBGene00223053
Bm5612.1	WBGene00225873
Bm3749a.1	WBGene00224010
Bm3749b.1	WBGene00224010
Bm11290.1	WBGene00231551
Bm5443c.1	WBGene00225704
Bm5443a.1	WBGene00225704
Bm5443b.1	WBGene00225704
Bm7656a.1	WBGene00227917
Bm7656b.1	WBGene00227917
Bm8653.1	WBGene00228914
Bm2538.1	WBGene00222799
Bm7644.1	WBGene00227905
Bm14126.1	WBGene00234387
Bm4277.1	WBGene00224538
Bm8652.1	WBGene00228913
Bm5996.1	WBGene00226257
Bm4337a.1	WBGene00224598
Bm4337b.1	WBGene00224598
Bm4185.1	WBGene00224446
Bm6649.1	WBGene00226910
Bm6653.1	WBGene00226914
Bm8651a.1	WBGene00228912
Bm8651b.1	WBGene00228912
Bm8651c.1	WBGene00228912
Bm8651d.1	WBGene00228912
Bm16934b.1	WBGene00255552
Bm16934c.1	WBGene00255552
Bm16934a.1	WBGene00255552
Bm16934d.1	WBGene00255552
Bm2441.1	WBGene00222702
Bm1728.1	WBGene00221989
Bm5687.1	WBGene00225948
Bm5686.1	WBGene00225947
Bm5685.1	WBGene00225946
Bm6660.1	WBGene00226921
Bm12153.1	WBGene00232414
Bm14708a.1	WBGene00235043
Bm14708c.1	WBGene00235043
Bm14708d.1	WBGene00235043
Bm14708b.1	WBGene00235043
Bm14125a.1	WBGene00234386
Bm14125b.1	WBGene00234386
Bm11309.1	WBGene00231570
Bm4108.1	WBGene00224369
Bm8650.1	WBGene00228911
Bm1146.1	WBGene00221407
Bm8649a.1	WBGene00228910
Bm8649b.1	WBGene00228910
Bm5653.1	WBGene00225914
Bm2923.1	WBGene00223184
Bm12060.1	WBGene00232321
Bm6945.1	WBGene00227206
Bm8648.1	WBGene00228909
Bm7228a.1	WBGene00227489
Bm7228b.1	WBGene00227489
Bm4563.1	WBGene00224824
Bm2418a.1	WBGene00222679
Bm2418b.1	WBGene00222679
Bm2418c.1	WBGene00222679
Bm6162a.1	WBGene00226423
Bm6162b.1	WBGene00226423
Bm3687.1	WBGene00223948
Bm13672a.1	WBGene00233933
Bm13672b.1	WBGene00233933
Bm6411a.1	WBGene00226672
Bm6411b.1	WBGene00226672
Bm13243.1	WBGene00233504
Bm13803.1	WBGene00234064
Bm1689.1	WBGene00221950
Bm14124.1	WBGene00234385
Bm2481.1	WBGene00222742
Bm6865a.1	WBGene00227126
Bm6865b.1	WBGene00227126
Bm3375.1	WBGene00223636
Bm7786.1	WBGene00228047
Bm11330.1	WBGene00231591
Bm1068a.1	WBGene00221329
Bm1068b.1	WBGene00221329
Bm1704.1	WBGene00221965
Bm7672a.1	WBGene00227933
Bm7672b.1	WBGene00227933
Bm7671c.1	WBGene00227932
Bm7671a.1	WBGene00227932
Bm7671b.1	WBGene00227932
Bm7671d.1	WBGene00227932
Bm7671e.1	WBGene00227932
Bm11233.1	WBGene00231494
Bm7787.1	WBGene00228048
Bm7787.2	WBGene00228048
Bm7788b.1	WBGene00228049
Bm7788a.1	WBGene00228049
Bm6308.1	WBGene00226569
Bm4754.1	WBGene00225015
Bm2901.1	WBGene00223162
Bm2902a.1	WBGene00223163
Bm2902b.1	WBGene00223163
Bm14445.1	WBGene00234706
Bm2855a.1	WBGene00223116
Bm2855b.1	WBGene00223116
Bm2855d.1	WBGene00223116
Bm17492.1	WBGene00268635
Bm2043b.1	WBGene00222304
Bm2043a.1	WBGene00222304
Bm2043b.2	WBGene00222304
Bm3112.1	WBGene00223373
Bm3111.1	WBGene00223372
Bm2400.1	WBGene00222661
Bm7789.1	WBGene00228050
Bm13780.1	WBGene00234041
Bm7790.1	WBGene00228051
Bm3084.1	WBGene00223345
Bm7791a.1	WBGene00228052
Bm7791b.1	WBGene00228052
Bm3984.1	WBGene00224245
Bm5105a.1	WBGene00225366
Bm5105c.1	WBGene00225366
Bm5105b.1	WBGene00225366
Bm14677a.1	WBGene00235012
Bm14677b.1	WBGene00235012
Bm3175.1	WBGene00223436
Bm14676b.1	WBGene00235011
Bm14676a.1	WBGene00235011
Bm13770.1	WBGene00234031
Bm4581.1	WBGene00224842
Bm4580a.1	WBGene00224841
Bm4580b.1	WBGene00224841
Bm14032.1	WBGene00234293
Bm5238.1	WBGene00225499
Bm7792.1	WBGene00228053
Bm1205.1	WBGene00221466
Bm1294b.1	WBGene00221555
Bm1294a.1	WBGene00221555
Bm3157.1	WBGene00223418
Bm1295b.1	WBGene00221556
Bm1295a.1	WBGene00221556
Bm1295c.1	WBGene00221556
Bm1295d.1	WBGene00221556
Bm9735.1	WBGene00229996
Bm3505.1	WBGene00223766
Bm13948.1	WBGene00234209
Bm1297a.1	WBGene00221558
Bm1297b.1	WBGene00221558
Bm7553.1	WBGene00227814
Bm9736.1	WBGene00229997
Bm13676b.1	WBGene00233937
Bm13676a.1	WBGene00233937
Bm13686.1	WBGene00233947
Bm6258b.1	WBGene00226519
Bm6258a.1	WBGene00226519
Bm6659.1	WBGene00226920
Bm18204.1	WBGene00269351
Bm437a.1	WBGene00220698
Bm437b.1	WBGene00220698
Bm4661.1	WBGene00224922
Bm6300a.1	WBGene00226561
Bm6300b.1	WBGene00226561
Bm14681a.1	WBGene00235016
Bm14681b.1	WBGene00235016
Bm14681c.1	WBGene00235016
Bm9737a.1	WBGene00229998
Bm9737b.1	WBGene00229998
Bm9738b.1	WBGene00229999
Bm9738a.1	WBGene00229999
Bm9739.1	WBGene00230000
Bm6583a.1	WBGene00226844
Bm6583b.1	WBGene00226844
Bm6589.1	WBGene00226850
Bm6584.1	WBGene00226845
Bm6585.1	WBGene00226846
Bm1298.1	WBGene00221559
Bm4594.1	WBGene00224855
Bm9740b.1	WBGene00230001
Bm9740a.1	WBGene00230001
Bm13923a.1	WBGene00234184
Bm13923b.1	WBGene00234184
Bm4612.1	WBGene00224873
Bm12020.1	WBGene00232281
Bm3781.2	WBGene00224042
Bm3781.1	WBGene00224042
Bm2112.1	WBGene00222373
Bm4846.1	WBGene00225107
Bm13587.1	WBGene00233848
Bm4234.1	WBGene00224495
Bm9741.1	WBGene00230002
Bm9743.1	WBGene00230004
Bm9746.1	WBGene00230007
Bm6698.1	WBGene00226959
Bm9745.1	WBGene00230006
Bm3032.1	WBGene00223293
Bm3032.2	WBGene00223293
Bm9744a.1	WBGene00230005
Bm9744b.1	WBGene00230005
Bm7332.1	WBGene00227593
Bm4616.1	WBGene00224877
Bm18122.1	WBGene00269262
Bm18124.1	WBGene00269264
Bm18123.1	WBGene00269263
Bm4928a.1	WBGene00225189
Bm4928c.1	WBGene00225189
Bm4928b.1	WBGene00225189
Bm9411.1	WBGene00229672
Bm5313.1	WBGene00225574
Bm17493.1	WBGene00268636
Bm17494.1	WBGene00268637
Bm13997.1	WBGene00234258
Bm9410.1	WBGene00229671
Bm4877.1	WBGene00225138
Bm9409.1	WBGene00229670
Bm7647.1	WBGene00227908
Bm9408.1	WBGene00229669
Bm9407.1	WBGene00229668
Bm9413.1	WBGene00229674
Bm11526.1	WBGene00231787
Bm2889.1	WBGene00223150
Bm8656.1	WBGene00228917
Bm5892.1	WBGene00226153
Bm5875a.1	WBGene00226136
Bm5875b.1	WBGene00226136
Bm17495.1	WBGene00268638
Bm13736.1	WBGene00233997
Bm13792.1	WBGene00234053
Bm13708.1	WBGene00233969
Bm2090a.1	WBGene00222351
Bm2090b.1	WBGene00222351
Bm7473.1	WBGene00227734
Bm3839.1	WBGene00224100
Bm17496.1	WBGene00268639
Bm17497.1	WBGene00268640
Bm17498.1	WBGene00268641
Bm17499.1	WBGene00268642
Bm9381.1	WBGene00229642
Bm9380.1	WBGene00229641
Bm9379.1	WBGene00229640
Bm18584.1	WBGene00304245
Bm2326.1	WBGene00222587
Bm2327.1	WBGene00222588
Bm9378.1	WBGene00229639
Bm1683.1	WBGene00221944
Bm6902.1	WBGene00227163
Bm4480a.1	WBGene00224741
Bm4480b.1	WBGene00224741
Bm9377a.1	WBGene00229638
Bm9377b.1	WBGene00229638
Bm8453.1	WBGene00228714
Bm5071.1	WBGene00225332
Bm10385.1	WBGene00230646
Bm10386a.1	WBGene00230647
Bm10386b.1	WBGene00230647
Bm5469.1	WBGene00225730
Bm5896.1	WBGene00226157
Bm13807.1	WBGene00234068
Bm14815.1	WBGene00235000
Bm10387.1	WBGene00230648
Bm3224.1	WBGene00223485
Bm3782b.1	WBGene00224043
Bm3782a.1	WBGene00224043
Bm4533.1	WBGene00224794
Bm4971c.1	WBGene00225232
Bm4971b.1	WBGene00225232
Bm4971a.1	WBGene00225232
Bm3993.1	WBGene00224254
Bm5699.1	WBGene00225960
Bm5699.3	WBGene00225960
Bm5699.2	WBGene00225960
Bm10388a.1	WBGene00230649
Bm10388c.1	WBGene00230649
Bm13506.1	WBGene00233767
Bm10389.1	WBGene00230650
Bm562.1	WBGene00220823
Bm564.1	WBGene00220825
Bm17500.1	WBGene00268643
Bm10390a.1	WBGene00230651
Bm10390b.1	WBGene00230651
Bm10391.1	WBGene00230652
Bm10392.1	WBGene00230653
Bm7472.1	WBGene00227733
Bm3058a.1	WBGene00223319
Bm3058b.1	WBGene00223319
Bm3059.1	WBGene00223320
Bm10393.1	WBGene00230654
Bm10394a.1	WBGene00230655
Bm10394b.1	WBGene00230655
Bm4724.1	WBGene00224985
Bm4724.2	WBGene00224985
Bm4096a.1	WBGene00224357
Bm4096c.1	WBGene00224357
Bm4096b.1	WBGene00224357
Bm1408.1	WBGene00221669
Bm6063c.1	WBGene00226324
Bm6063a.1	WBGene00226324
Bm6063b.1	WBGene00226324
Bm2123.1	WBGene00222384
Bm7593a.1	WBGene00227854
Bm7593b.1	WBGene00227854
Bm5551.1	WBGene00225812
Bm7665.1	WBGene00227926
Bm2473a.1	WBGene00222734
Bm2473b.1	WBGene00222734
Bm16938.1	WBGene00255559
Bm7594a.1	WBGene00227855
Bm7594b.1	WBGene00227855
Bm10395.1	WBGene00230656
Bm10396.1	WBGene00230657
Bm2557.1	WBGene00222818
Bm10397.1	WBGene00230658
Bm2219.1	WBGene00222480
Bm2007.1	WBGene00222268
Bm13942.1	WBGene00234203
Bm14769.2	WBGene00234954
Bm14769.1	WBGene00234954
Bm14769.3	WBGene00234954
Bm14769.4	WBGene00234954
Bm14769.6	WBGene00234954
Bm14769.5	WBGene00234954
Bm14769.7	WBGene00234954
Bm14769.8	WBGene00234954
Bm4275a.1	WBGene00224536
Bm4275b.1	WBGene00224536
Bm6142a.1	WBGene00226403
Bm6142b.1	WBGene00226403
Bm3910.1	WBGene00224171
Bm13989b.1	WBGene00234250
Bm13989a.1	WBGene00234250
Bm7266.1	WBGene00227527
Bm6644.1	WBGene00226905
Bm17501.1	WBGene00268644
Bm10398.1	WBGene00230659
Bm1412.1	WBGene00221673
Bm1876.1	WBGene00222137
Bm4355.1	WBGene00224616
Bm1413.1	WBGene00221674
Bm1413.2	WBGene00221674
Bm3672.1	WBGene00223933
Bm2824.1	WBGene00223085
Bm2823.1	WBGene00223084
Bm2951.1	WBGene00223212
Bm2822.1	WBGene00223083
Bm17502.1	WBGene00268645
Bm14825.1	WBGene00235135
Bm5477c.1	WBGene00225738
Bm5477b.1	WBGene00225738
Bm5477a.1	WBGene00225738
Bm5478c.1	WBGene00225739
Bm5478a.1	WBGene00225739
Bm5478b.1	WBGene00225739
Bm10399.1	WBGene00230660
Bm5476.1	WBGene00225737
Bm5228.2	WBGene00225489
Bm5228.1	WBGene00225489
Bm2508a.1	WBGene00222769
Bm2508c.1	WBGene00222769
Bm2508b.1	WBGene00222769
Bm1415.1	WBGene00221676
Bm10400b.1	WBGene00230661
Bm10400a.1	WBGene00230661
Bm3691.1	WBGene00223952
Bm3692.1	WBGene00223953
Bm4138.1	WBGene00224399
Bm12685.1	WBGene00232946
Bm5780.1	WBGene00226041
Bm5781.1	WBGene00226042
Bm2900f.1	WBGene00223161
Bm2900e.1	WBGene00223161
Bm2900a.1	WBGene00223161
Bm2900b.1	WBGene00223161
Bm2900d.1	WBGene00223161
Bm2900c.1	WBGene00223161
Bm3283.1	WBGene00223544
Bm6762.1	WBGene00227023
Bm10401a.1	WBGene00230662
Bm10401b.1	WBGene00230662
Bm2313.1	WBGene00222574
Bm1416a.1	WBGene00221677
Bm1416b.1	WBGene00221677
Bm10402.1	WBGene00230663
Bm10403.1	WBGene00230664
Bm10403.2	WBGene00230664
Bm10405.1	WBGene00230666
Bm1417.1	WBGene00221678
Bm13791.1	WBGene00234052
Bm17503a.1	WBGene00268646
Bm17503b.1	WBGene00268646
Bm10406a.1	WBGene00230667
Bm10406b.1	WBGene00230667
Bm1808.1	WBGene00222069
Bm3057a.1	WBGene00223318
Bm3057b.1	WBGene00223318
Bm5500.1	WBGene00225761
Bm10407b.1	WBGene00230668
Bm10407a.1	WBGene00230668
Bm567.1	WBGene00220828
Bm3980.1	WBGene00224241
Bm10408.1	WBGene00230669
Bm1688.1	WBGene00221949
Bm5727.1	WBGene00225988
Bm10409.1	WBGene00230670
Bm10410.1	WBGene00230671
Bm14239.1	WBGene00234500
Bm4149.1	WBGene00224410
Bm5881.1	WBGene00226142
Bm568.1	WBGene00220829
Bm10411.1	WBGene00230672
Bm10412.1	WBGene00230673
Bm10413a.1	WBGene00230674
Bm10413b.1	WBGene00230674
Bm10414.1	WBGene00230675
Bm6071.1	WBGene00226332
Bm6335a.1	WBGene00226596
Bm6335b.1	WBGene00226596
Bm4835.1	WBGene00225096
Bm10416.1	WBGene00230677
Bm10417.1	WBGene00230678
Bm2970.2	WBGene00223231
Bm2970.3	WBGene00223231
Bm2970.1	WBGene00223231
Bm6723a.1	WBGene00226984
Bm6723b.1	WBGene00226984
Bm10418.1	WBGene00230679
Bm4973.1	WBGene00225234
Bm10419.1	WBGene00230680
Bm10420.1	WBGene00230681
Bm4191.1	WBGene00224452
Bm13137.1	WBGene00233398
Bm1822a.1	WBGene00222083
Bm1822b.1	WBGene00222083
Bm1823a.1	WBGene00222084
Bm1823b.1	WBGene00222084
Bm7447.1	WBGene00227708
Bm7447.2	WBGene00227708
Bm7447.3	WBGene00227708
Bm570.1	WBGene00220831
Bm3077.1	WBGene00223338
Bm4318a.1	WBGene00224579
Bm4318b.1	WBGene00224579
Bm5928b.1	WBGene00226189
Bm5928a.1	WBGene00226189
Bm5928c.1	WBGene00226189
Bm3170.1	WBGene00223431
Bm6154b.1	WBGene00226415
Bm6154a.1	WBGene00226415
Bm17504.1	WBGene00268647
Bm14240.1	WBGene00234501
Bm10424.1	WBGene00230685
Bm10425.1	WBGene00230686
Bm5289.1	WBGene00225550
Bm6120.1	WBGene00226381
Bm2047a.1	WBGene00222308
Bm2047b.1	WBGene00222308
Bm3520b.1	WBGene00223781
Bm3520a.1	WBGene00223781
Bm6435b.1	WBGene00226696
Bm6435a.1	WBGene00226696
Bm5805.1	WBGene00226066
Bm14055.1	WBGene00234316
Bm2223b.1	WBGene00222484
Bm2223a.1	WBGene00222484
Bm2221.1	WBGene00222482
Bm10426b.1	WBGene00230687
Bm10426a.1	WBGene00230687
Bm10427e.1	WBGene00230688
Bm10427a.1	WBGene00230688
Bm10427d.1	WBGene00230688
Bm2288.1	WBGene00222549
Bm13757a.1	WBGene00234018
Bm13757b.1	WBGene00234018
Bm13757a.2	WBGene00234018
Bm13757b.2	WBGene00234018
Bm11952a.1	WBGene00232213
Bm11952b.1	WBGene00232213
Bm7272a.1	WBGene00227533
Bm7272b.1	WBGene00227533
Bm7274.1	WBGene00227535
Bm13782.1	WBGene00234043
Bm10429.1	WBGene00230690
Bm7275.1	WBGene00227536
Bm10430b.1	WBGene00230691
Bm10430a.1	WBGene00230691
Bm10431a.1	WBGene00230692
Bm10431b.1	WBGene00230692
Bm3171d.1	WBGene00223432
Bm3171d.2	WBGene00223432
Bm3171a.1	WBGene00223432
Bm3171b.1	WBGene00223432
Bm3171c.1	WBGene00223432
Bm3171d.3	WBGene00223432
Bm10432.1	WBGene00230693
Bm7664.1	WBGene00227925
Bm10433.1	WBGene00230694
Bm2658a.1	WBGene00222919
Bm2658b.1	WBGene00222919
Bm10434a.1	WBGene00230695
Bm10434b.1	WBGene00230695
Bm14073.1	WBGene00234334
Bm573a.1	WBGene00220834
Bm573c.1	WBGene00220834
Bm573d.1	WBGene00220834
Bm573d.2	WBGene00220834
Bm573b.1	WBGene00220834
Bm573d.3	WBGene00220834
Bm574a.1	WBGene00220835
Bm574b.1	WBGene00220835
Bm574c.1	WBGene00220835
Bm574d.1	WBGene00220835
Bm10435.1	WBGene00230696
Bm3011b.1	WBGene00223272
Bm3011a.1	WBGene00223272
Bm4362a.1	WBGene00224623
Bm4362b.1	WBGene00224623
Bm5290.1	WBGene00225551
Bm5286a.1	WBGene00225547
Bm5286b.1	WBGene00225547
Bm5286c.1	WBGene00225547
Bm10436.1	WBGene00230697
Bm5291.1	WBGene00225552
Bm575.1	WBGene00220836
Bm2833.1	WBGene00223094
Bm6449a.1	WBGene00226710
Bm6449b.1	WBGene00226710
Bm3979.1	WBGene00224240
Bm6441a.1	WBGene00226702
Bm6441b.1	WBGene00226702
Bm10437.1	WBGene00230698
Bm3802.1	WBGene00224063
Bm16925a.1	WBGene00255510
Bm16925b.1	WBGene00255510
Bm3801a.1	WBGene00224062
Bm3801c.1	WBGene00224062
Bm3801c.2	WBGene00224062
Bm3801b.1	WBGene00224062
Bm3800.1	WBGene00224061
Bm3733.1	WBGene00223994
Bm17505.1	WBGene00268648
Bm10438.1	WBGene00230699
Bm5072b.1	WBGene00225333
Bm5072a.1	WBGene00225333
Bm1716a.1	WBGene00221977
Bm1716b.1	WBGene00221977
Bm6748.1	WBGene00227009
Bm10439.1	WBGene00230700
Bm10440a.1	WBGene00230701
Bm10440b.1	WBGene00230701
Bm10441a.1	WBGene00230702
Bm10441b.1	WBGene00230702
Bm10442.1	WBGene00230703
Bm1888a.1	WBGene00222149
Bm1888e.1	WBGene00222149
Bm1888c.1	WBGene00222149
Bm1888d.1	WBGene00222149
Bm1888f.1	WBGene00222149
Bm1888b.1	WBGene00222149
Bm6756.1	WBGene00227017
Bm10443.1	WBGene00230704
Bm2001.1	WBGene00222262
Bm10444.1	WBGene00230705
Bm10445.1	WBGene00230706
Bm4937.1	WBGene00225198
Bm3738.3	WBGene00223999
Bm3738.4	WBGene00223999
Bm3738.2	WBGene00223999
Bm3738.1	WBGene00223999
Bm3118a.1	WBGene00223379
Bm3118b.1	WBGene00223379
Bm3118a.2	WBGene00223379
Bm17506.1	WBGene00268649
Bm6046.1	WBGene00226307
Bm10447.1	WBGene00230708
Bm4061.1	WBGene00224322
Bm6758.1	WBGene00227019
Bm5002.1	WBGene00225263
Bm2084.1	WBGene00222345
Bm5603.1	WBGene00225864
Bm2163.1	WBGene00222424
Bm7657.1	WBGene00227918
Bm7658a.1	WBGene00227919
Bm7658d.1	WBGene00227919
Bm7658c.1	WBGene00227919
Bm13990b.1	WBGene00234251
Bm13990c.1	WBGene00234251
Bm13990a.1	WBGene00234251
Bm13990d.1	WBGene00234251
Bm5994.1	WBGene00226255
Bm7663.1	WBGene00227924
Bm7666b.1	WBGene00227927
Bm7666a.1	WBGene00227927
Bm858.1	WBGene00221119
Bm6646b.1	WBGene00226907
Bm6646a.1	WBGene00226907
Bm13903.1	WBGene00234164
Bm5118b.1	WBGene00225379
Bm5118a.1	WBGene00225379
Bm3739.1	WBGene00224000
Bm2741.1	WBGene00223002
Bm7669a.1	WBGene00227930
Bm7669b.1	WBGene00227930
Bm6430a.1	WBGene00226691
Bm6430b.1	WBGene00226691
Bm6429.1	WBGene00226690
Bm6429.2	WBGene00226690
Bm1423a.1	WBGene00221684
Bm1423b.1	WBGene00221684
Bm6751.1	WBGene00227012
Bm14037a.1	WBGene00234298
Bm14037b.1	WBGene00234298
Bm6750b.1	WBGene00227011
Bm6750a.1	WBGene00227011
Bm7282.1	WBGene00227543
Bm8528.1	WBGene00228789
Bm8528.2	WBGene00228789
Bm7645.1	WBGene00227906
Bm10448.2	WBGene00230709
Bm10448.1	WBGene00230709
Bm7673.1	WBGene00227934
Bm2318b.1	WBGene00222579
Bm2318a.1	WBGene00222579
Bm5784.1	WBGene00226045
Bm5785.1	WBGene00226046
Bm5785.2	WBGene00226046
Bm10449.1	WBGene00230710
Bm10450.1	WBGene00230711
Bm7334a.1	WBGene00227595
Bm7334b.1	WBGene00227595
Bm8793.1	WBGene00229054
Bm3272b.1	WBGene00223533
Bm3272c.1	WBGene00223533
Bm3272a.1	WBGene00223533
Bm3272d.1	WBGene00223533
Bm3812.1	WBGene00224073
Bm17507.1	WBGene00268650
Bm7805.1	WBGene00228066
Bm4879a.1	WBGene00225140
Bm4879b.1	WBGene00225140
Bm4880b.1	WBGene00225141
Bm4880a.1	WBGene00225141
Bm3965b.1	WBGene00224226
Bm3965a.1	WBGene00224226
Bm13914.1	WBGene00234175
Bm2529.1	WBGene00222790
Bm5208a.1	WBGene00225469
Bm5208b.1	WBGene00225469
Bm1939.1	WBGene00222200
Bm4216.1	WBGene00224477
Bm5921.1	WBGene00226182
Bm1966a.1	WBGene00222227
Bm1966b.1	WBGene00222227
Bm13962.1	WBGene00234223
Bm9766.1	WBGene00230027
Bm7474.1	WBGene00227735
Bm9305.1	WBGene00229566
Bm4194.1	WBGene00224455
Bm2398.1	WBGene00222659
Bm2274c.1	WBGene00222535
Bm2274h.1	WBGene00222535
Bm2274i.1	WBGene00222535
Bm2274l.1	WBGene00222535
Bm2274g.1	WBGene00222535
Bm2274f.1	WBGene00222535
Bm2274k.1	WBGene00222535
Bm2274e.1	WBGene00222535
Bm2274d.1	WBGene00222535
Bm2274j.1	WBGene00222535
Bm2274b.1	WBGene00222535
Bm2274a.1	WBGene00222535
Bm2274m.1	WBGene00222535
Bm6125.1	WBGene00226386
Bm6264a.1	WBGene00226525
Bm6264b.1	WBGene00226525
Bm6264c.1	WBGene00226525
Bm1228.1	WBGene00221489
Bm8204.1	WBGene00228465
Bm17508.1	WBGene00268651
Bm16896.1	WBGene00249807
Bm7172.1	WBGene00227433
Bm9153.1	WBGene00229414
Bm9154.1	WBGene00229415
Bm4422.1	WBGene00224683
Bm17510.1	WBGene00268653
Bm9155b.1	WBGene00229416
Bm9155a.1	WBGene00229416
Bm16944.1	WBGene00255593
Bm12165.1	WBGene00232426
Bm6047.1	WBGene00226308
Bm4015b.1	WBGene00224276
Bm4015a.1	WBGene00224276
Bm13986.1	WBGene00234247
Bm1875a.1	WBGene00222136
Bm1875b.1	WBGene00222136
Bm5758c.1	WBGene00226019
Bm5758a.1	WBGene00226019
Bm5758d.1	WBGene00226019
Bm5758b.1	WBGene00226019
Bm9157.1	WBGene00229418
Bm6890a.1	WBGene00227151
Bm6890b.1	WBGene00227151
Bm3641a.1	WBGene00223902
Bm3641f.1	WBGene00223902
Bm3641g.1	WBGene00223902
Bm3641b.1	WBGene00223902
Bm3641i.1	WBGene00223902
Bm3641d.1	WBGene00223902
Bm3641h.1	WBGene00223902
Bm3641c.1	WBGene00223902
Bm3641e.1	WBGene00223902
Bm9158.1	WBGene00229419
Bm3888a.1	WBGene00224149
Bm3888b.1	WBGene00224149
Bm6579b.1	WBGene00226840
Bm6579a.1	WBGene00226840
Bm7884.1	WBGene00228145
Bm8609.1	WBGene00228870
Bm4929.1	WBGene00225190
Bm8608.1	WBGene00228869
Bm1547.1	WBGene00221808
Bm9146.1	WBGene00229407
Bm9148.1	WBGene00229409
Bm4725.1	WBGene00224986
Bm2181a.1	WBGene00222442
Bm2181b.1	WBGene00222442
Bm13744a.1	WBGene00234005
Bm13744b.1	WBGene00234005
Bm6887.1	WBGene00227148
Bm9149.1	WBGene00229410
Bm9150.1	WBGene00229411
Bm6278.1	WBGene00226539
Bm5227.1	WBGene00225488
Bm16894.1	WBGene00249805
Bm16893.1	WBGene00249804
Bm3021a.1	WBGene00223282
Bm3021b.1	WBGene00223282
Bm1959a.1	WBGene00222220
Bm1959b.1	WBGene00222220
Bm13689.1	WBGene00233950
Bm341.1	WBGene00220602
Bm17511.1	WBGene00268654
Bm7800.1	WBGene00228061
Bm17512.1	WBGene00268655
Bm17512.2	WBGene00268655
Bm17513.1	WBGene00268656
Bm17514.1	WBGene00268657
Bm2468.1	WBGene00222729
Bm10109.1	WBGene00230370
Bm4172.1	WBGene00224433
Bm10108b.1	WBGene00230369
Bm10108a.1	WBGene00230369
Bm1750a.1	WBGene00222011
Bm1750b.1	WBGene00222011
Bm1750c.1	WBGene00222011
Bm1751a.1	WBGene00222012
Bm1751b.1	WBGene00222012
Bm5573.1	WBGene00225834
Bm13957.1	WBGene00234218
Bm8357e.1	WBGene00228618
Bm8357f.1	WBGene00228618
Bm8357a.1	WBGene00228618
Bm8357b.1	WBGene00228618
Bm5020.1	WBGene00225281
Bm5200a.1	WBGene00225461
Bm5200b.1	WBGene00225461
Bm4353b.1	WBGene00224614
Bm4353a.1	WBGene00224614
Bm10105.1	WBGene00230366
Bm7719b.1	WBGene00227980
Bm7719a.1	WBGene00227980
Bm6958.1	WBGene00227219
Bm6957.1	WBGene00227218
Bm2382b.1	WBGene00222643
Bm2382b.2	WBGene00222643
Bm2382e.1	WBGene00222643
Bm2382a.1	WBGene00222643
Bm2382e.2	WBGene00222643
Bm507.1	WBGene00220768
Bm10100.1	WBGene00230361
Bm2367.1	WBGene00222628
Bm1363.1	WBGene00221624
Bm10099.1	WBGene00230360
Bm10098.1	WBGene00230359
Bm10097.1	WBGene00230358
Bm5239.1	WBGene00225500
Bm6030.1	WBGene00226291
Bm4782a.1	WBGene00225043
Bm4782b.1	WBGene00225043
Bm10095b.1	WBGene00230356
Bm10095a.1	WBGene00230356
Bm5199.1	WBGene00225460
Bm7105.1	WBGene00227366
Bm3987.1	WBGene00224248
Bm1362.1	WBGene00221623
Bm14771.1	WBGene00234956
Bm10094.1	WBGene00230355
Bm17516.1	WBGene00268659
Bm2186.1	WBGene00222447
Bm14748.1	WBGene00234933
Bm506.1	WBGene00220767
Bm10093.1	WBGene00230354
Bm10092.2	WBGene00230353
Bm10092.1	WBGene00230353
Bm3780.1	WBGene00224041
Bm14822.1	WBGene00235127
Bm17517.1	WBGene00268660
Bm3314a.1	WBGene00223575
Bm3314b.1	WBGene00223575
Bm3315.1	WBGene00223576
Bm10091.1	WBGene00230352
Bm10090.1	WBGene00230351
Bm10089b.1	WBGene00230350
Bm10089a.1	WBGene00230350
Bm10089c.1	WBGene00230350
Bm10088b.1	WBGene00230349
Bm10088a.1	WBGene00230349
Bm5100a.1	WBGene00225361
Bm5100b.1	WBGene00225361
Bm3429b.1	WBGene00223690
Bm3429a.1	WBGene00223690
Bm3429c.1	WBGene00223690
Bm6487.1	WBGene00226748
Bm7579.1	WBGene00227840
Bm4608.1	WBGene00224869
Bm4607a.1	WBGene00224868
Bm4607b.1	WBGene00224868
Bm10087.1	WBGene00230348
Bm2122c.1	WBGene00222383
Bm2122b.1	WBGene00222383
Bm2122d.1	WBGene00222383
Bm2122a.1	WBGene00222383
Bm10086.1	WBGene00230347
Bm2531a.1	WBGene00222792
Bm2531d.1	WBGene00222792
Bm2531c.1	WBGene00222792
Bm2531b.1	WBGene00222792
Bm10085.1	WBGene00230346
Bm5136a.1	WBGene00225397
Bm5136b.1	WBGene00225397
Bm13871a.1	WBGene00234132
Bm13871b.1	WBGene00234132
Bm731b.1	WBGene00220992
Bm731a.1	WBGene00220992
Bm10083.1	WBGene00230344
Bm6724.1	WBGene00226985
Bm3850.1	WBGene00224111
Bm1739a.1	WBGene00222000
Bm1739c.1	WBGene00222000
Bm1739b.1	WBGene00222000
Bm6005b.1	WBGene00226266
Bm6005a.1	WBGene00226266
Bm3053a.1	WBGene00223314
Bm3053b.1	WBGene00223314
Bm5923.1	WBGene00226184
Bm4599.1	WBGene00224860
Bm4866.1	WBGene00225127
Bm10082.1	WBGene00230343
Bm1842a.1	WBGene00222103
Bm1842b.1	WBGene00222103
Bm4483.1	WBGene00224744
Bm6920a.1	WBGene00227181
Bm6920b.1	WBGene00227181
Bm7497a.1	WBGene00227758
Bm7497b.1	WBGene00227758
Bm7497c.1	WBGene00227758
Bm2972.1	WBGene00223233
Bm2971c.1	WBGene00223232
Bm2971a.1	WBGene00223232
Bm2971b.1	WBGene00223232
Bm10081a.1	WBGene00230342
Bm10081b.1	WBGene00230342
Bm7526a.1	WBGene00227787
Bm7526b.1	WBGene00227787
Bm7526c.1	WBGene00227787
Bm5189.1	WBGene00225450
Bm17519.1	WBGene00268662
Bm7528.1	WBGene00227789
Bm2442.1	WBGene00222703
Bm13481.1	WBGene00233742
Bm5611a.1	WBGene00225872
Bm5611b.1	WBGene00225872
Bm502a.1	WBGene00220763
Bm502b.1	WBGene00220763
Bm502d.1	WBGene00220763
Bm502c.1	WBGene00220763
Bm3514a.1	WBGene00223775
Bm3514b.1	WBGene00223775
Bm3512a.1	WBGene00223773
Bm3512a.2	WBGene00223773
Bm3512b.1	WBGene00223773
Bm3512d.2	WBGene00223773
Bm3512c.1	WBGene00223773
Bm3512d.1	WBGene00223773
Bm10079.1	WBGene00230340
Bm2858a.1	WBGene00223119
Bm2858c.1	WBGene00223119
Bm2858b.1	WBGene00223119
Bm17520.1	WBGene00268663
Bm4319b.1	WBGene00224580
Bm4319a.1	WBGene00224580
Bm4320.1	WBGene00224581
Bm501.2	WBGene00220762
Bm501.1	WBGene00220762
Bm14218.1	WBGene00234479
Bm2810b.1	WBGene00223071
Bm2810a.1	WBGene00223071
Bm6819.1	WBGene00227080
Bm10077.1	WBGene00230338
Bm3340a.1	WBGene00223601
Bm3340b.1	WBGene00223601
Bm3340c.1	WBGene00223601
Bm10076b.1	WBGene00230337
Bm10076a.1	WBGene00230337
Bm4478.1	WBGene00224739
Bm10075.1	WBGene00230336
Bm1535b.1	WBGene00221796
Bm1535a.1	WBGene00221796
Bm6193.1	WBGene00226454
Bm500.1	WBGene00220761
Bm4713.1	WBGene00224974
Bm10073.1	WBGene00230334
Bm4876.1	WBGene00225137
Bm10072.1	WBGene00230333
Bm10071a.1	WBGene00230332
Bm10071b.1	WBGene00230332
Bm5440.1	WBGene00225701
Bm13479.1	WBGene00233740
Bm17521.1	WBGene00268664
Bm6835a.1	WBGene00227096
Bm6835b.1	WBGene00227096
Bm1359b.1	WBGene00221620
Bm1359a.1	WBGene00221620
Bm10070.1	WBGene00230331
Bm4472.1	WBGene00224733
Bm2811b.1	WBGene00223072
Bm2811a.1	WBGene00223072
Bm7419b.1	WBGene00227680
Bm7419a.1	WBGene00227680
Bm10068a.1	WBGene00230329
Bm10068b.1	WBGene00230329
Bm10067.1	WBGene00230328
Bm3339a.1	WBGene00223600
Bm3339a.2	WBGene00223600
Bm3339a.6	WBGene00223600
Bm3339a.3	WBGene00223600
Bm3339a.4	WBGene00223600
Bm3339b.1	WBGene00223600
Bm3339a.5	WBGene00223600
Bm3033.1	WBGene00223294
Bm3836.1	WBGene00224097
Bm5832.1	WBGene00226093
Bm6426.1	WBGene00226687
Bm2920.1	WBGene00223181
Bm4869a.1	WBGene00225130
Bm4869b.1	WBGene00225130
Bm6551.1	WBGene00226812
Bm5578a.1	WBGene00225839
Bm5578b.1	WBGene00225839
Bm5578a.2	WBGene00225839
Bm3611.2	WBGene00223872
Bm3611.1	WBGene00223872
Bm3611.3	WBGene00223872
Bm17522.1	WBGene00268665
Bm10066.1	WBGene00230327
Bm7425a.1	WBGene00227686
Bm7425b.1	WBGene00227686
Bm10065b.1	WBGene00230326
Bm10065a.1	WBGene00230326
Bm2964a.1	WBGene00223225
Bm2964b.1	WBGene00223225
Bm10063.1	WBGene00230324
Bm3257c.1	WBGene00223518
Bm3257a.1	WBGene00223518
Bm3257b.1	WBGene00223518
Bm3257d.1	WBGene00223518
Bm14783.1	WBGene00234968
Bm3256a.1	WBGene00223517
Bm3256b.1	WBGene00223517
Bm3832.1	WBGene00224093
Bm5537.1	WBGene00225798
Bm6188b.1	WBGene00226449
Bm6188c.1	WBGene00226449
Bm6239.1	WBGene00226500
Bm7513.1	WBGene00227774
Bm6577.1	WBGene00226838
Bm3968a.1	WBGene00224229
Bm3968b.1	WBGene00224229
Bm10062.1	WBGene00230323
Bm10062.3	WBGene00230323
Bm10062.2	WBGene00230323
Bm10061.1	WBGene00230322
Bm10060b.1	WBGene00230321
Bm10060a.1	WBGene00230321
Bm4413b.1	WBGene00224674
Bm4413a.1	WBGene00224674
Bm5438.1	WBGene00225699
Bm17524.1	WBGene00268667
Bm10058a.1	WBGene00230319
Bm10058b.1	WBGene00230319
Bm17525.1	WBGene00268668
Bm3496.1	WBGene00223757
Bm6006.1	WBGene00226267
Bm3124.1	WBGene00223385
Bm6484.1	WBGene00226745
Bm6064a.1	WBGene00226325
Bm6064b.1	WBGene00226325
Bm17526.1	WBGene00268669
Bm13478.1	WBGene00233739
Bm6641b.1	WBGene00226902
Bm6641a.1	WBGene00226902
Bm10056.1	WBGene00230317
Bm2285b.1	WBGene00222546
Bm2285a.1	WBGene00222546
Bm13114a.1	WBGene00233375
Bm13114b.1	WBGene00233375
Bm2284.1	WBGene00222545
Bm10055.1	WBGene00230316
Bm10054.1	WBGene00230315
Bm3656.1	WBGene00223917
Bm5365b.1	WBGene00225626
Bm5365a.1	WBGene00225626
Bm1187.1	WBGene00221448
Bm4738.1	WBGene00224999
Bm2066a.1	WBGene00222327
Bm2066b.1	WBGene00222327
Bm2067b.1	WBGene00222328
Bm2067a.1	WBGene00222328
Bm2068a.1	WBGene00222329
Bm2068b.1	WBGene00222329
Bm3030a.1	WBGene00223291
Bm3030a.2	WBGene00223291
Bm3030b.1	WBGene00223291
Bm4967.1	WBGene00225228
Bm3107.1	WBGene00223368
Bm2077.1	WBGene00222338
Bm2077.2	WBGene00222338
Bm4313.1	WBGene00224574
Bm8958.1	WBGene00229219
Bm5394c.1	WBGene00225655
Bm5394b.1	WBGene00225655
Bm5394a.1	WBGene00225655
Bm4092.1	WBGene00224353
Bm4092.2	WBGene00224353
Bm4092.3	WBGene00224353
Bm4092.4	WBGene00224353
Bm8957b.1	WBGene00229218
Bm8957a.1	WBGene00229218
Bm8956.1	WBGene00229217
Bm265.1	WBGene00220526
Bm5777.1	WBGene00226038
Bm5106.1	WBGene00225367
Bm7129.1	WBGene00227390
Bm8954.1	WBGene00229215
Bm18153.1	WBGene00269293
Bm1185.1	WBGene00221446
Bm8953b.1	WBGene00229214
Bm8953a.1	WBGene00229214
Bm8952.1	WBGene00229213
Bm18593.1	WBGene00304778
Bm8950b.1	WBGene00229211
Bm8950a.1	WBGene00229211
Bm5683b.1	WBGene00225944
Bm5683a.1	WBGene00225944
Bm5683c.1	WBGene00225944
Bm5683d.1	WBGene00225944
Bm5995.1	WBGene00226256
Bm8948.1	WBGene00229209
Bm5997a.1	WBGene00226258
Bm5997b.1	WBGene00226258
Bm5997c.1	WBGene00226258
Bm11121.1	WBGene00231382
Bm7527.1	WBGene00227788
Bm4470.1	WBGene00224731
Bm4469a.1	WBGene00224730
Bm4469b.1	WBGene00224730
Bm264.1	WBGene00220525
Bm8947a.1	WBGene00229208
Bm8947b.1	WBGene00229208
Bm3668a.1	WBGene00223929
Bm3668b.1	WBGene00223929
Bm8946b.1	WBGene00229207
Bm8946a.1	WBGene00229207
Bm6761.1	WBGene00227022
Bm2264b.1	WBGene00222525
Bm2264a.1	WBGene00222525
Bm13786b.1	WBGene00234047
Bm13786a.1	WBGene00234047
Bm14024.1	WBGene00234285
Bm5635d.1	WBGene00225896
Bm5635c.1	WBGene00225896
Bm5635a.1	WBGene00225896
Bm5635b.1	WBGene00225896
Bm5629b.1	WBGene00225890
Bm5629c.1	WBGene00225890
Bm7416.1	WBGene00227677
Bm7417.1	WBGene00227678
Bm2305.1	WBGene00222566
Bm6578.1	WBGene00226839
Bm6935c.1	WBGene00227196
Bm6935b.1	WBGene00227196
Bm6935a.1	WBGene00227196
Bm6935f.1	WBGene00227196
Bm6935d.1	WBGene00227196
Bm6935e.1	WBGene00227196
Bm2558b.1	WBGene00222819
Bm2558a.1	WBGene00222819
Bm8945.1	WBGene00229206
Bm2328b.1	WBGene00222589
Bm2328a.1	WBGene00222589
Bm2328c.1	WBGene00222589
Bm2328d.1	WBGene00222589
Bm2328e.1	WBGene00222589
Bm2328f.1	WBGene00222589
Bm263.1	WBGene00220524
Bm2864.1	WBGene00223125
Bm2866b.1	WBGene00223127
Bm2866a.1	WBGene00223127
Bm2865b.1	WBGene00223126
Bm2865a.1	WBGene00223126
Bm8944d.1	WBGene00229205
Bm8944b.1	WBGene00229205
Bm8944a.1	WBGene00229205
Bm8944c.1	WBGene00229205
Bm6654.1	WBGene00226915
Bm18205.1	WBGene00269353
Bm3489.1	WBGene00223750
Bm3524.1	WBGene00223785
Bm1825h.1	WBGene00222086
Bm1825b.1	WBGene00222086
Bm1825d.1	WBGene00222086
Bm1825c.1	WBGene00222086
Bm1825a.1	WBGene00222086
Bm1825g.1	WBGene00222086
Bm1825e.1	WBGene00222086
Bm1825f.1	WBGene00222086
Bm6891.1	WBGene00227152
Bm5793.1	WBGene00226054
Bm6581.1	WBGene00226842
Bm13683.1	WBGene00233944
Bm8943a.1	WBGene00229204
Bm8943b.1	WBGene00229204
Bm8942.1	WBGene00229203
Bm3985a.1	WBGene00224246
Bm3985b.1	WBGene00224246
Bm13385.1	WBGene00233646
Bm17527.1	WBGene00268670
Bm6763a.1	WBGene00227024
Bm6763b.1	WBGene00227024
Bm5572.1	WBGene00225833
Bm9831.1	WBGene00230092
Bm9830.1	WBGene00230091
Bm5352.1	WBGene00225613
Bm3432b.1	WBGene00223693
Bm3432a.1	WBGene00223693
Bm4610a.1	WBGene00224871
Bm4610b.1	WBGene00224871
Bm17528.1	WBGene00268671
Bm9828.1	WBGene00230089
Bm9828.2	WBGene00230089
Bm4291a.1	WBGene00224552
Bm4291b.1	WBGene00224552
Bm7143.1	WBGene00227404
Bm7143.2	WBGene00227404
Bm9827.1	WBGene00230088
Bm2869b.1	WBGene00223130
Bm2869a.1	WBGene00223130
Bm9826.1	WBGene00230087
Bm9825.1	WBGene00230086
Bm9824a.1	WBGene00230085
Bm9824b.1	WBGene00230085
Bm12565.1	WBGene00232826
Bm9823.1	WBGene00230084
Bm3635b.1	WBGene00223896
Bm3635a.1	WBGene00223896
Bm1310.1	WBGene00221571
Bm6276.1	WBGene00226537
Bm5577.1	WBGene00225838
Bm9822.1	WBGene00230083
Bm9821.1	WBGene00230082
Bm2862.1	WBGene00223123
Bm1886.1	WBGene00222147
Bm1886.2	WBGene00222147
Bm13455b.1	WBGene00233716
Bm13455a.1	WBGene00233716
Bm1886.3	WBGene00222147
Bm1886.4	WBGene00222147
Bm9820.1	WBGene00230081
Bm2562a.1	WBGene00222823
Bm2562b.1	WBGene00222823
Bm2562c.1	WBGene00222823
Bm2562d.1	WBGene00222823
Bm14064.2	WBGene00234325
Bm14064.1	WBGene00234325
Bm7596.1	WBGene00227857
Bm3085.1	WBGene00223346
Bm3729c.1	WBGene00223990
Bm3729a.1	WBGene00223990
Bm3729b.1	WBGene00223990
Bm6306.1	WBGene00226567
Bm9819.1	WBGene00230080
Bm3633b.1	WBGene00223894
Bm3633a.1	WBGene00223894
Bm1894b.1	WBGene00222155
Bm1894a.1	WBGene00222155
Bm6301b.1	WBGene00226562
Bm6301a.1	WBGene00226562
Bm8178.1	WBGene00228439
Bm94.1	WBGene00220355
Bm450.1	WBGene00220711
Bm9818.1	WBGene00230079
Bm3671.1	WBGene00223932
Bm3671.2	WBGene00223932
Bm6024.1	WBGene00226285
Bm6025.1	WBGene00226286
Bm6023.1	WBGene00226284
Bm14023.1	WBGene00234284
Bm1757.1	WBGene00222018
Bm3890.1	WBGene00224151
Bm2304.1	WBGene00222565
Bm9817d.1	WBGene00230078
Bm9817b.1	WBGene00230078
Bm9817a.1	WBGene00230078
Bm9816a.1	WBGene00230077
Bm9816b.1	WBGene00230077
Bm5690.1	WBGene00225951
Bm14718.1	WBGene00235053
Bm3196c.1	WBGene00223457
Bm3196b.1	WBGene00223457
Bm3196a.1	WBGene00223457
Bm3196d.1	WBGene00223457
Bm2187.1	WBGene00222448
Bm1308.1	WBGene00221569
Bm1308.2	WBGene00221569
Bm6784b.1	WBGene00227045
Bm6784a.1	WBGene00227045
Bm2530.1	WBGene00222791
Bm2813a.1	WBGene00223074
Bm2813b.1	WBGene00223074
Bm2888.1	WBGene00223149
Bm2571.1	WBGene00222832
Bm11236.1	WBGene00231497
Bm9815a.1	WBGene00230076
Bm9815b.1	WBGene00230076
Bm6760.1	WBGene00227021
Bm14046.1	WBGene00234307
Bm4655a.1	WBGene00224916
Bm4655b.1	WBGene00224916
Bm1307.1	WBGene00221568
Bm1812.1	WBGene00222073
Bm14006.1	WBGene00234267
Bm9814.1	WBGene00230075
Bm6107.1	WBGene00226368
Bm9813.1	WBGene00230074
Bm4689a.1	WBGene00224950
Bm4689b.1	WBGene00224950
Bm3673.1	WBGene00223934
Bm3007a.1	WBGene00223268
Bm3007b.1	WBGene00223268
Bm4930.1	WBGene00225191
Bm17529.1	WBGene00268672
Bm17530.1	WBGene00268673
Bm17531.1	WBGene00268674
Bm3072a.1	WBGene00223333
Bm3072b.1	WBGene00223333
Bm5456.1	WBGene00225717
Bm5019a.1	WBGene00225280
Bm5019b.1	WBGene00225280
Bm17532.1	WBGene00268675
Bm9811.1	WBGene00230072
Bm3859.1	WBGene00224120
Bm18600.1	WBGene00304803
Bm9810.1	WBGene00230071
Bm2006e.1	WBGene00222267
Bm2006b.1	WBGene00222267
Bm2006h.1	WBGene00222267
Bm2006a.1	WBGene00222267
Bm2006f.1	WBGene00222267
Bm2006g.1	WBGene00222267
Bm2006c.1	WBGene00222267
Bm2006d.1	WBGene00222267
Bm5455.1	WBGene00225716
Bm9808.1	WBGene00230069
Bm5988.1	WBGene00226249
Bm5989.1	WBGene00226250
Bm446.1	WBGene00220707
Bm9807.1	WBGene00230068
Bm17533.1	WBGene00268676
Bm5762.1	WBGene00226023
Bm3669.1	WBGene00223930
Bm6267.1	WBGene00226528
Bm9806.1	WBGene00230067
Bm7648a.1	WBGene00227909
Bm7648b.1	WBGene00227909
Bm6639.1	WBGene00226900
Bm874.1	WBGene00221135
Bm9805.1	WBGene00230066
Bm445a.1	WBGene00220706
Bm445b.1	WBGene00220706
Bm9804.1	WBGene00230065
Bm2510.1	WBGene00222771
Bm2510.2	WBGene00222771
Bm2511.1	WBGene00222772
Bm2511.2	WBGene00222772
Bm2287.1	WBGene00222548
Bm1305.1	WBGene00221566
Bm9803.1	WBGene00230064
Bm9802.1	WBGene00230063
Bm11180a.1	WBGene00231441
Bm11180b.1	WBGene00231441
Bm9801.1	WBGene00230062
Bm6895.1	WBGene00227156
Bm2760a.1	WBGene00223021
Bm2760a.2	WBGene00223021
Bm2760b.1	WBGene00223021
Bm9798.1	WBGene00230059
Bm4361.1	WBGene00224622
Bm9797a.1	WBGene00230058
Bm9797b.1	WBGene00230058
Bm2381.1	WBGene00222642
Bm6665.1	WBGene00226926
Bm9796.1	WBGene00230057
Bm5615.1	WBGene00225876
Bm7003.1	WBGene00227264
Bm1694a.1	WBGene00221955
Bm1694b.1	WBGene00221955
Bm5681.1	WBGene00225942
Bm9795.1	WBGene00230056
Bm2324a.1	WBGene00222585
Bm2324b.1	WBGene00222585
Bm2324c.1	WBGene00222585
Bm2324d.1	WBGene00222585
Bm2380.1	WBGene00222641
Bm6638.1	WBGene00226899
Bm9793.1	WBGene00230054
Bm5363b.1	WBGene00225624
Bm5363a.1	WBGene00225624
Bm9792.1	WBGene00230053
Bm11071.1	WBGene00231332
Bm11072.1	WBGene00231333
Bm6936.1	WBGene00227197
Bm2532a.1	WBGene00222793
Bm2532b.1	WBGene00222793
Bm2374.1	WBGene00222635
Bm11073.1	WBGene00231334
Bm7617.1	WBGene00227878
Bm5453.1	WBGene00225714
Bm5454b.1	WBGene00225715
Bm5454a.1	WBGene00225715
Bm11176a.1	WBGene00231437
Bm11176b.1	WBGene00231437
Bm1940a.1	WBGene00222201
Bm1940b.1	WBGene00222201
Bm12018.1	WBGene00232279
Bm6631b.1	WBGene00226892
Bm6631a.1	WBGene00226892
Bm5513a.1	WBGene00225774
Bm5513b.1	WBGene00225774
Bm7628b.1	WBGene00227889
Bm7628a.1	WBGene00227889
Bm14307.1	WBGene00234568
Bm4559a.1	WBGene00224820
Bm4559b.1	WBGene00224820
Bm2275a.1	WBGene00222536
Bm2275b.1	WBGene00222536
Bm4140.1	WBGene00224401
Bm13889.1	WBGene00234150
Bm2278.1	WBGene00222539
Bm4923.1	WBGene00225184
Bm4733.2	WBGene00224994
Bm4733.1	WBGene00224994
Bm2688a.1	WBGene00222949
Bm2688b.1	WBGene00222949
Bm2689c.1	WBGene00222950
Bm2689a.1	WBGene00222950
Bm3838b.1	WBGene00224099
Bm3838a.1	WBGene00224099
Bm14725.1	WBGene00235060
Bm11074.1	WBGene00231335
Bm7592.1	WBGene00227853
Bm11075.1	WBGene00231336
Bm7591.1	WBGene00227852
Bm11076a.1	WBGene00231337
Bm11076b.1	WBGene00231337
Bm4609a.1	WBGene00224870
Bm4609b.1	WBGene00224870
Bm1957.1	WBGene00222218
Bm11078.1	WBGene00231339
Bm14310.1	WBGene00234571
Bm3381.1	WBGene00223642
Bm5604.1	WBGene00225865
Bm13682.1	WBGene00233943
Bm11079.1	WBGene00231340
Bm7662.1	WBGene00227923
Bm11080.1	WBGene00231341
Bm5649.1	WBGene00225910
Bm2081.1	WBGene00222342
Bm18573.1	WBGene00303404
Bm2085.1	WBGene00222346
Bm11081.1	WBGene00231342
Bm18178.1	WBGene00269318
Bm11082b.1	WBGene00231343
Bm11082a.1	WBGene00231343
Bm2268.1	WBGene00222529
Bm5148a.1	WBGene00225409
Bm5148b.1	WBGene00225409
Bm11083a.1	WBGene00231344
Bm11083b.1	WBGene00231344
Bm11085a.1	WBGene00231346
Bm11085b.1	WBGene00231346
Bm11086.1	WBGene00231347
Bm18567.1	WBGene00303305
Bm17538.1	WBGene00268681
Bm4402.1	WBGene00224663
Bm11088.1	WBGene00231349
Bm6965.1	WBGene00227226
Bm11089.1	WBGene00231350
Bm16943.1	WBGene00255592
Bm4598.1	WBGene00224859
Bm14669.1	WBGene00235004
Bm1682a.1	WBGene00221943
Bm1682c.1	WBGene00221943
Bm1682b.1	WBGene00221943
Bm5494.1	WBGene00225755
Bm5494.2	WBGene00225755
Bm714.1	WBGene00220975
Bm3544.1	WBGene00223805
Bm5679a.1	WBGene00225940
Bm5679c.1	WBGene00225940
Bm5679b.1	WBGene00225940
Bm11090.1	WBGene00231351
Bm6886.1	WBGene00227147
Bm6892a.1	WBGene00227153
Bm6892b.1	WBGene00227153
Bm3031.1	WBGene00223292
Bm741a.1	WBGene00221002
Bm741b.1	WBGene00221002
Bm11091.1	WBGene00231352
Bm7844.1	WBGene00228105
Bm7843.1	WBGene00228104
Bm7842.1	WBGene00228103
Bm4057.1	WBGene00224318
Bm7845.1	WBGene00228106
Bm13977.1	WBGene00234238
Bm4285b.1	WBGene00224546
Bm4285a.1	WBGene00224546
Bm13017.1	WBGene00233278
Bm7846.1	WBGene00228107
Bm17540.1	WBGene00268683
Bm7847.2	WBGene00228108
Bm7847.1	WBGene00228108
Bm2096a.1	WBGene00222357
Bm2096b.1	WBGene00222357
Bm8493.1	WBGene00228754
Bm8827e.1	WBGene00229088
Bm8827a.1	WBGene00229088
Bm8827c.1	WBGene00229088
Bm8827b.1	WBGene00229088
Bm8827d.1	WBGene00229088
Bm17541.1	WBGene00268684
Bm8431a.1	WBGene00228692
Bm8431b.1	WBGene00228692
Bm11549.1	WBGene00231810
Bm9487.1	WBGene00229748
Bm1899.1	WBGene00222160
Bm1828.1	WBGene00222089
Bm2031a.1	WBGene00222292
Bm2031b.1	WBGene00222292
Bm4359.1	WBGene00224620
Bm1829a.1	WBGene00222090
Bm1829b.1	WBGene00222090
Bm9488.1	WBGene00229749
Bm18157.1	WBGene00269297
Bm3357.1	WBGene00223618
Bm5437.1	WBGene00225698
Bm8940.1	WBGene00229201
Bm2615a.1	WBGene00222876
Bm2615b.1	WBGene00222876
Bm17542.1	WBGene00268685
Bm8941.1	WBGene00229202
Bm1184.1	WBGene00221445
Bm17543.1	WBGene00268686
Bm8990.1	WBGene00229251
Bm17544.1	WBGene00268687
Bm8529	WBGene00228790
Bm14117.1	WBGene00234378
Bm1177.1	WBGene00221438
Bm1176b.1	WBGene00221437
Bm1176c.1	WBGene00221437
Bm1176a.1	WBGene00221437
Bm14138.1	WBGene00234399
Bm253.1	WBGene00220514
Bm8886.1	WBGene00229147
Bm4293.1	WBGene00224554
Bm8033.1	WBGene00228294
Bm8032.1	WBGene00228293
Bm8427.1	WBGene00228688
Bm6410.1	WBGene00226671
Bm4830.1	WBGene00225091
Bm18126.1	WBGene00269266
Bm2235.1	WBGene00222496
Bm9770.1	WBGene00230031
Bm9001.1	WBGene00229262
Bm17545.1	WBGene00268688
Bm9002.1	WBGene00229263
Bm278.1	WBGene00220539
Bm18561.1	WBGene00271428
Bm7779.1	WBGene00228040
Bm14323.1	WBGene00234584
Bm13532.1	WBGene00233793
Bm6918.1	WBGene00227179
Bm14259.1	WBGene00234520
Bm4565b.1	WBGene00224826
Bm4565a.1	WBGene00224826
Bm13704a.1	WBGene00233965
Bm13704b.1	WBGene00233965
Bm629a.1	WBGene00220890
Bm629b.1	WBGene00220890
Bm629b.2	WBGene00220890
Bm10628.1	WBGene00230889
Bm14700.1	WBGene00235035
Bm6273a.1	WBGene00226534
Bm6273b.1	WBGene00226534
Bm3823c.1	WBGene00224084
Bm3823a.1	WBGene00224084
Bm3823b.1	WBGene00224084
Bm6829.1	WBGene00227090
Bm2079b.1	WBGene00222340
Bm2079a.1	WBGene00222340
Bm8906b.1	WBGene00229167
Bm8906a.1	WBGene00229167
Bm4868b.1	WBGene00225129
Bm4868a.1	WBGene00225129
Bm3163a.1	WBGene00223424
Bm3163b.1	WBGene00223424
Bm2325a.1	WBGene00222586
Bm2325b.1	WBGene00222586
Bm8904.1	WBGene00229165
Bm818b.1	WBGene00221079
Bm818a.1	WBGene00221079
Bm3285.1	WBGene00223546
Bm13856.1	WBGene00234117
Bm1181.1	WBGene00221442
Bm17546.1	WBGene00268689
Bm8881.1	WBGene00229142
Bm2921.1	WBGene00223182
Bm1955.1	WBGene00222216
Bm17547a.1	WBGene00268690
Bm17547b.1	WBGene00268690
Bm7471.1	WBGene00227732
Bm8880.1	WBGene00229141
Bm5258.1	WBGene00225519
Bm5259b.1	WBGene00225520
Bm5259a.1	WBGene00225520
Bm14011.1	WBGene00234272
Bm4014.1	WBGene00224275
Bm17548.1	WBGene00268691
Bm17549.1	WBGene00268692
Bm2459c.1	WBGene00222720
Bm2459a.1	WBGene00222720
Bm2459b.1	WBGene00222720
Bm1192.1	WBGene00221453
Bm8991.1	WBGene00229252
Bm5765.1	WBGene00226026
Bm2659.1	WBGene00222920
Bm8494.1	WBGene00228755
Bm7915.1	WBGene00228176
Bm17550.1	WBGene00268693
Bm7969.1	WBGene00228230
Bm1311.1	WBGene00221572
Bm9853b.1	WBGene00230114
Bm9853c.1	WBGene00230114
Bm9853a.1	WBGene00230114
Bm9853d.1	WBGene00230114
Bm11495.1	WBGene00231756
Bm9689.1	WBGene00229950
Bm9690.1	WBGene00229951
Bm17551.1	WBGene00268694
Bm17552.1	WBGene00268695
Bm3494.1	WBGene00223755
Bm17553.1	WBGene00268696
Bm7586.1	WBGene00227847
Bm3636a.1	WBGene00223897
Bm3636b.1	WBGene00223897
Bm6493.1	WBGene00226754
Bm3005.1	WBGene00223266
Bm14004.1	WBGene00234265
Bm6002.1	WBGene00226263
Bm3833b.1	WBGene00224094
Bm3833a.1	WBGene00224094
Bm3006.1	WBGene00223267
Bm6058.1	WBGene00226319
Bm8321.1	WBGene00228582
Bm8799.1	WBGene00229060
Bm3019.1	WBGene00223280
Bm8800.1	WBGene00229061
Bm8800.2	WBGene00229061
Bm17554.1	WBGene00268697
Bm11048b.1	WBGene00231309
Bm11048a.1	WBGene00231309
Bm12235.1	WBGene00232496
Bm3803.1	WBGene00224064
Bm12216.1	WBGene00232477
Bm11047.1	WBGene00231308
Bm5472.1	WBGene00225733
Bm11046b.1	WBGene00231307
Bm11046a.1	WBGene00231307
Bm13656.1	WBGene00233917
Bm13664.1	WBGene00233925
Bm5241.1	WBGene00225502
Bm6833.1	WBGene00227094
Bm11044.1	WBGene00231305
Bm11045.1	WBGene00231306
Bm12718.1	WBGene00232979
Bm4107a.1	WBGene00224368
Bm4107b.1	WBGene00224368
Bm8429.1	WBGene00228690
Bm8497.1	WBGene00228758
Bm8496.1	WBGene00228757
Bm8228.1	WBGene00228489
Bm5566.1	WBGene00225827
Bm8892.1	WBGene00229153
Bm1574a.1	WBGene00221835
Bm1574b.1	WBGene00221835
Bm5977.1	WBGene00226238
Bm17555.1	WBGene00268698
Bm17556.1	WBGene00268699
Bm5130.1	WBGene00225391
Bm5132.1	WBGene00225393
Bm18206a.1	WBGene00269354
Bm18206b.1	WBGene00269354
Bm8681.1	WBGene00228942
Bm3052.1	WBGene00223313
Bm17557.1	WBGene00268700
Bm5764.1	WBGene00226025
Bm8682.1	WBGene00228943
Bm8683.1	WBGene00228944
Bm8684.1	WBGene00228945
Bm6655b.1	WBGene00226916
Bm6655a.1	WBGene00226916
Bm6658.1	WBGene00226919
Bm18566a.1	WBGene00303264
Bm18566b.1	WBGene00303264
Bm1754.1	WBGene00222015
Bm1758.1	WBGene00222019
Bm1755.1	WBGene00222016
Bm8011.1	WBGene00228272
Bm5288b.1	WBGene00225549
Bm5288a.1	WBGene00225549
Bm4062a.1	WBGene00224323
Bm4062b.1	WBGene00224323
Bm17558.1	WBGene00268701
Bm2000a.1	WBGene00222261
Bm2000b.1	WBGene00222261
Bm2054.1	WBGene00222315
Bm3271.1	WBGene00223532
Bm1149.1	WBGene00221410
Bm4595a.1	WBGene00224856
Bm4595b.1	WBGene00224856
Bm8677.1	WBGene00228938
Bm17559.1	WBGene00268702
Bm17560.1	WBGene00268703
Bm17561.1	WBGene00268704
Bm2307.1	WBGene00222568
Bm8076.1	WBGene00228337
Bm8074.1	WBGene00228335
Bm8073.1	WBGene00228334
Bm6404.1	WBGene00226665
Bm8072.1	WBGene00228333
Bm3307.1	WBGene00223568
Bm11628.1	WBGene00231889
Bm8899.1	WBGene00229160
Bm2899.1	WBGene00223160
Bm17563.1	WBGene00268706
Bm2474.1	WBGene00222735
Bm8593b.1	WBGene00228854
Bm8593a.1	WBGene00228854
Bm3670.1	WBGene00223931
Bm7317.1	WBGene00227578
Bm7316.1	WBGene00227577
Bm14344.1	WBGene00234605
Bm3344.1	WBGene00223605
Bm2742.1	WBGene00223003
Bm17564.1	WBGene00268707
Bm2303.1	WBGene00222564
Bm832.1	WBGene00221093
Bm17565.1	WBGene00268708
Bm13712.1	WBGene00233973
Bm6656.1	WBGene00226917
Bm2420a.1	WBGene00222681
Bm2420c.1	WBGene00222681
Bm2420d.1	WBGene00222681
Bm2420b.1	WBGene00222681
Bm146.1	WBGene00220407
Bm8392.1	WBGene00228653
Bm9759.1	WBGene00230020
Bm4956a.1	WBGene00225217
Bm4956b.1	WBGene00225217
Bm16919.1	WBGene00255411
Bm11612.1	WBGene00231873
Bm8113.1	WBGene00228374
Bm4155.1	WBGene00224416
Bm7980.1	WBGene00228241
Bm17567.1	WBGene00268710
Bm4298a.1	WBGene00224559
Bm4298b.1	WBGene00224559
Bm4298c.1	WBGene00224559
Bm17568.1	WBGene00268711
Bm17569.1	WBGene00268712
Bm8103.1	WBGene00228364
Bm17570.1	WBGene00268713
Bm8972.1	WBGene00229233
Bm14142.1	WBGene00234403
Bm271.1	WBGene00220532
Bm17571.1	WBGene00268714
Bm17572a.1	WBGene00268715
Bm17572b.1	WBGene00268715
Bm1190.1	WBGene00221451
Bm17573.1	WBGene00268716
Bm17574.1	WBGene00268717
Bm3060a.1	WBGene00223321
Bm3060b.1	WBGene00223321
Bm6588.1	WBGene00226849
Bm17575.1	WBGene00268718
Bm8865.1	WBGene00229126
Bm12336.1	WBGene00232597
Bm18207.1	WBGene00269356
Bm2098.1	WBGene00222359
Bm5135b.1	WBGene00225396
Bm5135c.1	WBGene00225396
Bm5135a.1	WBGene00225396
Bm10779.1	WBGene00231040
Bm17576.1	WBGene00268719
Bm8668.1	WBGene00228929
Bm13594.1	WBGene00233855
Bm17577.1	WBGene00268720
Bm17578.1	WBGene00268721
Bm4494.1	WBGene00224755
Bm163.1	WBGene00220424
Bm4482.1	WBGene00224743
Bm8471b.1	WBGene00228732
Bm8471a.1	WBGene00228732
Bm8004.1	WBGene00228265
Bm8005.1	WBGene00228266
Bm5000b.1	WBGene00225261
Bm5000a.1	WBGene00225261
Bm11486a.1	WBGene00231747
Bm11486c.1	WBGene00231747
Bm3114.1	WBGene00223375
Bm14109.1	WBGene00234370
Bm6486a.1	WBGene00226747
Bm6486c.1	WBGene00226747
Bm6486b.1	WBGene00226747
Bm6486d.1	WBGene00226747
Bm8396.1	WBGene00228657
Bm148.1	WBGene00220409
Bm3221.1	WBGene00223482
Bm3226.1	WBGene00223487
Bm3222.1	WBGene00223483
Bm11640.1	WBGene00231901
Bm4663.1	WBGene00224924
Bm9000.1	WBGene00229261
Bm13613.1	WBGene00233874
Bm17579.1	WBGene00268722
Bm17579.2	WBGene00268722
Bm17580.1	WBGene00268723
Bm7407c.1	WBGene00227668
Bm7407b.1	WBGene00227668
Bm7407a.1	WBGene00227668
Bm7407d.1	WBGene00227668
Bm8917.1	WBGene00229178
Bm8916.1	WBGene00229177
Bm5879.1	WBGene00226140
Bm17581.1	WBGene00268724
Bm18564.1	WBGene00303191
Bm14102.1	WBGene00234363
Bm14103.1	WBGene00234364
Bm14104.1	WBGene00234365
Bm8196.1	WBGene00228457
Bm13965.1	WBGene00234226
Bm8197.1	WBGene00228458
Bm16940.1	WBGene00255589
Bm6888.1	WBGene00227149
Bm8198.1	WBGene00228459
Bm12774.1	WBGene00233035
Bm17582.1	WBGene00268725
Bm2491.1	WBGene00222752
Bm7942.1	WBGene00228203
Bm13349.1	WBGene00233610
Bm1109.1	WBGene00221370
Bm97b.1	WBGene00220358
Bm97a.1	WBGene00220358
Bm2188.1	WBGene00222449
Bm2317a.1	WBGene00222578
Bm2317c.1	WBGene00222578
Bm2317b.1	WBGene00222578
Bm2317d.1	WBGene00222578
Bm3480a.1	WBGene00223741
Bm3480b.1	WBGene00223741
Bm13015.1	WBGene00233276
Bm18587.1	WBGene00304751
Bm17585.1	WBGene00268728
Bm18588a.1	WBGene00304752
Bm18588b.1	WBGene00304752
Bm231a.1	WBGene00220492
Bm231b.1	WBGene00220492
Bm231c.1	WBGene00220492
Bm13348.1	WBGene00233609
Bm3741a.1	WBGene00224002
Bm3741b.1	WBGene00224002
Bm3784.1	WBGene00224045
Bm137.1	WBGene00220398
Bm5147a.1	WBGene00225408
Bm5147b.1	WBGene00225408
Bm828a.1	WBGene00221089
Bm828c.1	WBGene00221089
Bm828b.1	WBGene00221089
Bm4028a.1	WBGene00224289
Bm4028b.1	WBGene00224289
Bm7893.1	WBGene00228154
Bm3430.1	WBGene00223691
Bm6754.1	WBGene00227015
Bm2821.1	WBGene00223082
Bm3465.1	WBGene00223726
Bm8936.1	WBGene00229197
Bm261.1	WBGene00220522
Bm8937.1	WBGene00229198
Bm8937.2	WBGene00229198
Bm6087.1	WBGene00226348
Bm3341.1	WBGene00223602
Bm1709.1	WBGene00221970
Bm13608.1	WBGene00233869
Bm8981.1	WBGene00229242
Bm6428a.1	WBGene00226689
Bm6428b.1	WBGene00226689
Bm9427a.1	WBGene00229688
Bm9427c.1	WBGene00229688
Bm9427b.1	WBGene00229688
Bm6642a.1	WBGene00226903
Bm6642b.1	WBGene00226903
Bm6642d.1	WBGene00226903
Bm6642c.1	WBGene00226903
Bm9426.1	WBGene00229687
Bm7659b.1	WBGene00227920
Bm7659a.1	WBGene00227920
Bm17586.1	WBGene00268729
Bm17586.2	WBGene00268729
Bm373.1	WBGene00220634
Bm373.2	WBGene00220634
Bm6896.1	WBGene00227157
Bm9425a.1	WBGene00229686
Bm9425b.1	WBGene00229686
Bm5779.1	WBGene00226040
Bm1237.1	WBGene00221498
Bm9105.1	WBGene00229366
Bm13397.1	WBGene00233658
Bm6032a.1	WBGene00226293
Bm6032b.1	WBGene00226293
Bm2063.1	WBGene00222324
Bm3889a.2	WBGene00224150
Bm3889a.1	WBGene00224150
Bm3889b.1	WBGene00224150
Bm6118.1	WBGene00226379
Bm2182a.1	WBGene00222443
Bm2182b.1	WBGene00222443
Bm2183a.1	WBGene00222444
Bm2183b.1	WBGene00222444
Bm9106.1	WBGene00229367
Bm16951.1	WBGene00255610
Bm2740.1	WBGene00223001
Bm3277.1	WBGene00223538
Bm9107.1	WBGene00229368
Bm9108.1	WBGene00229369
Bm3834a.1	WBGene00224095
Bm3834b.1	WBGene00224095
Bm3834c.1	WBGene00224095
Bm9109.1	WBGene00229370
Bm18154.1	WBGene00269294
Bm6119.1	WBGene00226380
Bm12419a.1	WBGene00232680
Bm12419b.1	WBGene00232680
Bm4314.1	WBGene00224575
Bm4208.1	WBGene00224469
Bm17587.1	WBGene00268730
Bm17589	WBGene00268732
Bm7966.1	WBGene00228227
Bm17590.1	WBGene00268733
Bm5804.1	WBGene00226065
Bm17591.1	WBGene00268734
Bm12776.1	WBGene00233037
Bm7285.1	WBGene00227546
Bm4082.1	WBGene00224343
Bm6169a.1	WBGene00226430
Bm6169a.3	WBGene00226430
Bm6169a.2	WBGene00226430
Bm6169b.1	WBGene00226430
Bm1702a.1	WBGene00221963
Bm1702c.1	WBGene00221963
Bm1702b.1	WBGene00221963
Bm4751.1	WBGene00225012
Bm17592.1	WBGene00268735
Bm12778.1	WBGene00233039
Bm7154b.1	WBGene00227415
Bm7154a.1	WBGene00227415
Bm7154c.1	WBGene00227415
Bm1609a.1	WBGene00221870
Bm1609b.1	WBGene00221870
Bm1781.1	WBGene00222042
Bm6720.1	WBGene00226981
Bm6720.2	WBGene00226981
Bm6034b.1	WBGene00226295
Bm6034a.1	WBGene00226295
Bm14038c.1	WBGene00234299
Bm14038a.1	WBGene00234299
Bm14038b.1	WBGene00234299
Bm3754.1	WBGene00224015
Bm2395.1	WBGene00222656
Bm2911.1	WBGene00223172
Bm14349.1	WBGene00234610
Bm11231.1	WBGene00231492
Bm11257.1	WBGene00231518
Bm6045a.1	WBGene00226306
Bm6045b.1	WBGene00226306
Bm6590.1	WBGene00226851
Bm5237a.1	WBGene00225498
Bm5237b.1	WBGene00225498
Bm4188.1	WBGene00224449
Bm12093a.1	WBGene00232354
Bm12093b.1	WBGene00232354
Bm12093c.1	WBGene00232354
Bm12093d.1	WBGene00232354
Bm5790.1	WBGene00226051
Bm14350.1	WBGene00234611
Bm3871a.1	WBGene00224132
Bm3871b.1	WBGene00224132
Bm12780.2	WBGene00233041
Bm12780.1	WBGene00233041
Bm7128.1	WBGene00227389
Bm7126.1	WBGene00227387
Bm2113b.1	WBGene00222374
Bm2113a.1	WBGene00222374
Bm17593.1	WBGene00268736
Bm5046.1	WBGene00225307
Bm3899b.1	WBGene00224160
Bm3899a.1	WBGene00224160
Bm5906.1	WBGene00226167
Bm6332.1	WBGene00226593
Bm2917.1	WBGene00223178
Bm14061.1	WBGene00234322
Bm5038.1	WBGene00225299
Bm5037a.1	WBGene00225298
Bm5037b.1	WBGene00225298
Bm12782.1	WBGene00233043
Bm3794a.1	WBGene00224055
Bm3794b.1	WBGene00224055
Bm4630.1	WBGene00224891
Bm4630.2	WBGene00224891
Bm4631a.1	WBGene00224892
Bm4631b.1	WBGene00224892
Bm3390.1	WBGene00223651
Bm14353.1	WBGene00234614
Bm3388.1	WBGene00223649
Bm7253.1	WBGene00227514
Bm12784.1	WBGene00233045
Bm16945.1	WBGene00255599
Bm12785.1	WBGene00233046
Bm5919a.1	WBGene00226180
Bm5919b.1	WBGene00226180
Bm4221.1	WBGene00224482
Bm18101.1	WBGene00269241
Bm6530.1	WBGene00226791
Bm2989.1	WBGene00223250
Bm12786.1	WBGene00233047
Bm1843a.1	WBGene00222104
Bm1843b.1	WBGene00222104
Bm2231.1	WBGene00222492
Bm4073.1	WBGene00224334
Bm5224.1	WBGene00225485
Bm3592a.1	WBGene00223853
Bm3592b.1	WBGene00223853
Bm12787.1	WBGene00233048
Bm1611b.1	WBGene00221872
Bm1611a.1	WBGene00221872
Bm12788.1	WBGene00233049
Bm12789.1	WBGene00233050
Bm12791.1	WBGene00233052
Bm12792.1	WBGene00233053
Bm4129.1	WBGene00224390
Bm13606.1	WBGene00233867
Bm4806a.1	WBGene00225067
Bm4806b.1	WBGene00225067
Bm5866.1	WBGene00226127
Bm8669.1	WBGene00228930
Bm8670.1	WBGene00228931
Bm8670.2	WBGene00228931
Bm13670a.1	WBGene00233931
Bm13670b.1	WBGene00233931
Bm2708.1	WBGene00222969
Bm7203a.1	WBGene00227464
Bm7203b.1	WBGene00227464
Bm8671.1	WBGene00228932
Bm13585.1	WBGene00233846
Bm6721.1	WBGene00226982
Bm7049a.1	WBGene00227310
Bm7049b.1	WBGene00227310
Bm7205.1	WBGene00227466
Bm5143.1	WBGene00225404
Bm9586.1	WBGene00229847
Bm6864.1	WBGene00227125
Bm5676.1	WBGene00225937
Bm5985a.1	WBGene00226246
Bm5985b.1	WBGene00226246
Bm5986.1	WBGene00226247
Bm4240.1	WBGene00224501
Bm9587.1	WBGene00229848
Bm4499.1	WBGene00224760
Bm6766.1	WBGene00227027
Bm9588.1	WBGene00229849
Bm9589.1	WBGene00229850
Bm7441.1	WBGene00227702
Bm5095a.1	WBGene00225356
Bm5095b.1	WBGene00225356
Bm6011.1	WBGene00226272
Bm3861.1	WBGene00224122
Bm7352.1	WBGene00227613
Bm10200.1	WBGene00230461
Bm4809.1	WBGene00225070
Bm10199.1	WBGene00230460
Bm1383.1	WBGene00221644
Bm13745.1	WBGene00234006
Bm10198.1	WBGene00230459
Bm5900.1	WBGene00226161
Bm17594a.1	WBGene00268737
Bm17594b.1	WBGene00268737
Bm2092a.1	WBGene00222353
Bm2092b.1	WBGene00222353
Bm2092c.1	WBGene00222353
Bm2092d.1	WBGene00222353
Bm2397a.1	WBGene00222658
Bm2397b.1	WBGene00222658
Bm10191.1	WBGene00230452
Bm10190.1	WBGene00230451
Bm7245.1	WBGene00227506
Bm7146.1	WBGene00227407
Bm6093.1	WBGene00226354
Bm6093.2	WBGene00226354
Bm6593.1	WBGene00226854
Bm10189.1	WBGene00230450
Bm3176.1	WBGene00223437
Bm13767.1	WBGene00234028
Bm12123.1	WBGene00232384
Bm11405.1	WBGene00231666
Bm2936.1	WBGene00223197
Bm2937b.1	WBGene00223198
Bm2937a.1	WBGene00223198
Bm2938.1	WBGene00223199
Bm14012.1	WBGene00234273
Bm4131b.1	WBGene00224392
Bm4131c.1	WBGene00224392
Bm4131a.1	WBGene00224392
Bm8081.1	WBGene00228342
Bm5449a.1	WBGene00225710
Bm5449b.1	WBGene00225710
Bm9585b.1	WBGene00229846
Bm9585a.1	WBGene00229846
Bm9585c.1	WBGene00229846
Bm9584b.1	WBGene00229845
Bm9584a.1	WBGene00229845
Bm9584b.2	WBGene00229845
Bm13427.1	WBGene00233688
Bm1710a.1	WBGene00221971
Bm1710b.1	WBGene00221971
Bm1710c.1	WBGene00221971
Bm1710d.1	WBGene00221971
Bm8298.1	WBGene00228559
Bm3930.1	WBGene00224191
Bm3933.1	WBGene00224194
Bm3934.1	WBGene00224195
Bm7179.1	WBGene00227440
Bm7178.1	WBGene00227439
Bm6394.1	WBGene00226655
Bm6394.2	WBGene00226655
Bm14678.1	WBGene00235013
Bm2075a.1	WBGene00222336
Bm2075c.1	WBGene00222336
Bm2075b.1	WBGene00222336
Bm14679.1	WBGene00235014
Bm14679.2	WBGene00235014
Bm8518.1	WBGene00228779
Bm3363b.1	WBGene00223624
Bm3363c.1	WBGene00223624
Bm3363d.1	WBGene00223624
Bm7111.1	WBGene00227372
Bm1706a.1	WBGene00221967
Bm1706b.1	WBGene00221967
Bm7320b.1	WBGene00227581
Bm7320a.1	WBGene00227581
Bm17596.1	WBGene00268739
Bm12139b.1	WBGene00232400
Bm12139a.1	WBGene00232400
Bm13393.1	WBGene00233654
Bm12140.1	WBGene00232401
Bm12140.2	WBGene00232401
Bm7600a.1	WBGene00227861
Bm7600b.1	WBGene00227861
Bm17597.1	WBGene00268740
Bm11366a.1	WBGene00231627
Bm11366b.1	WBGene00231627
Bm6614.1	WBGene00226875
Bm6960.1	WBGene00227221
Bm3873.1	WBGene00224134
Bm7023a.1	WBGene00227284
Bm7023b.1	WBGene00227284
Bm3577.1	WBGene00223838
Bm3578.1	WBGene00223839
Bm9676.1	WBGene00229937
Bm9677.1	WBGene00229938
Bm9679.1	WBGene00229940
Bm13862.1	WBGene00234123
Bm2423.1	WBGene00222684
Bm2870.1	WBGene00223131
Bm9680a.1	WBGene00229941
Bm9680b.1	WBGene00229941
Bm4525.1	WBGene00224786
Bm17598.1	WBGene00268741
Bm8873.1	WBGene00229134
Bm2394.1	WBGene00222655
Bm3619.1	WBGene00223880
Bm8872.1	WBGene00229133
Bm18208b.1	WBGene00269357
Bm18208a.1	WBGene00269357
Bm4388.1	WBGene00224649
Bm8871.1	WBGene00229132
Bm17599.1	WBGene00268742
Bm2495.1	WBGene00222756
Bm6677b.1	WBGene00226938
Bm6677a.1	WBGene00226938
Bm13650.1	WBGene00233911
Bm4279d.1	WBGene00224540
Bm4279c.1	WBGene00224540
Bm17600.1	WBGene00268743
Bm4586.1	WBGene00224847
Bm4922.1	WBGene00225183
Bm4921a.1	WBGene00225182
Bm4921b.1	WBGene00225182
Bm5711.1	WBGene00225972
Bm7519.1	WBGene00227780
Bm12367.1	WBGene00232628
Bm8870.1	WBGene00229131
Bm5660.1	WBGene00225921
Bm8869.1	WBGene00229130
Bm7340.1	WBGene00227601
Bm6317a.1	WBGene00226578
Bm6317b.1	WBGene00226578
Bm4427.1	WBGene00224688
Bm1563a.1	WBGene00221824
Bm1563b.1	WBGene00221824
Bm8746.1	WBGene00229007
Bm1698.1	WBGene00221959
Bm4632e.1	WBGene00224893
Bm4632d.1	WBGene00224893
Bm4632c.1	WBGene00224893
Bm4632a.1	WBGene00224893
Bm4632b.1	WBGene00224893
Bm14049.1	WBGene00234310
Bm14049.2	WBGene00234310
Bm3982a.1	WBGene00224243
Bm3982b.1	WBGene00224243
Bm11695.1	WBGene00231956
Bm5867.1	WBGene00226128
Bm3682b.1	WBGene00223943
Bm3682a.1	WBGene00223943
Bm7817.1	WBGene00228078
Bm13907.1	WBGene00234168
Bm5375.1	WBGene00225636
Bm17601.1	WBGene00268744
Bm17602.1	WBGene00268745
Bm623.1	WBGene00220884
Bm10718.1	WBGene00230979
Bm10717.1	WBGene00230978
Bm10716.1	WBGene00230977
Bm7836.1	WBGene00228097
Bm17603.1	WBGene00268746
Bm8660a.1	WBGene00228921
Bm8660b.1	WBGene00228921
Bm1724.1	WBGene00221985
Bm4958a.1	WBGene00225219
Bm4958b.1	WBGene00225219
Bm10715.1	WBGene00230976
Bm5634.1	WBGene00225895
Bm4276b.1	WBGene00224537
Bm4276a.1	WBGene00224537
Bm10714.1	WBGene00230975
Bm10713.1	WBGene00230974
Bm8863.1	WBGene00229124
Bm4066a.1	WBGene00224327
Bm4066b.1	WBGene00224327
Bm7254.1	WBGene00227515
Bm8862.1	WBGene00229123
Bm8861.1	WBGene00229122
Bm3877.1	WBGene00224138
Bm8860.1	WBGene00229121
Bm59.1	WBGene00220320
Bm17604.1	WBGene00268747
Bm1596.1	WBGene00221857
Bm11676.1	WBGene00231937
Bm2490.1	WBGene00222751
Bm8068.1	WBGene00228329
Bm7036.1	WBGene00227297
Bm7035.1	WBGene00227296
Bm8067.1	WBGene00228328
Bm8909b.1	WBGene00229170
Bm8909a.1	WBGene00229170
Bm4045.1	WBGene00224306
Bm2695.1	WBGene00222956
Bm18590.1	WBGene00304764
Bm3024.1	WBGene00223285
Bm4749.1	WBGene00225010
Bm8907.1	WBGene00229168
Bm7233.1	WBGene00227494
Bm47.1	WBGene00220308
Bm17605.1	WBGene00268748
Bm17606.1	WBGene00268749
Bm12751.1	WBGene00233012
Bm14312.1	WBGene00234573
Bm1532.1	WBGene00221793
Bm14313.1	WBGene00234574
Bm17608.1	WBGene00268750
Bm1124.1	WBGene00221385
Bm3622a.1	WBGene00223883
Bm3622b.1	WBGene00223883
Bm1858a.1	WBGene00222119
Bm1858b.1	WBGene00222119
Bm4784.1	WBGene00225045
Bm3616a.1	WBGene00223877
Bm3616b.1	WBGene00223877
Bm3616d.1	WBGene00223877
Bm3616c.1	WBGene00223877
Bm1599.1	WBGene00221860
Bm3159.1	WBGene00223420
Bm9051.1	WBGene00229312
Bm3255a.1	WBGene00223516
Bm3255a.2	WBGene00223516
Bm3255b.1	WBGene00223516
Bm3943.1	WBGene00224204
Bm9050.1	WBGene00229311
Bm6780.1	WBGene00227041
Bm8425.1	WBGene00228686
Bm8424a.1	WBGene00228685
Bm8424b.1	WBGene00228685
Bm13373d.1	WBGene00233634
Bm13373a.1	WBGene00233634
Bm13373c.1	WBGene00233634
Bm13373b.1	WBGene00233634
Bm3618.1	WBGene00223879
Bm4497.1	WBGene00224758
Bm3935.1	WBGene00224196
Bm3874.1	WBGene00224135
Bm3872.1	WBGene00224133
Bm1995.1	WBGene00222256
Bm4342.1	WBGene00224603
Bm4807.1	WBGene00225068
Bm5675a.2	WBGene00225936
Bm5675a.1	WBGene00225936
Bm5675b.2	WBGene00225936
Bm5675b.1	WBGene00225936
Bm7045c.1	WBGene00227306
Bm7045b.1	WBGene00227306
Bm7045a.1	WBGene00227306
Bm8919.1	WBGene00229180
Bm8919.2	WBGene00229180
Bm1699a.1	WBGene00221960
Bm1699b.1	WBGene00221960
Bm1700b.1	WBGene00221961
Bm1700b.2	WBGene00221961
Bm1700a.1	WBGene00221961
Bm8920.1	WBGene00229181
Bm3539b.1	WBGene00223800
Bm3539a.1	WBGene00223800
Bm8921a.1	WBGene00229182
Bm8921b.1	WBGene00229182
Bm7587.1	WBGene00227848
Bm8922a.1	WBGene00229183
Bm8922b.1	WBGene00229183
Bm1182.1	WBGene00221443
Bm5101.1	WBGene00225362
Bm14786.2	WBGene00234971
Bm14786.1	WBGene00234971
Bm6339.1	WBGene00226600
Bm6338.1	WBGene00226599
Bm258b.1	WBGene00220519
Bm258a.1	WBGene00220519
Bm2757a.1	WBGene00223018
Bm2757b.1	WBGene00223018
Bm8923.1	WBGene00229184
Bm4381a.1	WBGene00224642
Bm4381b.1	WBGene00224642
Bm4917a.1	WBGene00225178
Bm4917b.1	WBGene00225178
Bm4070.1	WBGene00224331
Bm7248.1	WBGene00227509
Bm7250.1	WBGene00227511
Bm2573.1	WBGene00222834
Bm5829b.1	WBGene00226090
Bm5829a.1	WBGene00226090
Bm8924b.1	WBGene00229185
Bm8924a.1	WBGene00229185
Bm11471a.1	WBGene00231732
Bm11471c.1	WBGene00231732
Bm11471b.1	WBGene00231732
Bm13580.1	WBGene00233841
Bm3645.1	WBGene00223906
Bm11475a.1	WBGene00231736
Bm11475b.1	WBGene00231736
Bm3745b.1	WBGene00224006
Bm3745a.1	WBGene00224006
Bm2730.1	WBGene00222991
Bm6722a.1	WBGene00226983
Bm6722b.1	WBGene00226983
Bm4095.1	WBGene00224356
Bm4095.2	WBGene00224356
Bm7249.1	WBGene00227510
Bm7649.1	WBGene00227910
Bm9026.1	WBGene00229287
Bm6136b.1	WBGene00226397
Bm6136a.1	WBGene00226397
Bm8056.1	WBGene00228317
Bm8029.1	WBGene00228290
Bm4759a.1	WBGene00225020
Bm4759b.1	WBGene00225020
Bm6211.1	WBGene00226472
Bm17609.1	WBGene00268751
Bm2715c.1	WBGene00222976
Bm2715c.3	WBGene00222976
Bm2715a.1	WBGene00222976
Bm2715a.2	WBGene00222976
Bm2715b.1	WBGene00222976
Bm2715c.2	WBGene00222976
Bm9025.1	WBGene00229286
Bm9024.1	WBGene00229285
Bm5178.2	WBGene00225439
Bm5178.1	WBGene00225439
Bm16926a.1	WBGene00255511
Bm16926b.1	WBGene00255511
Bm5293.1	WBGene00225554
Bm5294.1	WBGene00225555
Bm9023.1	WBGene00229284
Bm4766.1	WBGene00225027
Bm9022.1	WBGene00229283
Bm13960.1	WBGene00234221
Bm822a.1	WBGene00221083
Bm822b.1	WBGene00221083
Bm6627.1	WBGene00226888
Bm4979b.1	WBGene00225240
Bm4979a.1	WBGene00225240
Bm9010.1	WBGene00229271
Bm4976.1	WBGene00225237
Bm281.1	WBGene00220542
Bm280.1	WBGene00220541
Bm4978.1	WBGene00225239
Bm9009.1	WBGene00229270
Bm6973.1	WBGene00227234
Bm3585.1	WBGene00223846
Bm2839.1	WBGene00223100
Bm17610.1	WBGene00268752
Bm11111.1	WBGene00231372
Bm8254.1	WBGene00228515
Bm17611.1	WBGene00268753
Bm17612.1	WBGene00268754
Bm17613.1	WBGene00268755
Bm11104.1	WBGene00231365
Bm6322.1	WBGene00226583
Bm1707.1	WBGene00221968
Bm11336.1	WBGene00231597
Bm3746a.1	WBGene00224007
Bm3746b.1	WBGene00224007
Bm4363.1	WBGene00224624
Bm14314.1	WBGene00234575
Bm3289.1	WBGene00223550
Bm11110.1	WBGene00231371
Bm17614.1	WBGene00268756
Bm17615.1	WBGene00268757
Bm17616.1	WBGene00268758
Bm17617.1	WBGene00268759
Bm17618.1	WBGene00268760
Bm17619.1	WBGene00268761
Bm2955.1	WBGene00223216
Bm11112.1	WBGene00231373
Bm719.1	WBGene00220980
Bm11113.1	WBGene00231374
Bm11114.1	WBGene00231375
Bm11116.1	WBGene00231377
Bm6035.1	WBGene00226296
Bm6122.1	WBGene00226383
Bm6123.1	WBGene00226384
Bm8603.1	WBGene00228864
Bm5490.1	WBGene00225751
Bm5908.1	WBGene00226169
Bm5310.1	WBGene00225571
Bm5249.1	WBGene00225510
Bm5248a.1	WBGene00225509
Bm5248c.1	WBGene00225509
Bm5248b.1	WBGene00225509
Bm4849.1	WBGene00225110
Bm4850.1	WBGene00225111
Bm4851a.1	WBGene00225112
Bm4851b.1	WBGene00225112
Bm7826.1	WBGene00228087
Bm4130.1	WBGene00224391
Bm14767.1	WBGene00234952
Bm1969.1	WBGene00222230
Bm4323.1	WBGene00224584
Bm4321.1	WBGene00224582
Bm2837b.1	WBGene00223098
Bm2837a.1	WBGene00223098
Bm17620.1	WBGene00268762
Bm7054a.1	WBGene00227315
Bm7054b.1	WBGene00227315
Bm7750b.1	WBGene00228011
Bm7750a.1	WBGene00228011
Bm7824.1	WBGene00228085
Bm7823d.1	WBGene00228084
Bm7823c.1	WBGene00228084
Bm1686.1	WBGene00221947
Bm3581b.1	WBGene00223842
Bm3581a.1	WBGene00223842
Bm3586.1	WBGene00223847
Bm13971.1	WBGene00234232
Bm2762a.1	WBGene00223023
Bm2762b.1	WBGene00223023
Bm6196a.1	WBGene00226457
Bm6196b.1	WBGene00226457
Bm4241a.1	WBGene00224502
Bm4241c.1	WBGene00224502
Bm4241b.1	WBGene00224502
Bm3448.1	WBGene00223709
Bm3653.1	WBGene00223914
Bm3651.2	WBGene00223912
Bm3651.1	WBGene00223912
Bm3694.1	WBGene00223955
Bm8017.1	WBGene00228278
Bm4855.1	WBGene00225116
Bm8018.1	WBGene00228279
Bm1732b.1	WBGene00221993
Bm1732c.1	WBGene00221993
Bm1732a.1	WBGene00221993
Bm8019.1	WBGene00228280
Bm8020a.1	WBGene00228281
Bm8020b.1	WBGene00228281
Bm8021.1	WBGene00228282
Bm13928a.1	WBGene00234189
Bm13928b.1	WBGene00234189
Bm7278.1	WBGene00227539
Bm8022a.1	WBGene00228283
Bm8022b.1	WBGene00228283
Bm4852.1	WBGene00225113
Bm6044c.1	WBGene00226305
Bm6044b.3	WBGene00226305
Bm6044b.2	WBGene00226305
Bm6044b.1	WBGene00226305
Bm6044b.4	WBGene00226305
Bm6044a.1	WBGene00226305
Bm13959.1	WBGene00234220
Bm13959.2	WBGene00234220
Bm6088c.1	WBGene00226349
Bm6088b.1	WBGene00226349
Bm6088a.1	WBGene00226349
Bm3876.1	WBGene00224137
Bm1891a.1	WBGene00222152
Bm1891h.1	WBGene00222152
Bm1891f.1	WBGene00222152
Bm1891c.1	WBGene00222152
Bm1891d.1	WBGene00222152
Bm1891b.1	WBGene00222152
Bm11192.1	WBGene00231453
Bm7237a.1	WBGene00227498
Bm7237b.5	WBGene00227498
Bm7237b.1	WBGene00227498
Bm7237b.2	WBGene00227498
Bm7237b.3	WBGene00227498
Bm7237b.4	WBGene00227498
Bm7236.1	WBGene00227497
Bm8024.1	WBGene00228285
Bm8025.1	WBGene00228286
Bm2642.1	WBGene00222903
Bm6893.1	WBGene00227154
Bm2262a.1	WBGene00222523
Bm2262b.1	WBGene00222523
Bm7355.1	WBGene00227616
Bm14059.2	WBGene00234320
Bm14059.1	WBGene00234320
Bm6785.1	WBGene00227046
Bm8513.1	WBGene00228774
Bm1127.1	WBGene00221388
Bm7263.1	WBGene00227524
Bm8512.1	WBGene00228773
Bm173.1	WBGene00220434
Bm4753b.1	WBGene00225014
Bm4753a.1	WBGene00225014
Bm172a.1	WBGene00220433
Bm172c.1	WBGene00220433
Bm172b.1	WBGene00220433
Bm4419.1	WBGene00224680
Bm5417.1	WBGene00225678
Bm2119a.1	WBGene00222380
Bm2119c.1	WBGene00222380
Bm2119f.1	WBGene00222380
Bm2119b.1	WBGene00222380
Bm2119d.1	WBGene00222380
Bm2119e.1	WBGene00222380
Bm2120.1	WBGene00222381
Bm1168.1	WBGene00221429
Bm2843.1	WBGene00223104
Bm6657b.1	WBGene00226918
Bm6657a.1	WBGene00226918
Bm6657c.1	WBGene00226918
Bm8813.1	WBGene00229074
Bm254.1	WBGene00220515
Bm5202.1	WBGene00225463
Bm2517d.1	WBGene00222778
Bm2517c.1	WBGene00222778
Bm2517e.1	WBGene00222778
Bm2517a.1	WBGene00222778
Bm2517b.1	WBGene00222778
Bm6260.1	WBGene00226521
Bm8915.1	WBGene00229176
Bm7603.1	WBGene00227864
Bm255.1	WBGene00220516
Bm5673.1	WBGene00225934
Bm3519b.1	WBGene00223780
Bm3519a.1	WBGene00223780
Bm3518.1	WBGene00223779
Bm7948.1	WBGene00228209
Bm3009.1	WBGene00223270
Bm6167a.1	WBGene00226428
Bm6167b.1	WBGene00226428
Bm14237.1	WBGene00234498
Bm6675.1	WBGene00226936
Bm5103d.1	WBGene00225364
Bm5103c.1	WBGene00225364
Bm5103a.1	WBGene00225364
Bm5103b.1	WBGene00225364
Bm10383.2	WBGene00230644
Bm10383.1	WBGene00230644
Bm7413.1	WBGene00227674
Bm3292.1	WBGene00223553
Bm3482.1	WBGene00223743
Bm10382.1	WBGene00230643
Bm2996.1	WBGene00223257
Bm14009.1	WBGene00234270
Bm6794.1	WBGene00227055
Bm1405.1	WBGene00221666
Bm2333b.1	WBGene00222594
Bm2333a.1	WBGene00222594
Bm2333c.1	WBGene00222594
Bm17622.1	WBGene00268764
Bm10381.1	WBGene00230642
Bm6777a.1	WBGene00227038
Bm6777b.1	WBGene00227038
Bm4071.1	WBGene00224332
Bm10380.1	WBGene00230641
Bm7256.1	WBGene00227517
Bm559.1	WBGene00220820
Bm5574.1	WBGene00225835
Bm6089.1	WBGene00226350
Bm4072a.1	WBGene00224333
Bm4072b.1	WBGene00224333
Bm10379.1	WBGene00230640
Bm2647.1	WBGene00222908
Bm14079.1	WBGene00234340
Bm13908.1	WBGene00234169
Bm4158a.1	WBGene00224419
Bm4158b.1	WBGene00224419
Bm10378.1	WBGene00230639
Bm17623.1	WBGene00268765
Bm4544.1	WBGene00224805
Bm4545.1	WBGene00224806
Bm2282a.1	WBGene00222543
Bm2282b.1	WBGene00222543
Bm10377.1	WBGene00230638
Bm10376.1	WBGene00230637
Bm13133.1	WBGene00233394
Bm17624.1	WBGene00268766
Bm10375.1	WBGene00230636
Bm5951.1	WBGene00226212
Bm12987.1	WBGene00233248
Bm1859.1	WBGene00222120
Bm12986.1	WBGene00233247
Bm4888.1	WBGene00225149
Bm12985.1	WBGene00233246
Bm3152.1	WBGene00223413
Bm3777.1	WBGene00224038
Bm4562.1	WBGene00224823
Bm6963.1	WBGene00227224
Bm3620.1	WBGene00223881
Bm5587.1	WBGene00225848
Bm1658.1	WBGene00221919
Bm18107.1	WBGene00269247
Bm7449d.1	WBGene00227710
Bm7449c.1	WBGene00227710
Bm7194.1	WBGene00227455
Bm7191.1	WBGene00227452
Bm12983.1	WBGene00233244
Bm6286.1	WBGene00226547
Bm12982.1	WBGene00233243
Bm2417.1	WBGene00222678
Bm12981a.1	WBGene00233242
Bm12981b.1	WBGene00233242
Bm12981c.1	WBGene00233242
Bm12980a.1	WBGene00233241
Bm12980b.1	WBGene00233241
Bm13918.1	WBGene00234179
Bm13823.1	WBGene00234084
Bm12979.1	WBGene00233240
Bm17625.1	WBGene00268767
Bm17626.1	WBGene00268768
Bm14727.1	WBGene00235062
Bm3755a.1	WBGene00224016
Bm3755b.1	WBGene00224016
Bm5380.1	WBGene00225641
Bm12978.1	WBGene00233239
Bm17627.1	WBGene00268769
Bm17628.1	WBGene00268770
Bm17629.1	WBGene00268771
Bm17630.1	WBGene00268772
Bm12977.1	WBGene00233238
Bm17631.1	WBGene00268773
Bm17632.1	WBGene00268774
Bm17633.1	WBGene00268775
Bm6365.1	WBGene00226626
Bm282.1	WBGene00220543
Bm5030d.1	WBGene00225291
Bm5030a.1	WBGene00225291
Bm5030b.1	WBGene00225291
Bm5030e.1	WBGene00225291
Bm5030c.1	WBGene00225291
Bm1953.1	WBGene00222214
Bm3711a.1	WBGene00223972
Bm3711b.1	WBGene00223972
Bm9044.1	WBGene00229305
Bm14022.1	WBGene00234283
Bm2358b.1	WBGene00222619
Bm2358a.1	WBGene00222619
Bm6738.1	WBGene00226999
Bm6738a.1	WBGene00226999
Bm9016.1	WBGene00229277
Bm9015.1	WBGene00229276
Bm9015.2	WBGene00229276
Bm1193.1	WBGene00221454
Bm9014.1	WBGene00229275
Bm17634.1	WBGene00268776
Bm358.1	WBGene00220619
Bm4526.1	WBGene00224787
Bm6599.1	WBGene00226860
Bm9333.1	WBGene00229594
Bm9333.2	WBGene00229594
Bm7434a.1	WBGene00227695
Bm7434b.1	WBGene00227695
Bm9332.1	WBGene00229593
Bm2150b.1	WBGene00222411
Bm2150a.1	WBGene00222411
Bm9331.1	WBGene00229592
Bm6806a.1	WBGene00227067
Bm6806b.1	WBGene00227067
Bm357.1	WBGene00220618
Bm356.1	WBGene00220617
Bm9329.1	WBGene00229590
Bm6643.1	WBGene00226904
Bm6956.1	WBGene00227217
Bm14026.1	WBGene00234287
Bm17635.1	WBGene00268777
Bm9328.1	WBGene00229589
Bm9327.1	WBGene00229588
Bm3852.1	WBGene00224113
Bm13917.1	WBGene00234178
Bm6950.1	WBGene00227211
Bm354.1	WBGene00220615
Bm9326.1	WBGene00229587
Bm1898b.1	WBGene00222159
Bm1898a.1	WBGene00222159
Bm4059a.1	WBGene00224320
Bm4059a.2	WBGene00224320
Bm4059b.1	WBGene00224320
Bm9325.1	WBGene00229586
Bm6490a.1	WBGene00226751
Bm6490b.1	WBGene00226751
Bm9323.1	WBGene00229584
Bm6557.1	WBGene00226818
Bm9322.1	WBGene00229583
Bm9321.1	WBGene00229582
Bm6176.1	WBGene00226437
Bm6074.1	WBGene00226335
Bm6500b.1	WBGene00226761
Bm6500a.1	WBGene00226761
Bm8052.1	WBGene00228313
Bm2048.1	WBGene00222309
Bm9447.1	WBGene00229708
Bm9446.1	WBGene00229707
Bm4980b.1	WBGene00225241
Bm4980a.1	WBGene00225241
Bm2360a.1	WBGene00222621
Bm2360b.1	WBGene00222621
Bm3942.1	WBGene00224203
Bm9445.1	WBGene00229706
Bm377.1	WBGene00220638
Bm3827.1	WBGene00224088
Bm9444.1	WBGene00229705
Bm9443.1	WBGene00229704
Bm5582.1	WBGene00225843
Bm4719.1	WBGene00224980
Bm17636.1	WBGene00268778
Bm1242.1	WBGene00221503
Bm2401.1	WBGene00222662
Bm13759b.1	WBGene00234020
Bm13759a.1	WBGene00234020
Bm9442.1	WBGene00229703
Bm12138a.1	WBGene00232399
Bm12138b.1	WBGene00232399
Bm376a.1	WBGene00220637
Bm376b.1	WBGene00220637
Bm5195a.1	WBGene00225456
Bm5195b.1	WBGene00225456
Bm5195a.3	WBGene00225456
Bm5195a.2	WBGene00225456
Bm5272a.1	WBGene00225533
Bm5272b.1	WBGene00225533
Bm1076b.1	WBGene00221337
Bm1076a.1	WBGene00221337
Bm7026.1	WBGene00227287
Bm7251.1	WBGene00227512
Bm9441.1	WBGene00229702
Bm7815.1	WBGene00228076
Bm7813b.1	WBGene00228074
Bm7813c.1	WBGene00228074
Bm7813a.1	WBGene00228074
Bm8014.1	WBGene00228275
Bm4678.1	WBGene00224939
Bm2514.1	WBGene00222775
Bm9095.1	WBGene00229356
Bm6501.1	WBGene00226762
Bm13885.1	WBGene00234146
Bm9094.1	WBGene00229355
Bm9093.1	WBGene00229354
Bm2674.2	WBGene00222935
Bm2674.1	WBGene00222935
Bm6465b.1	WBGene00226726
Bm6465b.2	WBGene00226726
Bm6465a.1	WBGene00226726
Bm1203.1	WBGene00221464
Bm7056.1	WBGene00227317
Bm7170.1	WBGene00227431
Bm7176.1	WBGene00227437
Bm7175.1	WBGene00227436
Bm9092.1	WBGene00229353
Bm9092.2	WBGene00229353
Bm9091.1	WBGene00229352
Bm13911.1	WBGene00234172
Bm14040.1	WBGene00234301
Bm6252.1	WBGene00226513
Bm3634.1	WBGene00223895
Bm14089.1	WBGene00234350
Bm18189.1	WBGene00269329
Bm18591.1	WBGene00304774
Bm2831.1	WBGene00223092
Bm2832.1	WBGene00223093
Bm2467.1	WBGene00222728
Bm2829.1	WBGene00223090
Bm14020.1	WBGene00234281
Bm4255b.1	WBGene00224516
Bm4255a.1	WBGene00224516
Bm7259b.1	WBGene00227520
Bm7259a.1	WBGene00227520
Bm1685b.1	WBGene00221946
Bm1685a.1	WBGene00221946
Bm1687.1	WBGene00221948
Bm2912b.1	WBGene00223173
Bm2912a.1	WBGene00223173
Bm295a.1	WBGene00220556
Bm295b.1	WBGene00220556
Bm294a.1	WBGene00220555
Bm294a.4	WBGene00220555
Bm294a.3	WBGene00220555
Bm294a.2	WBGene00220555
Bm294b.1	WBGene00220555
Bm2422.1	WBGene00222683
Bm8694.1	WBGene00228955
Bm3481c.1	WBGene00223742
Bm3481d.1	WBGene00223742
Bm3481a.1	WBGene00223742
Bm8692a.1	WBGene00228953
Bm8692b.1	WBGene00228953
Bm12802.1	WBGene00233063
Bm3660.1	WBGene00223921
Bm2997b.1	WBGene00223258
Bm2997a.1	WBGene00223258
Bm17637.1	WBGene00268779
Bm12803.1	WBGene00233064
Bm1005a.1	WBGene00221266
Bm1005b.1	WBGene00221266
Bm1006.1	WBGene00221267
Bm1007.1	WBGene00221268
Bm6775a.1	WBGene00227036
Bm6775b.1	WBGene00227036
Bm17638.1	WBGene00268780
Bm3063.1	WBGene00223324
Bm7279.1	WBGene00227540
Bm14060.1	WBGene00234321
Bm2552.1	WBGene00222813
Bm2551.1	WBGene00222812
Bm1008.1	WBGene00221269
Bm13929.1	WBGene00234190
Bm2553.1	WBGene00222814
Bm3946.1	WBGene00224207
Bm7043.1	WBGene00227304
Bm5920.1	WBGene00226181
Bm3902.1	WBGene00224163
Bm5588a.1	WBGene00225849
Bm5588b.1	WBGene00225849
Bm7436a.1	WBGene00227697
Bm7436b.1	WBGene00227697
Bm7057.1	WBGene00227318
Bm7058.1	WBGene00227319
Bm4832a.1	WBGene00225093
Bm4832b.1	WBGene00225093
Bm12804.1	WBGene00233065
Bm4860a.1	WBGene00225121
Bm4860b.1	WBGene00225121
Bm7442.1	WBGene00227703
Bm12805a.1	WBGene00233066
Bm12805b.1	WBGene00233066
Bm12805c.1	WBGene00233066
Bm6166b.1	WBGene00226427
Bm6166a.1	WBGene00226427
Bm6166c.1	WBGene00226427
Bm6166d.1	WBGene00226427
Bm4804b.1	WBGene00225065
Bm4804a.1	WBGene00225065
Bm17639.1	WBGene00268781
Bm13629.1	WBGene00233890
Bm4389.1	WBGene00224650
Bm2720.1	WBGene00222981
Bm12806.1	WBGene00233067
Bm18181.1	WBGene00269321
Bm12807.1	WBGene00233068
Bm7061.1	WBGene00227322
Bm12808.1	WBGene00233069
Bm5042.1	WBGene00225303
Bm1011a.1	WBGene00221272
Bm1011b.1	WBGene00221272
Bm5833.1	WBGene00226094
Bm5831a.1	WBGene00226092
Bm5831b.1	WBGene00226092
Bm13808.1	WBGene00234069
Bm6622.1	WBGene00226883
Bm7196.1	WBGene00227457
Bm3901.1	WBGene00224162
Bm4215a.1	WBGene00224476
Bm4215b.1	WBGene00224476
Bm13894.1	WBGene00234155
Bm12809a.1	WBGene00233070
Bm12809b.1	WBGene00233070
Bm6652a.1	WBGene00226913
Bm6652b.1	WBGene00226913
Bm5264.1	WBGene00225525
Bm3600a.1	WBGene00223861
Bm3600b.1	WBGene00223861
Bm12810.1	WBGene00233071
Bm6626.1	WBGene00226887
Bm6620.1	WBGene00226881
Bm5416.1	WBGene00225677
Bm5415a.1	WBGene00225676
Bm5415b.1	WBGene00225676
Bm4829.1	WBGene00225090
Bm4827.1	WBGene00225088
Bm4828a.1	WBGene00225089
Bm4828b.1	WBGene00225089
Bm17640.1	WBGene00268782
Bm7490d.1	WBGene00227751
Bm7490c.1	WBGene00227751
Bm7490b.1	WBGene00227751
Bm7490a.1	WBGene00227751
Bm7490d.2	WBGene00227751
Bm7490d.3	WBGene00227751
Bm7490e.1	WBGene00227751
Bm7489a.1	WBGene00227750
Bm7489b.1	WBGene00227750
Bm7489c.1	WBGene00227750
Bm12811a.1	WBGene00233072
Bm12811b.1	WBGene00233072
Bm12811c.1	WBGene00233072
Bm14086.1	WBGene00234347
Bm6969b.1	WBGene00227230
Bm6969a.1	WBGene00227230
Bm6969a.2	WBGene00227230
Bm6969b.2	WBGene00227230
Bm6969b.3	WBGene00227230
Bm6969c.1	WBGene00227230
Bm6972.1	WBGene00227233
Bm7177.1	WBGene00227438
Bm13678c.1	WBGene00233939
Bm13678b.1	WBGene00233939
Bm13678a.1	WBGene00233939
Bm13678c.2	WBGene00233939
Bm3947.1	WBGene00224208
Bm2628.1	WBGene00222889
Bm16933.1	WBGene00255536
Bm5546.1	WBGene00225807
Bm12812.1	WBGene00233073
Bm6745a.1	WBGene00227006
Bm6745b.1	WBGene00227006
Bm6744a.1	WBGene00227005
Bm6744b.1	WBGene00227005
Bm2625b.1	WBGene00222886
Bm2625a.1	WBGene00222886
Bm6803.1	WBGene00227064
Bm6802.1	WBGene00227063
Bm3809.1	WBGene00224070
Bm6617.1	WBGene00226878
Bm3704.1	WBGene00223965
Bm3706a.1	WBGene00223967
Bm3706b.1	WBGene00223967
Bm3707a.1	WBGene00223968
Bm3707b.1	WBGene00223968
Bm7601.1	WBGene00227862
Bm1013.1	WBGene00221274
Bm7599a.1	WBGene00227860
Bm7599b.1	WBGene00227860
Bm2522.1	WBGene00222783
Bm6139.1	WBGene00226400
Bm5581.1	WBGene00225842
Bm12813.1	WBGene00233074
Bm3574a.1	WBGene00223835
Bm3574c.1	WBGene00223835
Bm3574b.1	WBGene00223835
Bm3574d.1	WBGene00223835
Bm3830.1	WBGene00224091
Bm12814.1	WBGene00233075
Bm7238a.1	WBGene00227499
Bm7238b.1	WBGene00227499
Bm1954a.1	WBGene00222215
Bm1954b.1	WBGene00222215
Bm3061.1	WBGene00223322
Bm14356.1	WBGene00234617
Bm6669.1	WBGene00226930
Bm6666.1	WBGene00226927
Bm12815.1	WBGene00233076
Bm6056.1	WBGene00226317
Bm12816.1	WBGene00233077
Bm12817c.1	WBGene00233078
Bm12817b.1	WBGene00233078
Bm12817a.1	WBGene00233078
Bm12817d.1	WBGene00233078
Bm11171a.1	WBGene00231432
Bm11171b.1	WBGene00231432
Bm4550a.1	WBGene00224811
Bm4550b.1	WBGene00224811
Bm13837.1	WBGene00234098
Bm3010.1	WBGene00223271
Bm1996.1	WBGene00222257
Bm2719b.1	WBGene00222980
Bm2719a.1	WBGene00222980
Bm2719c.1	WBGene00222980
Bm2719d.1	WBGene00222980
Bm2719e.1	WBGene00222980
Bm2519b.1	WBGene00222780
Bm2519a.1	WBGene00222780
Bm4157a.1	WBGene00224418
Bm4157b.1	WBGene00224418
Bm2211b.1	WBGene00222472
Bm2211a.1	WBGene00222472
Bm5754.1	WBGene00226015
Bm6269b.1	WBGene00226530
Bm6269a.1	WBGene00226530
Bm6269c.1	WBGene00226530
Bm13946.1	WBGene00234207
Bm7174.1	WBGene00227435
Bm12822.1	WBGene00233083
Bm3695a.1	WBGene00223956
Bm3695b.1	WBGene00223956
Bm3306.1	WBGene00223567
Bm8527.1	WBGene00228788
Bm6054.1	WBGene00226315
Bm2905.1	WBGene00223166
Bm5180b.1	WBGene00225441
Bm5180a.1	WBGene00225441
Bm17641	WBGene00268783
Bm12824.1	WBGene00233085
Bm12825.1	WBGene00233086
Bm3710.1	WBGene00223971
Bm3710.2	WBGene00223971
Bm3712a.1	WBGene00223973
Bm3712b.1	WBGene00223973
Bm6363a.1	WBGene00226624
Bm6363b.1	WBGene00226624
Bm7229.1	WBGene00227490
Bm2806.1	WBGene00223067
Bm3683b.1	WBGene00223944
Bm3683a.1	WBGene00223944
Bm2345a.1	WBGene00222606
Bm2345b.1	WBGene00222606
Bm5009.1	WBGene00225270
Bm5097.1	WBGene00225358
Bm1015.1	WBGene00221276
Bm1016a.1	WBGene00221277
Bm1016b.1	WBGene00221277
Bm2515d.1	WBGene00222776
Bm2515a.1	WBGene00222776
Bm2515b.1	WBGene00222776
Bm2515c.1	WBGene00222776
Bm2513b.1	WBGene00222774
Bm2513a.1	WBGene00222774
Bm2512.1	WBGene00222773
Bm14043.2	WBGene00234304
Bm14043.3	WBGene00234304
Bm14043.1	WBGene00234304
Bm12828b.1	WBGene00233089
Bm12828a.1	WBGene00233089
Bm12828b.2	WBGene00233089
Bm14359.1	WBGene00234620
Bm6247.1	WBGene00226508
Bm3391a.1	WBGene00223652
Bm3391b.1	WBGene00223652
Bm17642.1	WBGene00268784
Bm7062.1	WBGene00227323
Bm7053.1	WBGene00227314
Bm12829d.1	WBGene00233090
Bm12829a.1	WBGene00233090
Bm12829b.1	WBGene00233090
Bm12829c.1	WBGene00233090
Bm12830.1	WBGene00233091
Bm12831a.1	WBGene00233092
Bm12831b.1	WBGene00233092
Bm17643.1	WBGene00268785
Bm1017.1	WBGene00221278
Bm1782a.1	WBGene00222043
Bm1782b.1	WBGene00222043
Bm12834.1	WBGene00233095
Bm12834.2	WBGene00233095
Bm12834.3	WBGene00233095
Bm3008a.4	WBGene00223269
Bm3008b.1	WBGene00223269
Bm3008a.1	WBGene00223269
Bm3008a.2	WBGene00223269
Bm3008a.3	WBGene00223269
Bm3008c.1	WBGene00223269
Bm14360.1	WBGene00234621
Bm4491.1	WBGene00224752
Bm1622.1	WBGene00221883
Bm4242.1	WBGene00224503
Bm6791.1	WBGene00227052
Bm5830.1	WBGene00226091
Bm5828a.1	WBGene00226089
Bm5828b.1	WBGene00226089
Bm6989.1	WBGene00227250
Bm3573.1	WBGene00223834
Bm3573.2	WBGene00223834
Bm3572.1	WBGene00223833
Bm6261a.1	WBGene00226522
Bm6261b.1	WBGene00226522
Bm1624b.1	WBGene00221885
Bm1624c.1	WBGene00221885
Bm1624a.1	WBGene00221885
Bm1624d.1	WBGene00221885
Bm12835.1	WBGene00233096
Bm7639a.1	WBGene00227900
Bm7639b.1	WBGene00227900
Bm12838.1	WBGene00233099
Bm7044.1	WBGene00227305
Bm3752a.1	WBGene00224013
Bm3752b.1	WBGene00224013
Bm13694a.1	WBGene00233955
Bm13694b.1	WBGene00233955
Bm4437.1	WBGene00224698
Bm5946.1	WBGene00226207
Bm5945.1	WBGene00226206
Bm2487.1	WBGene00222748
Bm7252a.1	WBGene00227513
Bm7252b.1	WBGene00227513
Bm7252c.1	WBGene00227513
Bm1021.1	WBGene00221282
Bm12841a.1	WBGene00233102
Bm12841b.1	WBGene00233102
Bm12842b.1	WBGene00233103
Bm12842a.1	WBGene00233103
Bm12843.1	WBGene00233104
Bm14785.1	WBGene00234970
Bm12844.1	WBGene00233105
Bm3045a.1	WBGene00223306
Bm3045b.1	WBGene00223306
Bm3045b.2	WBGene00223306
Bm13778.1	WBGene00234039
Bm14688a.1	WBGene00235023
Bm14688b.1	WBGene00235023
Bm1839.1	WBGene00222100
Bm6290b.1	WBGene00226551
Bm6290a.1	WBGene00226551
Bm12845a.1	WBGene00233106
Bm12845b.1	WBGene00233106
Bm17644a	WBGene00268786
Bm17644b	WBGene00268786
Bm11173.1	WBGene00231434
Bm2916a.1	WBGene00223177
Bm2916b.1	WBGene00223177
Bm6095a.1	WBGene00226356
Bm6095b.1	WBGene00226356
Bm12847.1	WBGene00233108
Bm1023.1	WBGene00221284
Bm4316a.1	WBGene00224577
Bm4316b.1	WBGene00224577
Bm4317a.1	WBGene00224578
Bm4317b.1	WBGene00224578
Bm12848a.1	WBGene00233109
Bm12848b.1	WBGene00233109
Bm2725.1	WBGene00222986
Bm7432b.1	WBGene00227693
Bm7432a.1	WBGene00227693
Bm2830c.1	WBGene00223091
Bm2830b.1	WBGene00223091
Bm2830c.2	WBGene00223091
Bm2830a.1	WBGene00223091
Bm12849b.1	WBGene00233110
Bm12849c.2	WBGene00233110
Bm12849c.1	WBGene00233110
Bm12849a.1	WBGene00233110
Bm1727b.1	WBGene00221988
Bm1727a.1	WBGene00221988
Bm1727c.1	WBGene00221988
Bm1024.1	WBGene00221285
Bm12850.1	WBGene00233111
Bm18182.1	WBGene00269322
Bm5858b.1	WBGene00226119
Bm5858a.1	WBGene00226119
Bm12851b.1	WBGene00233112
Bm12851a.1	WBGene00233112
Bm12852a.1	WBGene00233113
Bm12852b.1	WBGene00233113
Bm12853.1	WBGene00233114
Bm13707.1	WBGene00233968
Bm12503.1	WBGene00232764
Bm7039.1	WBGene00227300
Bm12854.1	WBGene00233115
Bm6759.1	WBGene00227020
Bm3530.1	WBGene00223791
Bm1025.1	WBGene00221286
Bm3319.1	WBGene00223580
Bm13783.1	WBGene00234044
Bm14003a.1	WBGene00234264
Bm14003c.1	WBGene00234264
Bm14003b.1	WBGene00234264
Bm2486b.1	WBGene00222747
Bm2486c.1	WBGene00222747
Bm3483.1	WBGene00223744
Bm12856.1	WBGene00233117
Bm7060.1	WBGene00227321
Bm12857.1	WBGene00233118
Bm5952a.1	WBGene00226213
Bm5952b.1	WBGene00226213
Bm12858.1	WBGene00233119
Bm14491.1	WBGene00234752
Bm2243.1	WBGene00222504
Bm2244.1	WBGene00222505
Bm4848.1	WBGene00225109
Bm12860b.1	WBGene00233121
Bm12860a.1	WBGene00233121
Bm7127.1	WBGene00227388
Bm2060a.1	WBGene00222321
Bm2060c.1	WBGene00222321
Bm2060b.1	WBGene00222321
Bm7032.1	WBGene00227293
Bm12863.1	WBGene00233124
Bm5102.1	WBGene00225363
Bm1628.1	WBGene00221889
Bm13638.1	WBGene00233899
Bm7186.1	WBGene00227447
Bm2626.1	WBGene00222887
Bm12865a.1	WBGene00233126
Bm12865b.1	WBGene00233126
Bm12865b.2	WBGene00233126
Bm12865b.3	WBGene00233126
Bm12866.1	WBGene00233127
Bm12866.2	WBGene00233127
Bm12867.1	WBGene00233128
Bm12868.1	WBGene00233129
Bm16950.1	WBGene00255609
Bm13677.1	WBGene00233938
Bm3858.1	WBGene00224119
Bm12869.1	WBGene00233130
Bm12870.1	WBGene00233131
Bm6072.1	WBGene00226333
Bm1629a.1	WBGene00221890
Bm1629b.1	WBGene00221890
Bm1629c.1	WBGene00221890
Bm1629d.1	WBGene00221890
Bm1026.1	WBGene00221287
Bm1027.1	WBGene00221288
Bm5333a.1	WBGene00225594
Bm5333b.1	WBGene00225594
Bm7169b.1	WBGene00227430
Bm7169a.1	WBGene00227430
Bm7169d.1	WBGene00227430
Bm7169e.1	WBGene00227430
Bm7169c.1	WBGene00227430
Bm7169f.1	WBGene00227430
Bm3798b.1	WBGene00224059
Bm3798c.1	WBGene00224059
Bm3798a.1	WBGene00224059
Bm12872.1	WBGene00233133
Bm18183.1	WBGene00269323
Bm2543.1	WBGene00222804
Bm5339.1	WBGene00225600
Bm6741.1	WBGene00227002
Bm3677.1	WBGene00223938
Bm3898a.1	WBGene00224159
Bm3898b.1	WBGene00224159
Bm3081a.1	WBGene00223342
Bm3081b.1	WBGene00223342
Bm14025.1	WBGene00234286
Bm8339.1	WBGene00228600
Bm6604a.1	WBGene00226865
Bm6604b.1	WBGene00226865
Bm2763b.1	WBGene00223024
Bm2763a.1	WBGene00223024
Bm2954.1	WBGene00223215
Bm5964.1	WBGene00226225
Bm6701.1	WBGene00226962
Bm18134.1	WBGene00269274
Bm13639.1	WBGene00233900
Bm1029a.1	WBGene00221290
Bm1029b.1	WBGene00221290
Bm12873b.1	WBGene00233134
Bm12873a.1	WBGene00233134
Bm6408a.1	WBGene00226669
Bm6408b.1	WBGene00226669
Bm6489b.1	WBGene00226750
Bm6489a.1	WBGene00226750
Bm6489c.1	WBGene00226750
Bm6489d.1	WBGene00226750
Bm3185a.1	WBGene00223446
Bm3185b.1	WBGene00223446
Bm7183.1	WBGene00227444
Bm2432a.1	WBGene00222693
Bm2432b.1	WBGene00222693
Bm7185.1	WBGene00227446
Bm12874a.2	WBGene00233135
Bm12874a.1	WBGene00233135
Bm12874b.1	WBGene00233135
Bm6137a.1	WBGene00226398
Bm6137b.1	WBGene00226398
Bm6804.1	WBGene00227065
Bm6805.1	WBGene00227066
Bm13902.1	WBGene00234163
Bm7602.1	WBGene00227863
Bm11935a.1	WBGene00232196
Bm11935b.1	WBGene00232196
Bm5947a.1	WBGene00226208
Bm5947b.1	WBGene00226208
Bm1030a.1	WBGene00221291
Bm1030b.1	WBGene00221291
Bm6799.1	WBGene00227060
Bm4454a.1	WBGene00224715
Bm4454b.1	WBGene00224715
Bm7255a.1	WBGene00227516
Bm7255c.1	WBGene00227516
Bm7255d.1	WBGene00227516
Bm7255b.1	WBGene00227516
Bm14493b.1	WBGene00234754
Bm14493a.1	WBGene00234754
Bm6961.1	WBGene00227222
Bm6961.2	WBGene00227222
Bm6961.3	WBGene00227222
Bm7571.1	WBGene00227832
Bm7570.1	WBGene00227831
Bm12876.1	WBGene00233137
Bm6368b.1	WBGene00226629
Bm6368a.1	WBGene00226629
Bm6368c.1	WBGene00226629
Bm18580.1	WBGene00304199
Bm4685.1	WBGene00224946
Bm2242a.1	WBGene00222503
Bm2242b.1	WBGene00222503
Bm3490.1	WBGene00223751
Bm12877.1	WBGene00233138
Bm3589a.1	WBGene00223850
Bm3589f.1	WBGene00223850
Bm3589c.1	WBGene00223850
Bm3589b.1	WBGene00223850
Bm3589e.1	WBGene00223850
Bm3589d.1	WBGene00223850
Bm4965.1	WBGene00225226
Bm6271.1	WBGene00226532
Bm6272a.1	WBGene00226533
Bm6272b.1	WBGene00226533
Bm6270.1	WBGene00226531
Bm5617.1	WBGene00225878
Bm5616.1	WBGene00225877
Bm5243b.1	WBGene00225504
Bm5243a.1	WBGene00225504
Bm6369a.1	WBGene00226630
Bm6364a.1	WBGene00226625
Bm6364a.2	WBGene00226625
Bm6364b.1	WBGene00226625
Bm6369b.1	WBGene00226630
Bm3168c.1	WBGene00223429
Bm3168a.1	WBGene00223429
Bm3168b.1	WBGene00223429
Bm2165a.1	WBGene00222426
Bm2165c.1	WBGene00222426
Bm2165b.1	WBGene00222426
Bm12882b.1	WBGene00233143
Bm12882a.1	WBGene00233143
Bm1032.1	WBGene00221293
Bm3155.1	WBGene00223416
Bm4173a.1	WBGene00224434
Bm4173b.1	WBGene00224434
Bm12883a.1	WBGene00233144
Bm12883b.1	WBGene00233144
Bm7547.1	WBGene00227808
Bm17645.1	WBGene00268787
Bm12884.1	WBGene00233145
Bm7615.1	WBGene00227876
Bm1635.1	WBGene00221896
Bm4187.1	WBGene00224448
Bm12885.1	WBGene00233146
Bm6371g.1	WBGene00226632
Bm6371e.1	WBGene00226632
Bm6371h.1	WBGene00226632
Bm6371d.1	WBGene00226632
Bm12886.1	WBGene00233147
Bm6987.1	WBGene00227248
Bm12887.1	WBGene00233148
Bm1034.1	WBGene00221295
Bm6028.1	WBGene00226289
Bm6029.1	WBGene00226290
Bm2764.1	WBGene00223025
Bm12888.1	WBGene00233149
Bm7358.1	WBGene00227619
Bm4343a.1	WBGene00224604
Bm4343b.1	WBGene00224604
Bm6554d.1	WBGene00226815
Bm6554c.1	WBGene00226815
Bm6554b.1	WBGene00226815
Bm6554a.1	WBGene00226815
Bm1035.1	WBGene00221296
Bm12889.1	WBGene00233150
Bm13326.1	WBGene00233587
Bm1036b.1	WBGene00221297
Bm1036a.1	WBGene00221297
Bm4813.1	WBGene00225074
Bm4814a.1	WBGene00225075
Bm4814b.1	WBGene00225075
Bm5972a.1	WBGene00226233
Bm5972b.1	WBGene00226233
Bm4357.1	WBGene00224618
Bm12890a.1	WBGene00233151
Bm12890b.1	WBGene00233151
Bm7368b.1	WBGene00227629
Bm7368a.1	WBGene00227629
Bm5488a.1	WBGene00225749
Bm5488b.1	WBGene00225749
Bm12892b.1	WBGene00233153
Bm12892b.2	WBGene00233153
Bm12892a.2	WBGene00233153
Bm12892a.1	WBGene00233153
Bm6625.1	WBGene00226886
Bm5706.1	WBGene00225967
Bm5706.2	WBGene00225967
Bm5706.3	WBGene00225967
Bm2265b.1	WBGene00222526
Bm2265a.1	WBGene00222526
Bm16927.1	WBGene00255513
Bm3349.2	WBGene00223610
Bm3349.1	WBGene00223610
Bm11145.3	WBGene00231406
Bm11145.1	WBGene00231406
Bm11145.7	WBGene00231406
Bm11145.4	WBGene00231406
Bm11145.6	WBGene00231406
Bm11145.5	WBGene00231406
Bm11145.2	WBGene00231406
Bm13731a.1	WBGene00233992
Bm13731b.1	WBGene00233992
Bm5692b.1	WBGene00225953
Bm5692a.1	WBGene00225953
Bm6175a.1	WBGene00226436
Bm6175b.1	WBGene00226436
Bm13859.1	WBGene00234120
Bm6672a.1	WBGene00226933
Bm6672b.1	WBGene00226933
Bm6673.1	WBGene00226934
Bm12893.1	WBGene00233154
Bm14367.1	WBGene00234628
Bm12894.1	WBGene00233155
Bm4127.1	WBGene00224388
Bm4128.1	WBGene00224389
Bm3786.1	WBGene00224047
Bm12896.1	WBGene00233157
Bm12896.2	WBGene00233157
Bm17646.1	WBGene00268788
Bm12897.1	WBGene00233158
Bm6582.1	WBGene00226843
Bm3093a.2	WBGene00223354
Bm3093a.1	WBGene00223354
Bm3093b.3	WBGene00223354
Bm3093b.2	WBGene00223354
Bm3093b.1	WBGene00223354
Bm13740b.1	WBGene00234001
Bm13740b.2	WBGene00234001
Bm13740a.1	WBGene00234001
Bm5335a.1	WBGene00225596
Bm5335b.1	WBGene00225596
Bm5335c.1	WBGene00225596
Bm12899.1	WBGene00233160
Bm11146.1	WBGene00231407
Bm3753.1	WBGene00224014
Bm4977a.1	WBGene00225238
Bm4977b.1	WBGene00225238
Bm12900.1	WBGene00233161
Bm4682a.1	WBGene00224943
Bm4682b.1	WBGene00224943
Bm1638.1	WBGene00221899
Bm13223b.1	WBGene00233484
Bm13223a.1	WBGene00233484
Bm12902.1	WBGene00233163
Bm7369.1	WBGene00227630
Bm4520a.1	WBGene00224781
Bm4520b.1	WBGene00224781
Bm12903.1	WBGene00233164
Bm3811.1	WBGene00224072
Bm3186a.1	WBGene00223447
Bm3186a.2	WBGene00223447
Bm3186b.1	WBGene00223447
Bm4786a.1	WBGene00225047
Bm4786b.1	WBGene00225047
Bm14750b.1	WBGene00234935
Bm14750a.1	WBGene00234935
Bm13804.1	WBGene00234065
Bm13804.2	WBGene00234065
Bm7235.1	WBGene00227496
Bm12905.1	WBGene00233166
Bm12906.1	WBGene00233167
Bm1883b.1	WBGene00222144
Bm1883a.1	WBGene00222144
Bm3348.1	WBGene00223609
Bm3401b.1	WBGene00223662
Bm3401a.1	WBGene00223662
Bm6436a.1	WBGene00226697
Bm6436b.1	WBGene00226697
Bm3617.1	WBGene00223878
Bm14687a.1	WBGene00235022
Bm14687b.1	WBGene00235022
Bm3810.1	WBGene00224071
Bm12908.1	WBGene00233169
Bm7202.1	WBGene00227463
Bm3393a.1	WBGene00223654
Bm3393b.1	WBGene00223654
Bm14744.1	WBGene00235079
Bm12909.1	WBGene00233170
Bm14368.1	WBGene00234629
Bm12911.1	WBGene00233172
Bm6798.1	WBGene00227059
Bm12912.1	WBGene00233173
Bm7041.1	WBGene00227302
Bm4521a.1	WBGene00224782
Bm4521a.2	WBGene00224782
Bm4521b.1	WBGene00224782
Bm728.1	WBGene00220989
Bm7360a.1	WBGene00227621
Bm7360b.1	WBGene00227621
Bm6190a.1	WBGene00226451
Bm6190b.1	WBGene00226451
Bm6190c.1	WBGene00226451
Bm1042a.1	WBGene00221303
Bm1042b.1	WBGene00221303
Bm5039b.1	WBGene00225300
Bm5039a.1	WBGene00225300
Bm5041a.1	WBGene00225302
Bm5041c.1	WBGene00225302
Bm5041b.1	WBGene00225302
Bm17647.1	WBGene00268789
Bm2158a.1	WBGene00222419
Bm2158b.1	WBGene00222419
Bm3402.1	WBGene00223663
Bm7262.1	WBGene00227523
Bm2357c.1	WBGene00222618
Bm2357d.1	WBGene00222618
Bm2357a.1	WBGene00222618
Bm2357b.1	WBGene00222618
Bm7264d.1	WBGene00227525
Bm7264c.1	WBGene00227525
Bm7264e.1	WBGene00227525
Bm7264b.1	WBGene00227525
Bm12914.1	WBGene00233175
Bm12915.1	WBGene00233176
Bm1043.1	WBGene00221304
Bm3064a.1	WBGene00223325
Bm3064b.1	WBGene00223325
Bm3064c.1	WBGene00223325
Bm5442a.1	WBGene00225703
Bm5442b.1	WBGene00225703
Bm3487a.1	WBGene00223748
Bm3487b.1	WBGene00223748
Bm1639.1	WBGene00221900
Bm7081.1	WBGene00227342
Bm7327.1	WBGene00227588
Bm7326.1	WBGene00227587
Bm12918b.1	WBGene00233179
Bm12918a.1	WBGene00233179
Bm13939b.1	WBGene00234200
Bm13939a.1	WBGene00234200
Bm12919.1	WBGene00233180
Bm5219.1	WBGene00225480
Bm3751a.1	WBGene00224012
Bm3751b.1	WBGene00224012
Bm1640.1	WBGene00221901
Bm4986.1	WBGene00225247
Bm12920.2	WBGene00233181
Bm12920.1	WBGene00233181
Bm14058b.1	WBGene00234319
Bm14058a.1	WBGene00234319
Bm2146.1	WBGene00222407
Bm16946a.1	WBGene00255601
Bm16946b.1	WBGene00255601
Bm16947.1	WBGene00255602
Bm5536.1	WBGene00225797
Bm2147a.1	WBGene00222408
Bm2147b.1	WBGene00222408
Bm6954.1	WBGene00227215
Bm6321c.1	WBGene00226582
Bm6321a.1	WBGene00226582
Bm6321b.1	WBGene00226582
Bm6320a.1	WBGene00226581
Bm6320a.2	WBGene00226581
Bm6320b.1	WBGene00226581
Bm3408.1	WBGene00223669
Bm12921.2	WBGene00233182
Bm12921.3	WBGene00233182
Bm12921.4	WBGene00233182
Bm12921.5	WBGene00233182
Bm12921.1	WBGene00233182
Bm12921.6	WBGene00233182
Bm12922a.1	WBGene00233183
Bm12922b.1	WBGene00233183
Bm1643.1	WBGene00221904
Bm1645.1	WBGene00221906
Bm1646.1	WBGene00221907
Bm1647.1	WBGene00221908
Bm12923.1	WBGene00233184
Bm12924.1	WBGene00233185
Bm1044.1	WBGene00221305
Bm1045.1	WBGene00221306
Bm12925.1	WBGene00233186
Bm12927.1	WBGene00233188
Bm7038.1	WBGene00227299
Bm7040.1	WBGene00227301
Bm3293.1	WBGene00223554
Bm17649.1	WBGene00268791
Bm4154.1	WBGene00224415
Bm1046.1	WBGene00221307
Bm1046.2	WBGene00221307
Bm12929.1	WBGene00233190
Bm12929.2	WBGene00233190
Bm12929.3	WBGene00233190
Bm6499b.1	WBGene00226760
Bm6499a.1	WBGene00226760
Bm13854b.1	WBGene00234115
Bm13854a.1	WBGene00234115
Bm6235a.1	WBGene00226496
Bm6235b.1	WBGene00226496
Bm13675.1	WBGene00233936
Bm12930.1	WBGene00233191
Bm12930.2	WBGene00233191
Bm8162.1	WBGene00228423
Bm17650.1	WBGene00268792
Bm8164.1	WBGene00228425
Bm2521b.1	WBGene00222782
Bm2521c.1	WBGene00222782
Bm2521c.2	WBGene00222782
Bm2521a.1	WBGene00222782
Bm4889a.1	WBGene00225150
Bm4889b.1	WBGene00225150
Bm12935.1	WBGene00233196
Bm12935.2	WBGene00233196
Bm4692c.1	WBGene00224953
Bm4692a.1	WBGene00224953
Bm4692a.2	WBGene00224953
Bm4692c.2	WBGene00224953
Bm4692b.1	WBGene00224953
Bm4692d.1	WBGene00224953
Bm2872.1	WBGene00223133
Bm5439.1	WBGene00225700
Bm13730.1	WBGene00233991
Bm17651.1	WBGene00268793
Bm12936.1	WBGene00233197
Bm12937a.1	WBGene00233198
Bm12937b.1	WBGene00233198
Bm3491.1	WBGene00223752
Bm4518.1	WBGene00224779
Bm12938.1	WBGene00233199
Bm13955a.1	WBGene00234216
Bm13955c.1	WBGene00234216
Bm13955b.1	WBGene00234216
Bm13892.1	WBGene00234153
Bm4439a.1	WBGene00224700
Bm4439b.1	WBGene00224700
Bm12939a.1	WBGene00233200
Bm12939b.1	WBGene00233200
Bm6250b.1	WBGene00226511
Bm6250a.1	WBGene00226511
Bm6250b.2	WBGene00226511
Bm3000a.1	WBGene00223261
Bm3000b.1	WBGene00223261
Bm6629.1	WBGene00226890
Bm13951a.1	WBGene00234212
Bm13951b.1	WBGene00234212
Bm7247d.1	WBGene00227508
Bm7247f.1	WBGene00227508
Bm7247a.1	WBGene00227508
Bm7247b.1	WBGene00227508
Bm7247e.1	WBGene00227508
Bm7247c.1	WBGene00227508
Bm12942.1	WBGene00233203
Bm12943b.1	WBGene00233204
Bm12943a.1	WBGene00233204
Bm14068.1	WBGene00234329
Bm3831.1	WBGene00224092
Bm12946a.1	WBGene00233207
Bm12946b.1	WBGene00233207
Bm13226.1	WBGene00233487
Bm5491.1	WBGene00225752
Bm3865a.1	WBGene00224126
Bm3865b.1	WBGene00224126
Bm18209a.1	WBGene00269358
Bm18209b.1	WBGene00269358
Bm4588.1	WBGene00224849
Bm6502.1	WBGene00226763
Bm6502.2	WBGene00226763
Bm6619d.1	WBGene00226880
Bm6619c.1	WBGene00226880
Bm6618.1	WBGene00226879
Bm2556a.1	WBGene00222817
Bm2556b.1	WBGene00222817
Bm5220.1	WBGene00225481
Bm2213a.1	WBGene00222474
Bm2213b.1	WBGene00222474
Bm12947d.1	WBGene00233208
Bm12947b.1	WBGene00233208
Bm12947c.1	WBGene00233208
Bm12947a.1	WBGene00233208
Bm13642.1	WBGene00233903
Bm18577.1	WBGene00303429
Bm4706.1	WBGene00224967
Bm5938b.1	WBGene00226199
Bm5938a.1	WBGene00226199
Bm7411b.1	WBGene00227672
Bm7411a.1	WBGene00227672
Bm7411c.1	WBGene00227672
Bm2957.1	WBGene00223218
Bm2957.2	WBGene00223218
Bm2957.3	WBGene00223218
Bm2957.4	WBGene00223218
Bm3351.1	WBGene00223612
Bm1049.1	WBGene00221310
Bm3676a.1	WBGene00223937
Bm3676b.1	WBGene00223937
Bm1050.1	WBGene00221311
Bm2808.1	WBGene00223069
Bm2807.1	WBGene00223068
Bm12442b.1	WBGene00232703
Bm12442a.1	WBGene00232703
Bm3044b.1	WBGene00223305
Bm3044a.1	WBGene00223305
Bm3076.1	WBGene00223337
Bm4995a.1	WBGene00225256
Bm4995b.1	WBGene00225256
Bm4995e.1	WBGene00225256
Bm4995e.2	WBGene00225256
Bm2698.1	WBGene00222959
Bm4996.1	WBGene00225257
Bm13228.1	WBGene00233489
Bm4496.1	WBGene00224757
Bm12948.1	WBGene00233209
Bm18184a.1	WBGene00269324
Bm4496.2	WBGene00224757
Bm18184b.1	WBGene00269324
Bm2520a.1	WBGene00222781
Bm2520b.1	WBGene00222781
Bm6313b.1	WBGene00226574
Bm6313a.1	WBGene00226574
Bm3073.1	WBGene00223334
Bm1654.1	WBGene00221915
Bm1655.1	WBGene00221916
Bm4406.1	WBGene00224667
Bm6630a.1	WBGene00226891
Bm6630b.1	WBGene00226891
Bm6422b.1	WBGene00226683
Bm6422c.1	WBGene00226683
Bm6422a.1	WBGene00226683
Bm6422d.1	WBGene00226683
Bm1860c.1	WBGene00222121
Bm1860d.1	WBGene00222121
Bm1860b.1	WBGene00222121
Bm1860a.1	WBGene00222121
Bm2361.1	WBGene00222622
Bm2359a.1	WBGene00222620
Bm2359b.1	WBGene00222620
Bm2359c.1	WBGene00222620
Bm12950.1	WBGene00233211
Bm3931a.1	WBGene00224192
Bm3931b.1	WBGene00224192
Bm3929b.1	WBGene00224190
Bm3929a.1	WBGene00224190
Bm3929c.1	WBGene00224190
Bm12951.1	WBGene00233212
Bm4428.1	WBGene00224689
Bm5036.1	WBGene00225297
Bm5035a.1	WBGene00225296
Bm5035b.1	WBGene00225296
Bm7050a.1	WBGene00227311
Bm7050b.1	WBGene00227311
Bm13868a.1	WBGene00234129
Bm13868b.1	WBGene00234129
Bm1705a.1	WBGene00221966
Bm1705b.1	WBGene00221966
Bm1656a.1	WBGene00221917
Bm1656b.1	WBGene00221917
Bm12953.1	WBGene00233214
Bm12953.2	WBGene00233214
Bm6311a.1	WBGene00226572
Bm6311b.1	WBGene00226572
Bm3074.1	WBGene00223335
Bm7704d.1	WBGene00227965
Bm7704b.1	WBGene00227965
Bm1051c.1	WBGene00221312
Bm1051a.1	WBGene00221312
Bm1051b.1	WBGene00221312
Bm1051c.2	WBGene00221312
Bm5918.1	WBGene00226179
Bm12955.1	WBGene00233216
Bm2516b.1	WBGene00222777
Bm2516c.1	WBGene00222777
Bm2516a.1	WBGene00222777
Bm2516d.1	WBGene00222777
Bm4861.1	WBGene00225122
Bm1890.1	WBGene00222151
Bm5930a.1	WBGene00226191
Bm5930e.1	WBGene00226191
Bm5930d.1	WBGene00226191
Bm5930b.1	WBGene00226191
Bm12956.1	WBGene00233217
Bm2440.1	WBGene00222701
Bm2918.1	WBGene00223179
Bm13897.1	WBGene00234158
Bm13897.2	WBGene00234158
Bm13933a.1	WBGene00234194
Bm13933b.1	WBGene00234194
Bm13933c.1	WBGene00234194
Bm12957a.1	WBGene00233218
Bm12957b.1	WBGene00233218
Bm4840a.1	WBGene00225101
Bm4840b.1	WBGene00225101
Bm13726.1	WBGene00233987
Bm4315.1	WBGene00224576
Bm3028a.1	WBGene00223289
Bm3028b.1	WBGene00223289
Bm12958.1	WBGene00233219
Bm1896c.1	WBGene00222157
Bm1896a.1	WBGene00222157
Bm1896b.1	WBGene00222157
Bm3153a.1	WBGene00223414
Bm3153b.1	WBGene00223414
Bm3153c.1	WBGene00223414
Bm3153d.1	WBGene00223414
Bm3154a.1	WBGene00223415
Bm3154b.1	WBGene00223415
Bm5707.1	WBGene00225968
Bm17652.1	WBGene00268794
Bm6135.1	WBGene00226396
Bm7351a.1	WBGene00227612
Bm7351c.1	WBGene00227612
Bm7351b.1	WBGene00227612
Bm7351d.1	WBGene00227612
Bm17653.1	WBGene00268795
Bm7351e.1	WBGene00227612
Bm7351f.1	WBGene00227612
Bm7351g.1	WBGene00227612
Bm7351h.1	WBGene00227612
Bm7351n.1	WBGene00227612
Bm7351p.1	WBGene00227612
Bm7351k.1	WBGene00227612
Bm7351m.1	WBGene00227612
Bm7351i.1	WBGene00227612
Bm7351j.1	WBGene00227612
Bm7351l.1	WBGene00227612
Bm7351o.1	WBGene00227612
Bm7109.1	WBGene00227370
Bm7109.2	WBGene00227370
Bm12966.1	WBGene00233227
Bm18185.1	WBGene00269325
Bm12967a.1	WBGene00233228
Bm12967b.1	WBGene00233228
Bm6251.1	WBGene00226512
Bm5678a.1	WBGene00225939
Bm5678b.1	WBGene00225939
Bm12968.1	WBGene00233229
Bm6975.1	WBGene00227236
Bm12969.1	WBGene00233230
Bm2261b.1	WBGene00222522
Bm2261a.1	WBGene00222522
Bm12970.1	WBGene00233231
Bm5392b.1	WBGene00225653
Bm5392c.1	WBGene00225653
Bm12971.1	WBGene00233232
Bm5392a.1	WBGene00225653
Bm5465a.1	WBGene00225726
Bm5465b.1	WBGene00225726
Bm13644.1	WBGene00233905
Bm4333b.1	WBGene00224594
Bm4333a.1	WBGene00224594
Bm1720a.1	WBGene00221981
Bm1720b.1	WBGene00221981
Bm3583.1	WBGene00223844
Bm8521a.1	WBGene00228782
Bm8521a.2	WBGene00228782
Bm8521d.2	WBGene00228782
Bm8521d.1	WBGene00228782
Bm8521c.1	WBGene00228782
Bm8521b.2	WBGene00228782
Bm8521e.2	WBGene00228782
Bm8521b.1	WBGene00228782
Bm8521e.1	WBGene00228782
Bm3582b.1	WBGene00223843
Bm3582a.1	WBGene00223843
Bm12972a.1	WBGene00233233
Bm12972b.1	WBGene00233233
Bm13781b.1	WBGene00234042
Bm13781a.1	WBGene00234042
Bm6200a.1	WBGene00226461
Bm6200b.1	WBGene00226461
Bm6200c.1	WBGene00226461
Bm2801a.1	WBGene00223062
Bm2801b.1	WBGene00223062
Bm13647.1	WBGene00233908
Bm7562.1	WBGene00227823
Bm14439.1	WBGene00234700
Bm12536.1	WBGene00232797
Bm3392a.1	WBGene00223653
Bm3392b.1	WBGene00223653
Bm1056.1	WBGene00221317
Bm5389a.1	WBGene00225650
Bm5389c.1	WBGene00225650
Bm5389d.1	WBGene00225650
Bm5389b.1	WBGene00225650
Bm13236.1	WBGene00233497
Bm2488a.1	WBGene00222749
Bm2488b.1	WBGene00222749
Bm5370.1	WBGene00225631
Bm2693.1	WBGene00222954
Bm17654.1	WBGene00268796
Bm5547.1	WBGene00225808
Bm3606a.1	WBGene00223867
Bm3606b.1	WBGene00223867
Bm2340a.1	WBGene00222601
Bm2340b.1	WBGene00222601
Bm12973.1	WBGene00233234
Bm1838a.1	WBGene00222099
Bm1838b.1	WBGene00222099
Bm2736.1	WBGene00222997
Bm2737a.1	WBGene00222998
Bm2737b.1	WBGene00222998
Bm12974a.1	WBGene00233235
Bm12974b.1	WBGene00233235
Bm12084.1	WBGene00232345
Bm12975.1	WBGene00233236
Bm17655.1	WBGene00268797
Bm6684.1	WBGene00226945
Bm5993.1	WBGene00226254
Bm17656.1	WBGene00268798
Bm11718.1	WBGene00231979
Bm17657.1	WBGene00268799
Bm5510a.1	WBGene00225771
Bm5510a.2	WBGene00225771
Bm5510b.1	WBGene00225771
Bm5509.1	WBGene00225770
Bm3435a.1	WBGene00223696
Bm3435b.1	WBGene00223696
Bm1580b.1	WBGene00221841
Bm1580a.1	WBGene00221841
Bm11609.1	WBGene00231870
Bm8433f.1	WBGene00228694
Bm8433e.1	WBGene00228694
Bm8433c.1	WBGene00228694
Bm8433d.1	WBGene00228694
Bm8433b.1	WBGene00228694
Bm8433a.1	WBGene00228694
Bm6970.1	WBGene00227231
Bm6971.1	WBGene00227232
Bm9046.1	WBGene00229307
Bm834.1	WBGene00221095
Bm8891.1	WBGene00229152
Bm3708.1	WBGene00223969
Bm1840.1	WBGene00222101
Bm1703.1	WBGene00221964
Bm3928.1	WBGene00224189
Bm8890.1	WBGene00229151
Bm4875.1	WBGene00225136
Bm5369b.1	WBGene00225630
Bm5369a.1	WBGene00225630
Bm8889b.1	WBGene00229150
Bm8889a.1	WBGene00229150
Bm11556.1	WBGene00231817
Bm7231.1	WBGene00227492
Bm2523b.1	WBGene00222784
Bm2523a.1	WBGene00222784
Bm1800.1	WBGene00222061
Bm1799b.1	WBGene00222060
Bm1799a.1	WBGene00222060
Bm3793.1	WBGene00224054
Bm4243.1	WBGene00224504
Bm5050a.1	WBGene00225311
Bm5050b.1	WBGene00225311
Bm17658.1	WBGene00268800
Bm8688.1	WBGene00228949
Bm8687.1	WBGene00228948
Bm3434.1	WBGene00223695
Bm13491.1	WBGene00233752
Bm10175.1	WBGene00230436
Bm10175.2	WBGene00230436
Bm17659.1	WBGene00268801
Bm1380.1	WBGene00221641
Bm516.1	WBGene00220777
Bm10174.1	WBGene00230435
Bm10173.1	WBGene00230434
Bm10172.1	WBGene00230433
Bm13490.1	WBGene00233751
Bm10170.1	WBGene00230431
Bm10169.1	WBGene00230430
Bm1379.1	WBGene00221640
Bm13488.1	WBGene00233749
Bm10168.1	WBGene00230429
Bm1074.1	WBGene00221335
Bm6094.1	WBGene00226355
Bm13496.1	WBGene00233757
Bm17660.1	WBGene00268802
Bm17661.1	WBGene00268803
Bm17662.1	WBGene00268804
Bm3140.1	WBGene00223401
Bm3661.1	WBGene00223922
Bm8312.1	WBGene00228573
Bm10270.1	WBGene00230531
Bm2804.1	WBGene00223065
Bm4201d.1	WBGene00224462
Bm4201c.1	WBGene00224462
Bm10271.1	WBGene00230532
Bm4998.1	WBGene00225259
Bm10272.1	WBGene00230533
Bm4886.1	WBGene00225147
Bm6114.1	WBGene00226375
Bm6113.1	WBGene00226374
Bm3516.1	WBGene00223777
Bm3217.1	WBGene00223478
Bm6013.1	WBGene00226274
Bm9121.1	WBGene00229382
Bm6689.1	WBGene00226950
Bm9120.1	WBGene00229381
Bm7832.1	WBGene00228093
Bm8439.1	WBGene00228700
Bm6685a.1	WBGene00226946
Bm6685b.1	WBGene00226946
Bm8313.1	WBGene00228574
Bm8314.1	WBGene00228575
Bm8501.1	WBGene00228762
Bm1125.1	WBGene00221386
Bm11532.1	WBGene00231793
Bm12800.1	WBGene00233061
Bm13893.1	WBGene00234154
Bm12799.1	WBGene00233060
Bm12798a.1	WBGene00233059
Bm12798b.1	WBGene00233059
Bm12797a.1	WBGene00233058
Bm12797b.1	WBGene00233058
Bm12796.1	WBGene00233057
Bm3517.1	WBGene00223778
Bm99.1	WBGene00220360
Bm748.1	WBGene00221009
Bm749.1	WBGene00221010
Bm8172a.1	WBGene00228433
Bm8172b.1	WBGene00228433
Bm8207.1	WBGene00228468
Bm13210.1	WBGene00233471
Bm6091a.1	WBGene00226352
Bm6092b.1	WBGene00226353
Bm6092a.1	WBGene00226353
Bm6092c.1	WBGene00226353
Bm6091b.1	WBGene00226352
Bm6263.1	WBGene00226524
Bm6259a.1	WBGene00226520
Bm6259b.1	WBGene00226520
Bm8405.1	WBGene00228666
Bm5341.1	WBGene00225602
Bm11558.1	WBGene00231819
Bm17663.1	WBGene00268805
Bm7777.1	WBGene00228038
Bm2544.1	WBGene00222805
Bm2518a.1	WBGene00222779
Bm2518b.1	WBGene00222779
Bm6033.1	WBGene00226294
Bm17664.1	WBGene00268806
Bm2680a.1	WBGene00222941
Bm2680b.1	WBGene00222941
Bm17665.1	WBGene00268807
Bm5959.1	WBGene00226220
Bm9845.1	WBGene00230106
Bm9844.1	WBGene00230105
Bm851.1	WBGene00221112
Bm9842.1	WBGene00230103
Bm9841.1	WBGene00230102
Bm16.1	WBGene00220277
Bm461.1	WBGene00220722
Bm460.1	WBGene00220721
Bm9893.1	WBGene00230154
Bm459.1	WBGene00220720
Bm9892.1	WBGene00230153
Bm2212a.1	WBGene00222473
Bm2212b.1	WBGene00222473
Bm11656.1	WBGene00231917
Bm5694.1	WBGene00225955
Bm6628.1	WBGene00226889
Bm8255b.1	WBGene00228516
Bm8255a.1	WBGene00228516
Bm6679a.1	WBGene00226940
Bm6679b.1	WBGene00226940
Bm17666.1	WBGene00268808
Bm17667.1	WBGene00268809
Bm1081.1	WBGene00221342
Bm8184.1	WBGene00228445
Bm5340.1	WBGene00225601
Bm9773.1	WBGene00230034
Bm6746.1	WBGene00227007
Bm9772b.1	WBGene00230033
Bm9772c.1	WBGene00230033
Bm9772a.1	WBGene00230033
Bm7188.1	WBGene00227449
Bm7187.1	WBGene00227448
Bm7189.1	WBGene00227450
Bm6801b.1	WBGene00227062
Bm6801c.1	WBGene00227062
Bm6623.1	WBGene00226884
Bm2998.1	WBGene00223259
Bm2640.1	WBGene00222901
Bm13937a.1	WBGene00234198
Bm13937b.1	WBGene00234198
Bm13937c.1	WBGene00234198
Bm5222.1	WBGene00225483
Bm5225.1	WBGene00225486
Bm5223.1	WBGene00225484
Bm6398b.1	WBGene00226659
Bm6398a.1	WBGene00226659
Bm6397.1	WBGene00226658
Bm9771.1	WBGene00230032
Bm6753.1	WBGene00227014
Bm9769.1	WBGene00230030
Bm5963.1	WBGene00226224
Bm9768.1	WBGene00230029
Bm9767.1	WBGene00230028
Bm17668.1	WBGene00268810
Bm5905.1	WBGene00226166
Bm4268.1	WBGene00224529
Bm1889b.1	WBGene00222150
Bm1889a.1	WBGene00222150
Bm10195.1	WBGene00230456
Bm8078.1	WBGene00228339
Bm18142.1	WBGene00269282
Bm18143.1	WBGene00269283
Bm17669.1	WBGene00268811
Bm8079.1	WBGene00228340
Bm11809.1	WBGene00232070
Bm7234.1	WBGene00227495
Bm6787b.1	WBGene00227048
Bm6787a.1	WBGene00227048
Bm12225.1	WBGene00232486
Bm13802.1	WBGene00234063
Bm2707a.1	WBGene00222968
Bm2707b.1	WBGene00222968
Bm9299.1	WBGene00229560
Bm14714.1	WBGene00235049
Bm17670.1	WBGene00268812
Bm9300.1	WBGene00229561
Bm4811.1	WBGene00225072
Bm7573.1	WBGene00227834
Bm7572.1	WBGene00227833
Bm9303.1	WBGene00229564
Bm9304.1	WBGene00229565
Bm17671.1	WBGene00268813
Bm6370a.1	WBGene00226631
Bm6370b.1	WBGene00226631
Bm8028.1	WBGene00228289
Bm7125.1	WBGene00227386
Bm17672.1	WBGene00268814
Bm6556.1	WBGene00226817
Bm6793.1	WBGene00227054
Bm6792.1	WBGene00227053
Bm5915.1	WBGene00226176
Bm5914b.1	WBGene00226175
Bm5914a.1	WBGene00226175
Bm3797.1	WBGene00224058
Bm3795.1	WBGene00224056
Bm5693.1	WBGene00225954
Bm5967.1	WBGene00226228
Bm2355a.1	WBGene00222616
Bm2355b.1	WBGene00222616
Bm721.1	WBGene00220982
Bm10639.1	WBGene00230900
Bm3796a.1	WBGene00224057
Bm3796b.1	WBGene00224057
Bm10638.1	WBGene00230899
Bm2424.1	WBGene00222685
Bm10636.1	WBGene00230897
Bm6326.1	WBGene00226587
Bm14106.1	WBGene00234367
Bm9765.1	WBGene00230026
Bm9764.1	WBGene00230025
Bm9763.1	WBGene00230024
Bm2874c.1	WBGene00223135
Bm2874a.1	WBGene00223135
Bm2874c.2	WBGene00223135
Bm9762.1	WBGene00230023
Bm3403a.1	WBGene00223664
Bm3403b.1	WBGene00223664
Bm9760.1	WBGene00230021
Bm1089.1	WBGene00221350
Bm1895.1	WBGene00222156
Bm6977b.1	WBGene00227238
Bm6977a.1	WBGene00227238
Bm13999.1	WBGene00234260
Bm6395.1	WBGene00226656
Bm13898.1	WBGene00234159
Bm13905.1	WBGene00234166
Bm13905.2	WBGene00234166
Bm8676.1	WBGene00228937
Bm12345.1	WBGene00232606
Bm17674.1	WBGene00268816
Bm17675.1	WBGene00268817
Bm9840.1	WBGene00230101
Bm17676.1	WBGene00268818
Bm17677.1	WBGene00268819
Bm3162a.1	WBGene00223423
Bm3162b.1	WBGene00223423
Bm3161.1	WBGene00223422
Bm3160a.1	WBGene00223421
Bm3160b.1	WBGene00223421
Bm17679.1	WBGene00268821
Bm2356a.1	WBGene00222617
Bm14083.1	WBGene00234344
Bm17680.1	WBGene00268822
Bm5196b.1	WBGene00225457
Bm5196a.1	WBGene00225457
Bm7267.1	WBGene00227528
Bm2237a.1	WBGene00222498
Bm2237b.1	WBGene00222498
Bm9481.1	WBGene00229742
Bm13622.1	WBGene00233883
Bm12362b.1	WBGene00232623
Bm12362a.1	WBGene00232623
Bm7370.1	WBGene00227631
Bm9480.1	WBGene00229741
Bm6210.1	WBGene00226471
Bm908a.1	WBGene00221169
Bm908b.1	WBGene00221169
Bm5607.1	WBGene00225868
Bm6323.1	WBGene00226584
Bm4334.1	WBGene00224595
Bm4335.1	WBGene00224596
Bm3705.1	WBGene00223966
Bm3703.1	WBGene00223964
Bm7113.1	WBGene00227374
Bm4557a.1	WBGene00224818
Bm4557b.1	WBGene00224818
Bm4742b.1	WBGene00225003
Bm4742a.1	WBGene00225003
Bm17681.1	WBGene00268823
Bm7972.1	WBGene00228233
Bm4826.1	WBGene00225087
Bm4887.1	WBGene00225148
Bm4638b.1	WBGene00224899
Bm4638a.1	WBGene00224899
Bm7244b.1	WBGene00227505
Bm7244a.1	WBGene00227505
Bm2637a.1	WBGene00222898
Bm2637b.1	WBGene00222898
Bm841.1	WBGene00221102
Bm8658.1	WBGene00228919
Bm3584a.1	WBGene00223845
Bm3584b.1	WBGene00223845
Bm6287.1	WBGene00226548
Bm2049c.1	WBGene00222310
Bm2049a.1	WBGene00222310
Bm2049b.1	WBGene00222310
Bm13338.1	WBGene00233599
Bm17683.1	WBGene00268825
Bm8309.1	WBGene00228570
Bm9089.1	WBGene00229350
Bm3001.1	WBGene00223262
Bm13921.1	WBGene00234182
Bm17684.1	WBGene00268826
Bm9088.1	WBGene00229349
Bm293.1	WBGene00220554
Bm1202.1	WBGene00221463
Bm1201.1	WBGene00221462
Bm13692.1	WBGene00233953
Bm9087b.1	WBGene00229348
Bm9087b.2	WBGene00229348
Bm9087a.1	WBGene00229348
Bm8284.1	WBGene00228545
Bm13375.1	WBGene00233636
Bm3470.1	WBGene00223731
Bm14130.1	WBGene00234391
Bm8753a.1	WBGene00229014
Bm8753b.1	WBGene00229014
Bm7059.1	WBGene00227320
Bm13061.1	WBGene00233322
Bm7033a.1	WBGene00227294
Bm7033b.1	WBGene00227294
Bm7388.1	WBGene00227649
Bm13967.1	WBGene00234228
Bm11294a.2	WBGene00231555
Bm11294b.1	WBGene00231555
Bm11294a.1	WBGene00231555
Bm4611.1	WBGene00224872
Bm9448.1	WBGene00229709
Bm3353.1	WBGene00223614
Bm3352.1	WBGene00223613
Bm4498.1	WBGene00224759
Bm11292.1	WBGene00231553
Bm11292.2	WBGene00231553
Bm4577.1	WBGene00224838
Bm864.1	WBGene00221125
Bm5108.1	WBGene00225369
Bm4578b.1	WBGene00224839
Bm4578a.1	WBGene00224839
Bm14033b.1	WBGene00234294
Bm14033b.2	WBGene00234294
Bm14033a.1	WBGene00234294
Bm1384a.1	WBGene00221645
Bm1384b.1	WBGene00221645
Bm11439.1	WBGene00231700
Bm9450.1	WBGene00229711
Bm9451.1	WBGene00229712
Bm6191.1	WBGene00226452
Bm9452a.1	WBGene00229713
Bm9452b.1	WBGene00229713
Bm12612a.1	WBGene00232873
Bm12612b.1	WBGene00232873
Bm14168.1	WBGene00234429
Bm6285.1	WBGene00226546
Bm4765b.1	WBGene00225026
Bm4765a.1	WBGene00225026
Bm2334a.1	WBGene00222595
Bm2334b.1	WBGene00222595
Bm9453b.1	WBGene00229714
Bm9453a.1	WBGene00229714
Bm9454.1	WBGene00229715
Bm5968b.1	WBGene00226229
Bm5968a.1	WBGene00226229
Bm5969a.1	WBGene00226230
Bm5969b.1	WBGene00226230
Bm5976a.1	WBGene00226237
Bm5976b.1	WBGene00226237
Bm11241.1	WBGene00231502
Bm4429.1	WBGene00224690
Bm9456.1	WBGene00229717
Bm5708.1	WBGene00225969
Bm7284a.1	WBGene00227545
Bm7284a.2	WBGene00227545
Bm7284b.1	WBGene00227545
Bm9457.1	WBGene00229718
Bm7042b.1	WBGene00227303
Bm7042a.1	WBGene00227303
Bm4223b.1	WBGene00224484
Bm4223c.2	WBGene00224484
Bm4223c.1	WBGene00224484
Bm4224.1	WBGene00224485
Bm13416.1	WBGene00233677
Bm9458.1	WBGene00229719
Bm4407.1	WBGene00224668
Bm3652.1	WBGene00223913
Bm7699.2	WBGene00227960
Bm7699.1	WBGene00227960
Bm17686.1	WBGene00268828
Bm4364a.1	WBGene00224625
Bm4364b.1	WBGene00224625
Bm3608.1	WBGene00223869
Bm3646b.1	WBGene00223907
Bm3646a.1	WBGene00223907
Bm5218a.1	WBGene00225479
Bm5218b.1	WBGene00225479
Bm1836a.1	WBGene00222097
Bm1836b.1	WBGene00222097
Bm1836c.1	WBGene00222097
Bm2093a.1	WBGene00222354
Bm2093a.2	WBGene00222354
Bm2093b.1	WBGene00222354
Bm2735.1	WBGene00222996
Bm9460a.1	WBGene00229721
Bm9460b.1	WBGene00229721
Bm5001b.1	WBGene00225262
Bm5001a.1	WBGene00225262
Bm13789.1	WBGene00234050
Bm1243.1	WBGene00221504
Bm13062.1	WBGene00233323
Bm17687.1	WBGene00268829
Bm10219.1	WBGene00230480
Bm4805b.1	WBGene00225066
Bm4805a.1	WBGene00225066
Bm2694a.1	WBGene00222955
Bm2694b.1	WBGene00222955
Bm7052.1	WBGene00227313
Bm10220.1	WBGene00230481
Bm7438a.1	WBGene00227699
Bm7438b.1	WBGene00227699
Bm5680.1	WBGene00225941
Bm10221.1	WBGene00230482
Bm14809.1	WBGene00234994
Bm8377.1	WBGene00228638
Bm3590a.1	WBGene00223851
Bm3590b.1	WBGene00223851
Bm10222.1	WBGene00230483
Bm10223.1	WBGene00230484
Bm10224.1	WBGene00230485
Bm5367a.1	WBGene00225628
Bm5367b.1	WBGene00225628
Bm3281.1	WBGene00223542
Bm14078.1	WBGene00234339
Bm7258a.1	WBGene00227519
Bm7258b.1	WBGene00227519
Bm7258c.1	WBGene00227519
Bm2717a.1	WBGene00222978
Bm2717c.1	WBGene00222978
Bm2717b.1	WBGene00222978
Bm2723.1	WBGene00222984
Bm16949b.1	WBGene00255608
Bm16949a.1	WBGene00255608
Bm2716.1	WBGene00222977
Bm2721a.1	WBGene00222982
Bm2721b.1	WBGene00222982
Bm2721b.2	WBGene00222982
Bm2722.2	WBGene00222983
Bm2722.3	WBGene00222983
Bm2722.1	WBGene00222983
Bm2722.4	WBGene00222983
Bm6615.1	WBGene00226876
Bm3042b.1	WBGene00223303
Bm3042a.1	WBGene00223303
Bm1971a.1	WBGene00222232
Bm1971b.1	WBGene00222232
Bm4341.1	WBGene00224602
Bm7705a.1	WBGene00227966
Bm7705b.1	WBGene00227966
Bm17072.1	WBGene00268200
Bm11981.1	WBGene00232242
Bm5545.1	WBGene00225806
Bm13765.1	WBGene00234026
Bm4065a.1	WBGene00224326
Bm4065b.1	WBGene00224326
Bm7182.1	WBGene00227443
Bm4516.1	WBGene00224777
Bm526.1	WBGene00220787
Bm10232.1	WBGene00230493
Bm10227.1	WBGene00230488
Bm13870.1	WBGene00234131
Bm10228a.1	WBGene00230489
Bm10228b.1	WBGene00230489
Bm3278b.1	WBGene00223539
Bm3278a.1	WBGene00223539
Bm18574.1	WBGene00303418
Bm10229e.1	WBGene00230490
Bm10229a.1	WBGene00230490
Bm10229b.1	WBGene00230490
Bm10229c.1	WBGene00230490
Bm10229d.1	WBGene00230490
Bm10229f.1	WBGene00230490
Bm4404b.1	WBGene00224665
Bm4404b.2	WBGene00224665
Bm4404a.1	WBGene00224665
Bm5971.1	WBGene00226232
Bm13845a.1	WBGene00234106
Bm13845b.1	WBGene00234106
Bm13845c.1	WBGene00234106
Bm13845d.1	WBGene00234106
Bm14008.1	WBGene00234269
Bm3288b.1	WBGene00223549
Bm3288a.1	WBGene00223549
Bm5487.1	WBGene00225748
Bm5487.2	WBGene00225748
Bm3287a.1	WBGene00223548
Bm3287c.1	WBGene00223548
Bm3287b.1	WBGene00223548
Bm11157a.1	WBGene00231418
Bm11157b.1	WBGene00231418
Bm11159a.2	WBGene00231420
Bm11159d.1	WBGene00231420
Bm11159b.1	WBGene00231420
Bm11159a.1	WBGene00231420
Bm11159d.2	WBGene00231420
Bm11159c.1	WBGene00231420
Bm4332.1	WBGene00224593
Bm6498.1	WBGene00226759
Bm10234.1	WBGene00230495
Bm180.1	WBGene00220441
Bm7618.1	WBGene00227879
Bm2595a.1	WBGene00222856
Bm2595b.1	WBGene00222856
Bm2595c.1	WBGene00222856
Bm13748.1	WBGene00234009
Bm5506.1	WBGene00225767
Bm5506.2	WBGene00225767
Bm5512.1	WBGene00225773
Bm10236a.1	WBGene00230497
Bm10236b.1	WBGene00230497
Bm3638b.1	WBGene00223899
Bm3638a.1	WBGene00223899
Bm528.1	WBGene00220789
Bm14047.1	WBGene00234308
Bm3639.1	WBGene00223900
Bm10237.1	WBGene00230498
Bm13659.1	WBGene00233920
Bm9832.1	WBGene00230093
Bm11983.1	WBGene00232244
Bm3640.1	WBGene00223901
Bm17688.1	WBGene00268830
Bm17689.1	WBGene00268831
Bm9834.1	WBGene00230095
Bm17690.1	WBGene00268832
Bm9835.1	WBGene00230096
Bm9836.1	WBGene00230097
Bm9836.2	WBGene00230097
Bm14756a.1	WBGene00234941
Bm14756b.1	WBGene00234941
Bm2700.1	WBGene00222961
Bm18586.1	WBGene00304249
Bm9837a.1	WBGene00230098
Bm9837b.1	WBGene00230098
Bm17691.1	WBGene00268833
Bm9838.1	WBGene00230099
Bm3737.1	WBGene00223998
Bm5753a.1	WBGene00226014
Bm5753b.1	WBGene00226014
Bm8500a.1	WBGene00228761
Bm8500b.1	WBGene00228761
Bm8500c.1	WBGene00228761
Bm5390.1	WBGene00225651
Bm2593.1	WBGene00222854
Bm17692.1	WBGene00268834
Bm8327.1	WBGene00228588
Bm8328.1	WBGene00228589
Bm8329.1	WBGene00228590
Bm13617.1	WBGene00233878
Bm11680.1	WBGene00231941
Bm8092a.1	WBGene00228353
Bm8092b.1	WBGene00228353
Bm7246f.1	WBGene00227507
Bm7246d.1	WBGene00227507
Bm7246a.1	WBGene00227507
Bm7246c.1	WBGene00227507
Bm7246b.1	WBGene00227507
Bm7246e.1	WBGene00227507
Bm17693	WBGene00268835
Bm17694.1	WBGene00268836
Bm17695.1	WBGene00268837
Bm7241.1	WBGene00227502
Bm6974.1	WBGene00227235
Bm17696	WBGene00268838
Bm17697.1	WBGene00268839
Bm371.1	WBGene00220632
Bm7487a.1	WBGene00227748
Bm7487a.2	WBGene00227748
Bm7487b.1	WBGene00227748
Bm5473a.1	WBGene00225734
Bm5473b.1	WBGene00225734
Bm9406.1	WBGene00229667
Bm7024.1	WBGene00227285
Bm9404.1	WBGene00229665
Bm4365.1	WBGene00224626
Bm6688.1	WBGene00226949
Bm17698.1	WBGene00268840
Bm4145.1	WBGene00224406
Bm4697e.1	WBGene00224958
Bm4697f.1	WBGene00224958
Bm4697a.1	WBGene00224958
Bm4697d.1	WBGene00224958
Bm4697c.1	WBGene00224958
Bm4697b.1	WBGene00224958
Bm4697g.1	WBGene00224958
Bm9403.1	WBGene00229664
Bm12054.1	WBGene00232315
Bm5448.1	WBGene00225709
Bm5446.1	WBGene00225707
Bm4111.1	WBGene00224372
Bm17699.2	WBGene00268841
Bm17699.1	WBGene00268841
Bm17699.3	WBGene00268841
Bm1864a.1	WBGene00222125
Bm1864c.1	WBGene00222125
Bm1864d.1	WBGene00222125
Bm1864b.1	WBGene00222125
Bm12714.1	WBGene00232975
Bm6237.1	WBGene00226498
Bm9401.1	WBGene00229662
Bm6171d.1	WBGene00226432
Bm6171b.1	WBGene00226432
Bm6171e.1	WBGene00226432
Bm6171a.1	WBGene00226432
Bm9399.1	WBGene00229660
Bm1235a.1	WBGene00221496
Bm1235d.1	WBGene00221496
Bm1235c.1	WBGene00221496
Bm1235b.1	WBGene00221496
Bm13412.1	WBGene00233673
Bm4508.1	WBGene00224769
Bm1234a.1	WBGene00221495
Bm1234c.1	WBGene00221495
Bm6713.1	WBGene00226974
Bm1932.1	WBGene00222193
Bm8227.1	WBGene00228488
Bm2494.1	WBGene00222755
Bm14692.1	WBGene00235027
Bm6544b.1	WBGene00226805
Bm6544a.1	WBGene00226805
Bm5836.1	WBGene00226097
Bm3940.1	WBGene00224201
Bm12775.1	WBGene00233036
Bm997.1	WBGene00221258
Bm5316a.1	WBGene00225577
Bm5316b.1	WBGene00225577
Bm12166.1	WBGene00232427
Bm11320a.1	WBGene00231581
Bm11320b.1	WBGene00231581
Bm3684.1	WBGene00223945
Bm509a.1	WBGene00220770
Bm509b.1	WBGene00220770
Bm10125a.1	WBGene00230386
Bm10125b.1	WBGene00230386
Bm5704.1	WBGene00225965
Bm7431.1	WBGene00227692
Bm5703a.1	WBGene00225964
Bm5703b.1	WBGene00225964
Bm1370.1	WBGene00221631
Bm17700.1	WBGene00268842
Bm10124.1	WBGene00230385
Bm8474.1	WBGene00228735
Bm18149.1	WBGene00269289
Bm18147.1	WBGene00269287
Bm7384.1	WBGene00227645
Bm8765.1	WBGene00229026
Bm10476.1	WBGene00230737
Bm18148.1	WBGene00269288
Bm18150.1	WBGene00269290
Bm2443.1	WBGene00222704
Bm11389.1	WBGene00231650
Bm17701.1	WBGene00268843
Bm7797.1	WBGene00228058
Bm2299c.1	WBGene00222560
Bm2299a.1	WBGene00222560
Bm2299b.1	WBGene00222560
Bm2299d.1	WBGene00222560
Bm2873b.1	WBGene00223134
Bm2873a.1	WBGene00223134
Bm6121.1	WBGene00226382
Bm8270.1	WBGene00228531
Bm3750.1	WBGene00224011
Bm17702.1	WBGene00268844
Bm17703.1	WBGene00268845
Bm3907b.1	WBGene00224168
Bm3907a.1	WBGene00224168
Bm10194.1	WBGene00230455
Bm17704.1	WBGene00268846
Bm2138.1	WBGene00222399
Bm2312b.1	WBGene00222573
Bm2312a.1	WBGene00222573
Bm17705.1	WBGene00268847
Bm9032.1	WBGene00229293
Bm9059.1	WBGene00229320
Bm6073.1	WBGene00226334
Bm6504.1	WBGene00226765
Bm5575.1	WBGene00225836
Bm6553.1	WBGene00226814
Bm17707.1	WBGene00268849
Bm9045.1	WBGene00229306
Bm2945.1	WBGene00223206
Bm13510a.1	WBGene00233771
Bm13510b.1	WBGene00233771
Bm2931.1	WBGene00223192
Bm17708.1	WBGene00268850
Bm2411.1	WBGene00222672
Bm2654.1	WBGene00222915
Bm10481.1	WBGene00230742
Bm10478a.1	WBGene00230739
Bm10478b.1	WBGene00230739
Bm12320.1	WBGene00232581
Bm7239.1	WBGene00227500
Bm824.1	WBGene00221085
Bm9755.1	WBGene00230016
Bm9753a.1	WBGene00230014
Bm9753b.1	WBGene00230014
Bm4415.2	WBGene00224676
Bm4415.1	WBGene00224676
Bm4943a.1	WBGene00225204
Bm4943b.1	WBGene00225204
Bm4943a.2	WBGene00225204
Bm9752a.1	WBGene00230013
Bm9752b.1	WBGene00230013
Bm5504.1	WBGene00225765
Bm8054.1	WBGene00228315
Bm17709.1	WBGene00268851
Bm7548.1	WBGene00227809
Bm9057.1	WBGene00229318
Bm12399.1	WBGene00232660
Bm14144.1	WBGene00234405
Bm17710.1	WBGene00268852
Bm17711.1	WBGene00268853
Bm3259.1	WBGene00223520
Bm15491.1	WBGene00235105
Bm2875a.1	WBGene00223136
Bm2875b.1	WBGene00223136
Bm2202.1	WBGene00222463
Bm6495.1	WBGene00226756
Bm1113.1	WBGene00221374
Bm1581.1	WBGene00221842
Bm1598.1	WBGene00221859
Bm1553.1	WBGene00221814
Bm6572.1	WBGene00226833
Bm17712.1	WBGene00268854
Bm13844.1	WBGene00234105
Bm2371.1	WBGene00222632
Bm8751.1	WBGene00229012
Bm1161.1	WBGene00221422
Bm17713.1	WBGene00268855
Bm8932.1	WBGene00229193
Bm8931.1	WBGene00229192
Bm3878.1	WBGene00224139
Bm8930.1	WBGene00229191
Bm8929.1	WBGene00229190
Bm6148.1	WBGene00226409
Bm5406a.1	WBGene00225667
Bm5406b.1	WBGene00225667
Bm13596.1	WBGene00233857
Bm4892.1	WBGene00225153
Bm7861.1	WBGene00228122
Bm8874.1	WBGene00229135
Bm1835.1	WBGene00222096
Bm5606.1	WBGene00225867
Bm12731.1	WBGene00232992
Bm8875.1	WBGene00229136
Bm8876.1	WBGene00229137
Bm9849.1	WBGene00230110
Bm9850.1	WBGene00230111
Bm452.1	WBGene00220713
Bm6116.1	WBGene00226377
Bm8294.1	WBGene00228555
Bm14098.1	WBGene00234359
Bm17714.1	WBGene00268856
Bm9852.1	WBGene00230113
Bm13788.1	WBGene00234049
Bm4309.1	WBGene00224570
Bm4410.1	WBGene00224671
Bm11543.1	WBGene00231804
Bm5932.1	WBGene00226193
Bm14711.1	WBGene00235046
Bm2656.1	WBGene00222917
Bm8817b.1	WBGene00229078
Bm8817a.1	WBGene00229078
Bm8815.1	WBGene00229076
Bm8815.2	WBGene00229076
Bm1169.1	WBGene00221430
Bm2682.1	WBGene00222943
Bm17715.1	WBGene00268857
Bm11511.1	WBGene00231772
Bm3156.1	WBGene00223417
Bm3156.2	WBGene00223417
Bm5610.1	WBGene00225871
Bm12316a.1	WBGene00232577
Bm12316b.1	WBGene00232577
Bm12316c.1	WBGene00232577
Bm3199a.1	WBGene00223460
Bm3199c.1	WBGene00223460
Bm3199b.1	WBGene00223460
Bm8316.1	WBGene00228577
Bm2963.1	WBGene00223224
Bm2567.1	WBGene00222828
Bm2568.1	WBGene00222829
Bm9734.1	WBGene00229995
Bm7681.1	WBGene00227942
Bm7675.1	WBGene00227936
Bm7677.1	WBGene00227938
Bm7676.1	WBGene00227937
Bm9060.1	WBGene00229321
Bm14000.1	WBGene00234261
Bm13392.1	WBGene00233653
Bm9061.1	WBGene00229322
Bm14804.1	WBGene00234989
Bm18190.1	WBGene00269330
Bm7208.1	WBGene00227469
Bm9062.1	WBGene00229323
Bm7212.1	WBGene00227473
Bm9063.1	WBGene00229324
Bm2950.1	WBGene00223211
Bm812.1	WBGene00221073
Bm8050.1	WBGene00228311
Bm11611.1	WBGene00231872
Bm9319.1	WBGene00229580
Bm11448.1	WBGene00231709
Bm9318.1	WBGene00229579
Bm9317.1	WBGene00229578
Bm6080.1	WBGene00226341
Bm8756.1	WBGene00229017
Bm5824.1	WBGene00226085
Bm12287.1	WBGene00232548
Bm5935a.1	WBGene00226196
Bm5935b.1	WBGene00226196
Bm5518.1	WBGene00225779
Bm6550b.1	WBGene00226811
Bm6550a.1	WBGene00226811
Bm8755a.1	WBGene00229016
Bm8755b.1	WBGene00229016
Bm3229a.1	WBGene00223490
Bm3229b.1	WBGene00223490
Bm5552.1	WBGene00225813
Bm3374.1	WBGene00223635
Bm5032.1	WBGene00225293
Bm2135.1	WBGene00222396
Bm3725a.1	WBGene00223986
Bm3725b.1	WBGene00223986
Bm13793.1	WBGene00234054
Bm4867.1	WBGene00225128
Bm11577.1	WBGene00231838
Bm8837.1	WBGene00229098
Bm1170.1	WBGene00221431
Bm17716.1	WBGene00268858
Bm17717.1	WBGene00268859
Bm5112.2	WBGene00225373
Bm5112.3	WBGene00225373
Bm5112.1	WBGene00225373
Bm13584c.1	WBGene00233845
Bm13584a.1	WBGene00233845
Bm13584b.1	WBGene00233845
Bm10185a.1	WBGene00230446
Bm10185b.1	WBGene00230446
Bm2496.1	WBGene00222757
Bm17718.1	WBGene00268860
Bm17719.1	WBGene00268861
Bm10184.1	WBGene00230445
Bm7678.1	WBGene00227939
Bm7679.1	WBGene00227940
Bm1666b.4	WBGene00221927
Bm1666a.1	WBGene00221927
Bm1666b.2	WBGene00221927
Bm1666b.1	WBGene00221927
Bm1666b.3	WBGene00221927
Bm1666b.5	WBGene00221927
Bm522.1	WBGene00220783
Bm5656.1	WBGene00225917
Bm5835.1	WBGene00226096
Bm4781.1	WBGene00225042
Bm4633.1	WBGene00224894
Bm2506b.1	WBGene00222767
Bm2506a.1	WBGene00222767
Bm16928.1	WBGene00255526
Bm5357.1	WBGene00225618
Bm17720.1	WBGene00268862
Bm7837.1	WBGene00228098
Bm45a.1	WBGene00220306
Bm45b.1	WBGene00220306
Bm8766b.1	WBGene00229027
Bm8766a.1	WBGene00229027
Bm17721.1	WBGene00268863
Bm4552.1	WBGene00224813
Bm7931.1	WBGene00228192
Bm13019.1	WBGene00233280
Bm119.1	WBGene00220380
Bm17722.1	WBGene00268864
Bm155a.1	WBGene00220416
Bm155b.1	WBGene00220416
Bm17723.1	WBGene00268865
Bm7938.1	WBGene00228199
Bm5008.1	WBGene00225269
Bm7939.1	WBGene00228200
Bm4135a.1	WBGene00224396
Bm4135b.1	WBGene00224396
Bm4133a.1	WBGene00224394
Bm4133b.1	WBGene00224394
Bm7940.1	WBGene00228201
Bm2991.1	WBGene00223252
Bm7839.1	WBGene00228100
Bm7446.1	WBGene00227707
Bm9851.1	WBGene00230112
Bm17724.1	WBGene00268866
Bm8380.1	WBGene00228641
Bm5098.1	WBGene00225359
Bm5812.1	WBGene00226073
Bm5983.1	WBGene00226244
Bm7298a.1	WBGene00227559
Bm7298b.1	WBGene00227559
Bm9383.1	WBGene00229644
Bm14164.1	WBGene00234425
Bm5700.1	WBGene00225961
Bm12639.1	WBGene00232900
Bm9384.1	WBGene00229645
Bm5860.1	WBGene00226121
Bm8215.1	WBGene00228476
Bm9385.1	WBGene00229646
Bm3775.1	WBGene00224036
Bm6714.1	WBGene00226975
Bm2370.1	WBGene00222631
Bm11529.1	WBGene00231790
Bm8002.1	WBGene00228263
Bm3220.1	WBGene00223481
Bm8001.1	WBGene00228262
Bm8000a.1	WBGene00228261
Bm8000b.1	WBGene00228261
Bm8000c.1	WBGene00228261
Bm5350a.1	WBGene00225611
Bm5350b.1	WBGene00225611
Bm7999.1	WBGene00228260
Bm3454.1	WBGene00223715
Bm7998.1	WBGene00228259
Bm7997.1	WBGene00228258
Bm7996.1	WBGene00228257
Bm5597.1	WBGene00225858
Bm13597.1	WBGene00233858
Bm6096.1	WBGene00226357
Bm8106.1	WBGene00228367
Bm3912.1	WBGene00224173
Bm13345.1	WBGene00233606
Bm17725.1	WBGene00268867
Bm13591.1	WBGene00233852
Bm13619.1	WBGene00233880
Bm12300.1	WBGene00232561
Bm5885.1	WBGene00226146
Bm7564.1	WBGene00227825
Bm17726.1	WBGene00268868
Bm3829.1	WBGene00224090
Bm3091.1	WBGene00223352
Bm10465.1	WBGene00230726
Bm17727.1	WBGene00268869
Bm579.1	WBGene00220840
Bm17728.1	WBGene00268870
Bm17729.1	WBGene00268871
Bm8206.1	WBGene00228467
Bm17730.1	WBGene00268872
Bm3563.1	WBGene00223824
Bm1094.1	WBGene00221355
Bm10463.1	WBGene00230724
Bm4800a.1	WBGene00225061
Bm4800b.1	WBGene00225061
Bm6568.1	WBGene00226829
Bm14052.1	WBGene00234313
Bm17731	WBGene00268873
Bm17065.1	WBGene00255705
Bm10461.1	WBGene00230722
Bm17066.1	WBGene00255706
Bm10460.2	WBGene00230721
Bm10460.1	WBGene00230721
Bm1544a.2	WBGene00221805
Bm1544a.1	WBGene00221805
Bm1544c.1	WBGene00221805
Bm1544b.1	WBGene00221805
Bm8266.1	WBGene00228527
Bm13598a.1	WBGene00233859
Bm13598b.1	WBGene00233859
Bm4503.1	WBGene00224764
Bm5620.1	WBGene00225881
Bm3535.1	WBGene00223796
Bm12373.1	WBGene00232634
Bm8403a.1	WBGene00228664
Bm8403b.1	WBGene00228664
Bm6040.1	WBGene00226301
Bm3728.1	WBGene00223989
Bm3728.2	WBGene00223989
Bm9277.1	WBGene00229538
Bm13900.1	WBGene00234161
Bm13857.1	WBGene00234118
Bm7566.1	WBGene00227827
Bm9276.1	WBGene00229537
Bm7385.1	WBGene00227646
Bm9275a.1	WBGene00229536
Bm9275b.1	WBGene00229536
Bm6098.1	WBGene00226359
Bm4572a.1	WBGene00224833
Bm4572c.1	WBGene00224833
Bm4572b.1	WBGene00224833
Bm6098.2	WBGene00226359
Bm9274.1	WBGene00229535
Bm6492.1	WBGene00226753
Bm5677.1	WBGene00225938
Bm8308b.1	WBGene00228569
Bm8308a.1	WBGene00228569
Bm4147.1	WBGene00224408
Bm4146.1	WBGene00224407
Bm13846.1	WBGene00234107
Bm6099.1	WBGene00226360
Bm10458.1	WBGene00230719
Bm578a.1	WBGene00220839
Bm578b.1	WBGene00220839
Bm10457.1	WBGene00230718
Bm12250.1	WBGene00232511
Bm10456.1	WBGene00230717
Bm7362.1	WBGene00227623
Bm17732.1	WBGene00268874
Bm13620.1	WBGene00233881
Bm14085.1	WBGene00234346
Bm18188.1	WBGene00269328
Bm10455.1	WBGene00230716
Bm4865.1	WBGene00225126
Bm6934.1	WBGene00227195
Bm6933.1	WBGene00227194
Bm10454.1	WBGene00230715
Bm2061.1	WBGene00222322
Bm4650.1	WBGene00224911
Bm8631.1	WBGene00228892
Bm10453.1	WBGene00230714
Bm10453.2	WBGene00230714
Bm10452.1	WBGene00230713
Bm7323.1	WBGene00227584
Bm7323.2	WBGene00227584
Bm10451.1	WBGene00230712
Bm14081.1	WBGene00234342
Bm3477.1	WBGene00223738
Bm3475.1	WBGene00223736
Bm17733.1	WBGene00268875
Bm12761.1	WBGene00233022
Bm2776.1	WBGene00223037
Bm635a.1	WBGene00220896
Bm635b.1	WBGene00220896
Bm7833.1	WBGene00228094
Bm17735.1	WBGene00268877
Bm5943.1	WBGene00226204
Bm2099.1	WBGene00222360
Bm2142a.1	WBGene00222403
Bm2142b.1	WBGene00222403
Bm17736.1	WBGene00268878
Bm13706.1	WBGene00233967
Bm636.1	WBGene00220897
Bm7543.1	WBGene00227804
Bm3860.1	WBGene00224121
Bm17737.1	WBGene00268879
Bm7132.1	WBGene00227393
Bm2992.1	WBGene00223253
Bm637a.1	WBGene00220898
Bm637b.1	WBGene00220898
Bm11347.1	WBGene00231608
Bm14814.1	WBGene00234999
Bm13771.1	WBGene00234032
Bm13771.2	WBGene00234032
Bm5322a.1	WBGene00225583
Bm5322b.1	WBGene00225583
Bm5322c.1	WBGene00225583
Bm6208.1	WBGene00226469
Bm5636a.1	WBGene00225897
Bm13293.1	WBGene00233554
Bm5636b.1	WBGene00225897
Bm5636c.1	WBGene00225897
Bm4339a.1	WBGene00224600
Bm4339b.1	WBGene00224600
Bm17738.1	WBGene00268880
Bm8438.1	WBGene00228699
Bm18146.1	WBGene00269286
Bm7055a.1	WBGene00227316
Bm7055c.1	WBGene00227316
Bm7055b.1	WBGene00227316
Bm6010.1	WBGene00226271
Bm6010.2	WBGene00226271
Bm6009.1	WBGene00226270
Bm3969a.1	WBGene00224230
Bm3969b.1	WBGene00224230
Bm3504d.1	WBGene00223765
Bm3504f.1	WBGene00223765
Bm3504g.1	WBGene00223765
Bm3504b.1	WBGene00223765
Bm3504c.1	WBGene00223765
Bm3504e.1	WBGene00223765
Bm3504a.1	WBGene00223765
Bm6349a.1	WBGene00226610
Bm6349b.1	WBGene00226610
Bm4702.1	WBGene00224963
Bm4701.1	WBGene00224962
Bm4700a.1	WBGene00224961
Bm4700b.1	WBGene00224961
Bm13811.1	WBGene00234072
Bm3258.1	WBGene00223519
Bm3680.1	WBGene00223941
Bm8791.1	WBGene00229052
Bm17739.1	WBGene00268881
Bm2934a.1	WBGene00223195
Bm2934b.1	WBGene00223195
Bm1452.1	WBGene00221713
Bm3769.1	WBGene00224030
Bm17740.1	WBGene00268882
Bm10627.1	WBGene00230888
Bm7034a.1	WBGene00227295
Bm7034b.1	WBGene00227295
Bm7872.1	WBGene00228133
Bm17741.1	WBGene00268883
Bm12383.1	WBGene00232644
Bm12326.1	WBGene00232587
Bm6414b.1	WBGene00226675
Bm6414a.1	WBGene00226675
Bm6705.1	WBGene00226966
Bm6460.1	WBGene00226721
Bm2410.1	WBGene00222671
Bm2410.2	WBGene00222671
Bm8423.1	WBGene00228684
Bm8422.1	WBGene00228683
Bm6707.1	WBGene00226968
Bm8754.1	WBGene00229015
Bm4902a.1	WBGene00225163
Bm4902b.1	WBGene00225163
Bm4902c.1	WBGene00225163
Bm17743.1	WBGene00268885
Bm1863.1	WBGene00222124
Bm17744.1	WBGene00268886
Bm13602.1	WBGene00233863
Bm12308.1	WBGene00232569
Bm2820b.1	WBGene00223081
Bm2820a.1	WBGene00223081
Bm11550a.1	WBGene00231811
Bm11550b.1	WBGene00231811
Bm7568.1	WBGene00227829
Bm7371.1	WBGene00227632
Bm14044a.1	WBGene00234305
Bm14044a.2	WBGene00234305
Bm14044b.1	WBGene00234305
Bm8901.1	WBGene00229162
Bm2679.1	WBGene00222940
Bm17745.1	WBGene00268887
Bm3310.1	WBGene00223571
Bm1072a.1	WBGene00221333
Bm1072b.1	WBGene00221333
Bm3767.1	WBGene00224028
Bm14080.1	WBGene00234341
Bm17746.1	WBGene00268888
Bm17747.1	WBGene00268889
Bm8679.1	WBGene00228940
Bm3764.1	WBGene00224025
Bm1100a.1	WBGene00221361
Bm1100b.1	WBGene00221361
Bm11686.1	WBGene00231947
Bm7207.1	WBGene00227468
Bm10867.1	WBGene00231128
Bm5931b.1	WBGene00226192
Bm5931c.1	WBGene00226192
Bm5931a.1	WBGene00226192
Bm17748.1	WBGene00268890
Bm1487.1	WBGene00221748
Bm17749.1	WBGene00268891
Bm1861.1	WBGene00222122
Bm5916.1	WBGene00226177
Bm10866.1	WBGene00231127
Bm10865a.1	WBGene00231126
Bm10865b.1	WBGene00231126
Bm18175a.1	WBGene00269315
Bm18175b.1	WBGene00269315
Bm3726.1	WBGene00223987
Bm13334a.1	WBGene00233595
Bm13334b.1	WBGene00233595
Bm13579.1	WBGene00233840
Bm7979.1	WBGene00228240
Bm6399.1	WBGene00226660
Bm1592.1	WBGene00221853
Bm9110a.1	WBGene00229371
Bm9110b.1	WBGene00229371
Bm5004a.2	WBGene00225265
Bm5004a.1	WBGene00225265
Bm5004a.3	WBGene00225265
Bm5004c.1	WBGene00225265
Bm5004b.1	WBGene00225265
Bm1987.1	WBGene00222248
Bm6725a.1	WBGene00226986
Bm6725b.1	WBGene00226986
Bm2646.1	WBGene00222907
Bm10586.1	WBGene00230847
Bm10587.1	WBGene00230848
Bm3557.1	WBGene00223818
Bm2782.1	WBGene00223043
Bm14811.1	WBGene00234996
Bm10589.1	WBGene00230850
Bm18603.1	WBGene00304807
Bm4412.1	WBGene00224673
Bm4634a.1	WBGene00224895
Bm4634c.1	WBGene00224895
Bm4634b.1	WBGene00224895
Bm12276.1	WBGene00232537
Bm7660.1	WBGene00227921
Bm4090.1	WBGene00224351
Bm7363.1	WBGene00227624
Bm5887.1	WBGene00226148
Bm593.1	WBGene00220854
Bm1962.1	WBGene00222223
Bm5399b.1	WBGene00225660
Bm5399a.1	WBGene00225660
Bm7415b.1	WBGene00227676
Bm7415a.1	WBGene00227676
Bm5356.1	WBGene00225617
Bm5204a.1	WBGene00225465
Bm5204b.1	WBGene00225465
Bm10591a.1	WBGene00230852
Bm10591b.1	WBGene00230852
Bm10591d.1	WBGene00230852
Bm10591c.1	WBGene00230852
Bm1446.1	WBGene00221707
Bm2412.1	WBGene00222673
Bm6624b.1	WBGene00226885
Bm6624a.1	WBGene00226885
Bm6624c.1	WBGene00226885
Bm6624e.1	WBGene00226885
Bm6624d.1	WBGene00226885
Bm4522.1	WBGene00224783
Bm10593.1	WBGene00230854
Bm1447.1	WBGene00221708
Bm10594a.1	WBGene00230855
Bm10594b.1	WBGene00230855
Bm4873.1	WBGene00225134
Bm18595.1	WBGene00304796
Bm6667.1	WBGene00226928
Bm5839.1	WBGene00226100
Bm6928a.1	WBGene00227189
Bm6928b.1	WBGene00227189
Bm10596a.1	WBGene00230857
Bm10596b.1	WBGene00230857
Bm18596.2	WBGene00304799
Bm18596.1	WBGene00304799
Bm5185.1	WBGene00225446
Bm6470a.1	WBGene00226731
Bm6470c.1	WBGene00226731
Bm6470b.1	WBGene00226731
Bm6470d.1	WBGene00226731
Bm6393a.1	WBGene00226654
Bm6393b.1	WBGene00226654
Bm10597a.1	WBGene00230858
Bm10597a.2	WBGene00230858
Bm10597b.1	WBGene00230858
Bm10598a.1	WBGene00230859
Bm10598b.1	WBGene00230859
Bm4709.1	WBGene00224970
Bm4711.1	WBGene00224972
Bm10599b.1	WBGene00230860
Bm10599a.1	WBGene00230860
Bm7046.1	WBGene00227307
Bm14723.1	WBGene00235058
Bm13979.1	WBGene00234240
Bm10601b.1	WBGene00230862
Bm10601a.1	WBGene00230862
Bm10601c.1	WBGene00230862
Bm10601d.1	WBGene00230862
Bm2377.1	WBGene00222638
Bm10602.1	WBGene00230863
Bm10604.1	WBGene00230865
Bm10605.1	WBGene00230866
Bm17750.1	WBGene00268892
Bm7157.1	WBGene00227418
Bm10606.1	WBGene00230867
Bm594a.1	WBGene00220855
Bm594b.1	WBGene00220855
Bm594d.1	WBGene00220855
Bm594c.1	WBGene00220855
Bm10607.1	WBGene00230868
Bm10608.1	WBGene00230869
Bm10609.1	WBGene00230870
Bm10610.1	WBGene00230871
Bm7158.1	WBGene00227419
Bm13522.1	WBGene00233783
Bm6021.1	WBGene00226282
Bm11339a.1	WBGene00231600
Bm11339b.1	WBGene00231600
Bm3840a.1	WBGene00224101
Bm3840b.1	WBGene00224101
Bm5397.1	WBGene00225658
Bm10611.1	WBGene00230872
Bm4566a.1	WBGene00224827
Bm4566b.1	WBGene00224827
Bm6473a.1	WBGene00226734
Bm6473b.1	WBGene00226734
Bm7567.1	WBGene00227828
Bm17751.1	WBGene00268893
Bm5497.1	WBGene00225758
Bm3762.1	WBGene00224023
Bm10612.1	WBGene00230873
Bm3699a.1	WBGene00223960
Bm3699b.1	WBGene00223960
Bm6543a.1	WBGene00226804
Bm6543b.1	WBGene00226804
Bm4408.1	WBGene00224669
Bm4839a.1	WBGene00225100
Bm4839b.1	WBGene00225100
Bm10613a.1	WBGene00230874
Bm10613b.1	WBGene00230874
Bm3406.1	WBGene00223667
Bm17752.1	WBGene00268894
Bm10615.1	WBGene00230876
Bm10615.2	WBGene00230876
Bm6747a.1	WBGene00227008
Bm6747c.1	WBGene00227008
Bm6747b.1	WBGene00227008
Bm6932.1	WBGene00227193
Bm2653b.1	WBGene00222914
Bm2653a.1	WBGene00222914
Bm4845a.1	WBGene00225106
Bm4845b.1	WBGene00225106
Bm2677.1	WBGene00222938
Bm10616.1	WBGene00230877
Bm3869d.1	WBGene00224130
Bm3869b.1	WBGene00224130
Bm3869a.1	WBGene00224130
Bm3869c.1	WBGene00224130
Bm10620.1	WBGene00230881
Bm10621.1	WBGene00230882
Bm3556d.1	WBGene00223817
Bm3556f.1	WBGene00223817
Bm3556c.1	WBGene00223817
Bm3556b.1	WBGene00223817
Bm3556a.1	WBGene00223817
Bm3556e.1	WBGene00223817
Bm17753.1	WBGene00268895
Bm3558.1	WBGene00223819
Bm11243.1	WBGene00231504
Bm10623.1	WBGene00230884
Bm13716.1	WBGene00233977
Bm4847.1	WBGene00225108
Bm2841.1	WBGene00223102
Bm10625.1	WBGene00230886
Bm4297b.1	WBGene00224558
Bm4297a.1	WBGene00224558
Bm13685.1	WBGene00233946
Bm6528.1	WBGene00226789
Bm5752b.1	WBGene00226013
Bm5752a.1	WBGene00226013
Bm5348.1	WBGene00225609
Bm2603.1	WBGene00222864
Bm10626.1	WBGene00230887
Bm10027.1	WBGene00230288
Bm13968.1	WBGene00234229
Bm5722.1	WBGene00225983
Bm5721.1	WBGene00225982
Bm13754.1	WBGene00234015
Bm13739a.1	WBGene00234000
Bm13739b.1	WBGene00234000
Bm10026.1	WBGene00230287
Bm1944b.1	WBGene00222205
Bm1944a.1	WBGene00222205
Bm7477.1	WBGene00227738
Bm7477.2	WBGene00227738
Bm5184.1	WBGene00225445
Bm4981.1	WBGene00225242
Bm10025.1	WBGene00230286
Bm4504.1	WBGene00224765
Bm13476.1	WBGene00233737
Bm14215a.1	WBGene00234476
Bm14215b.1	WBGene00234476
Bm10023.1	WBGene00230284
Bm4502.1	WBGene00224763
Bm10021.1	WBGene00230282
Bm13886.1	WBGene00234147
Bm13886.2	WBGene00234147
Bm7209.1	WBGene00227470
Bm7211.1	WBGene00227472
Bm10020.1	WBGene00230281
Bm10019.1	WBGene00230280
Bm3214a.1	WBGene00223475
Bm3214b.1	WBGene00223475
Bm17754a.1	WBGene00268896
Bm17754b.1	WBGene00268896
Bm17755.1	WBGene00268897
Bm5386.1	WBGene00225647
Bm17756.1	WBGene00268898
Bm3200a.1	WBGene00223461
Bm3200b.1	WBGene00223461
Bm5813.1	WBGene00226074
Bm5811.1	WBGene00226072
Bm13964.1	WBGene00234225
Bm10018.1	WBGene00230279
Bm10017.1	WBGene00230278
Bm14214.1	WBGene00234475
Bm4417a.1	WBGene00224678
Bm4417b.1	WBGene00224678
Bm10016.1	WBGene00230277
Bm7210.1	WBGene00227471
Bm14071.1	WBGene00234332
Bm14071.2	WBGene00234332
Bm4416.1	WBGene00224677
Bm3270.1	WBGene00223531
Bm495a.1	WBGene00220756
Bm495b.1	WBGene00220756
Bm3994.1	WBGene00224255
Bm3994.2	WBGene00224255
Bm3995c.1	WBGene00224256
Bm3995b.1	WBGene00224256
Bm3995a.1	WBGene00224256
Bm3997.1	WBGene00224258
Bm2280.1	WBGene00222541
Bm1893a.1	WBGene00222154
Bm1893b.1	WBGene00222154
Bm1893c.1	WBGene00222154
Bm1893d.1	WBGene00222154
Bm1893e.1	WBGene00222154
Bm13969.1	WBGene00234230
Bm6124.1	WBGene00226385
Bm16922a.1	WBGene00255484
Bm16922a.2	WBGene00255484
Bm16922b.1	WBGene00255484
Bm5718.1	WBGene00225979
Bm5719.1	WBGene00225980
Bm1963.1	WBGene00222224
Bm1964a.1	WBGene00222225
Bm1964b.1	WBGene00222225
Bm10014.1	WBGene00230275
Bm10013.2	WBGene00230274
Bm10013.1	WBGene00230274
Bm10012.1	WBGene00230273
Bm10012.2	WBGene00230273
Bm6947.1	WBGene00227208
Bm6948a.1	WBGene00227209
Bm6948b.1	WBGene00227209
Bm7131a.1	WBGene00227392
Bm7131b.1	WBGene00227392
Bm4997.1	WBGene00225258
Bm1349a.1	WBGene00221610
Bm1349b.1	WBGene00221610
Bm1348.1	WBGene00221609
Bm1348.2	WBGene00221609
Bm6462.1	WBGene00226723
Bm10010.1	WBGene00230271
Bm6717d.1	WBGene00226978
Bm6717a.1	WBGene00226978
Bm6717b.1	WBGene00226978
Bm6717c.1	WBGene00226978
Bm3562.1	WBGene00223823
Bm3004c.1	WBGene00223265
Bm3004a.1	WBGene00223265
Bm3004b.1	WBGene00223265
Bm10008c.1	WBGene00230269
Bm10008a.1	WBGene00230269
Bm10008b.1	WBGene00230269
Bm7213.1	WBGene00227474
Bm1693b.1	WBGene00221954
Bm1693c.1	WBGene00221954
Bm1693a.1	WBGene00221954
Bm7383.1	WBGene00227644
Bm10007.1	WBGene00230268
Bm1346a.1	WBGene00221607
Bm1346b.1	WBGene00221607
Bm17757.1	WBGene00268899
Bm6236b.1	WBGene00226497
Bm6236a.1	WBGene00226497
Bm13720.1	WBGene00233981
Bm4915b.1	WBGene00225176
Bm4915a.1	WBGene00225176
Bm10006e.1	WBGene00230267
Bm10006b.1	WBGene00230267
Bm10006a.1	WBGene00230267
Bm1345.1	WBGene00221606
Bm10004.1	WBGene00230265
Bm492b.1	WBGene00220753
Bm492a.1	WBGene00220753
Bm492c.1	WBGene00220753
Bm2027.1	WBGene00222288
Bm2026.1	WBGene00222287
Bm4326.1	WBGene00224587
Bm10002.2	WBGene00230263
Bm10002.1	WBGene00230263
Bm6898b.1	WBGene00227159
Bm6898a.1	WBGene00227159
Bm6899a.1	WBGene00227160
Bm6899b.1	WBGene00227160
Bm2655.1	WBGene00222916
Bm7437b.1	WBGene00227698
Bm7437a.1	WBGene00227698
Bm4691.1	WBGene00224952
Bm10001.1	WBGene00230262
Bm6081.1	WBGene00226342
Bm2867b.1	WBGene00223128
Bm2867a.1	WBGene00223128
Bm4024.1	WBGene00224285
Bm10000.1	WBGene00230261
Bm3822.1	WBGene00224083
Bm6573a.1	WBGene00226834
Bm6573b.1	WBGene00226834
Bm4558b.1	WBGene00224819
Bm4558a.1	WBGene00224819
Bm4558c.1	WBGene00224819
Bm17069b.1	WBGene00255727
Bm17069a.1	WBGene00255727
Bm13110.1	WBGene00233371
Bm17758.1	WBGene00268900
Bm9999.1	WBGene00230260
Bm5717.1	WBGene00225978
Bm4383f.1	WBGene00224644
Bm4383a.1	WBGene00224644
Bm4383b.1	WBGene00224644
Bm4383c.1	WBGene00224644
Bm4383d.1	WBGene00224644
Bm4383e.1	WBGene00224644
Bm4383g.1	WBGene00224644
Bm4383h.1	WBGene00224644
Bm6670.1	WBGene00226931
Bm9998b.1	WBGene00230259
Bm9998a.1	WBGene00230259
Bm9997b.2	WBGene00230258
Bm9997b.3	WBGene00230258
Bm9997b.1	WBGene00230258
Bm9997a.1	WBGene00230258
Bm9997c.1	WBGene00230258
Bm9996.1	WBGene00230257
Bm9995b.1	WBGene00230256
Bm9995c.1	WBGene00230256
Bm490.1	WBGene00220751
Bm3701.1	WBGene00223962
Bm6464d.2	WBGene00226725
Bm6464d.1	WBGene00226725
Bm6464c.1	WBGene00226725
Bm6464a.1	WBGene00226725
Bm6464b.1	WBGene00226725
Bm9994a.1	WBGene00230255
Bm9994b.1	WBGene00230255
Bm5464b.1	WBGene00225725
Bm5464a.1	WBGene00225725
Bm4134.1	WBGene00224395
Bm5065.1	WBGene00225326
Bm18129.1	WBGene00269269
Bm489.1	WBGene00220750
Bm11961.1	WBGene00232222
Bm4510.1	WBGene00224771
Bm488.1	WBGene00220749
Bm4676.1	WBGene00224937
Bm4674.1	WBGene00224935
Bm487a.1	WBGene00220748
Bm487b.1	WBGene00220748
Bm4747.1	WBGene00225008
Bm4747.2	WBGene00225008
Bm13473.1	WBGene00233734
Bm8351a.1	WBGene00228612
Bm8351b.1	WBGene00228612
Bm8351b.2	WBGene00228612
Bm8351a.2	WBGene00228612
Bm6927a.1	WBGene00227188
Bm6927b.1	WBGene00227188
Bm6463.1	WBGene00226724
Bm2885a.1	WBGene00223146
Bm2885b.1	WBGene00223146
Bm2886.1	WBGene00223147
Bm11962.1	WBGene00232223
Bm5471.1	WBGene00225732
Bm9992.1	WBGene00230253
Bm485.2	WBGene00220746
Bm485.1	WBGene00220746
Bm2676.1	WBGene00222937
Bm8354.1	WBGene00228615
Bm13658.1	WBGene00233919
Bm2462.1	WBGene00222723
Bm4330a.1	WBGene00224591
Bm4330b.1	WBGene00224591
Bm3723a.1	WBGene00223984
Bm3723b.1	WBGene00223984
Bm7700.1	WBGene00227961
Bm17759.1	WBGene00268901
Bm17760.1	WBGene00268902
Bm9989.1	WBGene00230250
Bm2073.1	WBGene00222334
Bm5973.1	WBGene00226234
Bm6942.1	WBGene00227203
Bm6942.2	WBGene00227203
Bm7161.1	WBGene00227422
Bm9987.1	WBGene00230248
Bm9986.1	WBGene00230247
Bm2034a.1	WBGene00222295
Bm2034c.1	WBGene00222295
Bm2034b.1	WBGene00222295
Bm17761.1	WBGene00268903
Bm9985.1	WBGene00230246
Bm484.1	WBGene00220745
Bm4939b.1	WBGene00225200
Bm4939a.1	WBGene00225200
Bm9984.1	WBGene00230245
Bm483.1	WBGene00220744
Bm9983.1	WBGene00230244
Bm6052.1	WBGene00226313
Bm11139.1	WBGene00231400
Bm860.1	WBGene00221121
Bm13472.1	WBGene00233733
Bm4307a.1	WBGene00224568
Bm4307b.1	WBGene00224568
Bm13109.1	WBGene00233370
Bm4302.1	WBGene00224563
Bm4301.1	WBGene00224562
Bm2639.1	WBGene00222900
Bm13471.1	WBGene00233732
Bm1832.1	WBGene00222093
Bm4300.1	WBGene00224561
Bm12478.1	WBGene00232739
Bm3413a.1	WBGene00223674
Bm3413b.1	WBGene00223674
Bm6466.1	WBGene00226727
Bm12606a.1	WBGene00232867
Bm12606b.1	WBGene00232867
Bm6503a.1	WBGene00226764
Bm6503b.1	WBGene00226764
Bm6503a.2	WBGene00226764
Bm6503b.2	WBGene00226764
Bm6503a.3	WBGene00226764
Bm6505b.1	WBGene00226766
Bm6505a.1	WBGene00226766
Bm7563.1	WBGene00227824
Bm9980.1	WBGene00230241
Bm4529.1	WBGene00224790
Bm2785b.1	WBGene00223046
Bm2785a.1	WBGene00223046
Bm2785c.1	WBGene00223046
Bm2785d.1	WBGene00223046
Bm9978.1	WBGene00230239
Bm9977.1	WBGene00230238
Bm3837.1	WBGene00224098
Bm6488a.1	WBGene00226749
Bm6488b.1	WBGene00226749
Bm6488c.1	WBGene00226749
Bm9976.1	WBGene00230237
Bm9975.1	WBGene00230236
Bm2171b.1	WBGene00222432
Bm2171a.1	WBGene00222432
Bm9974.1	WBGene00230235
Bm17763.1	WBGene00268905
Bm9973.1	WBGene00230234
Bm5691a.1	WBGene00225952
Bm5691b.1	WBGene00225952
Bm6574b.1	WBGene00226835
Bm6574a.1	WBGene00226835
Bm6575b.2	WBGene00226836
Bm6575a.1	WBGene00226836
Bm6575b.1	WBGene00226836
Bm3362.1	WBGene00223623
Bm1763a.1	WBGene00222024
Bm1763b.1	WBGene00222024
Bm7433a.1	WBGene00227694
Bm7433b.1	WBGene00227694
Bm6146a.1	WBGene00226407
Bm6146b.1	WBGene00226407
Bm6145a.1	WBGene00226406
Bm6145b.1	WBGene00226406
Bm7319.1	WBGene00227580
Bm7318.1	WBGene00227579
Bm17764.1	WBGene00268906
Bm6576a.1	WBGene00226837
Bm6576b.1	WBGene00226837
Bm9972.1	WBGene00230233
Bm9970b.1	WBGene00230231
Bm9970a.1	WBGene00230231
Bm4963b.1	WBGene00225224
Bm4963a.1	WBGene00225224
Bm4963c.1	WBGene00225224
Bm13874a.1	WBGene00234135
Bm13874b.1	WBGene00234135
Bm13874a.2	WBGene00234135
Bm1342.1	WBGene00221603
Bm13668.1	WBGene00233929
Bm13668.2	WBGene00233929
Bm9969.1	WBGene00230230
Bm2914.1	WBGene00223175
Bm6008.1	WBGene00226269
Bm5561.1	WBGene00225822
Bm5561.2	WBGene00225822
Bm4871a.1	WBGene00225132
Bm4871b.1	WBGene00225132
Bm13108.1	WBGene00233369
Bm7398.1	WBGene00227659
Bm13266.1	WBGene00233527
Bm1341b.1	WBGene00221602
Bm1341a.1	WBGene00221602
Bm5720.1	WBGene00225981
Bm4950b.2	WBGene00225211
Bm4950b.1	WBGene00225211
Bm4950a.1	WBGene00225211
Bm12468.1	WBGene00232729
Bm4660b.1	WBGene00224921
Bm4660a.1	WBGene00224921
Bm7595.1	WBGene00227856
Bm4075a.1	WBGene00224336
Bm4075b.1	WBGene00224336
Bm1339.1	WBGene00221600
Bm1339.2	WBGene00221600
Bm14765.1	WBGene00234950
Bm6179.1	WBGene00226440
Bm7012a.1	WBGene00227273
Bm7012b.1	WBGene00227273
Bm1961a.1	WBGene00222222
Bm1961c.1	WBGene00222222
Bm1961b.1	WBGene00222222
Bm2856.1	WBGene00223117
Bm14694.1	WBGene00235029
Bm482.1	WBGene00220743
Bm3022a.1	WBGene00223283
Bm3022b.1	WBGene00223283
Bm9966.1	WBGene00230227
Bm9965.1	WBGene00230226
Bm6043a.1	WBGene00226304
Bm6043c.1	WBGene00226304
Bm6043b.1	WBGene00226304
Bm481b.1	WBGene00220742
Bm481a.1	WBGene00220742
Bm9964.1	WBGene00230225
Bm6242b.1	WBGene00226503
Bm6242a.1	WBGene00226503
Bm9963.1	WBGene00230224
Bm9961b.1	WBGene00230222
Bm9961a.1	WBGene00230222
Bm6472.1	WBGene00226733
Bm5447b.1	WBGene00225708
Bm5447a.1	WBGene00225708
Bm7714.1	WBGene00227975
Bm13107.1	WBGene00233368
Bm3747.1	WBGene00224008
Bm4239.1	WBGene00224500
Bm5769b.1	WBGene00226030
Bm5769a.1	WBGene00226030
Bm6967b.1	WBGene00227228
Bm6967b.2	WBGene00227228
Bm14209.1	WBGene00234470
Bm6967a.1	WBGene00227228
Bm2256f.1	WBGene00222517
Bm2256c.1	WBGene00222517
Bm2256e.1	WBGene00222517
Bm2256g.1	WBGene00222517
Bm2256b.1	WBGene00222517
Bm2256d.1	WBGene00222517
Bm2256a.1	WBGene00222517
Bm2256h.1	WBGene00222517
Bm3421d.1	WBGene00223682
Bm3421c.1	WBGene00223682
Bm3421b.1	WBGene00223682
Bm3421a.1	WBGene00223682
Bm3422a.1	WBGene00223683
Bm3422b.1	WBGene00223683
Bm2178a.1	WBGene00222439
Bm2178b.1	WBGene00222439
Bm9959.1	WBGene00230220
Bm13875.1	WBGene00234136
Bm6333.1	WBGene00226594
Bm2161d.1	WBGene00222422
Bm2161b.1	WBGene00222422
Bm2161a.1	WBGene00222422
Bm2161c.1	WBGene00222422
Bm14671.1	WBGene00235006
Bm12493.2	WBGene00232754
Bm12493.1	WBGene00232754
Bm479.1	WBGene00220740
Bm5888.1	WBGene00226149
Bm4681.1	WBGene00224942
Bm3697.1	WBGene00223958
Bm9957.1	WBGene00230218
Bm3698a.1	WBGene00223959
Bm3698b.1	WBGene00223959
Bm4132.1	WBGene00224393
Bm4132.2	WBGene00224393
Bm9956.1	WBGene00230217
Bm9955.1	WBGene00230216
Bm3632.1	WBGene00223893
Bm3404a.1	WBGene00223665
Bm3404a.2	WBGene00223665
Bm3404b.1	WBGene00223665
Bm3405a.1	WBGene00223666
Bm3405b.1	WBGene00223666
Bm9954.1	WBGene00230215
Bm1779a.1	WBGene00222040
Bm1779b.1	WBGene00222040
Bm6161.1	WBGene00226422
Bm2554b.1	WBGene00222815
Bm2554a.1	WBGene00222815
Bm2554c.1	WBGene00222815
Bm5562a.1	WBGene00225823
Bm5562b.1	WBGene00225823
Bm3621a.1	WBGene00223882
Bm3621c.1	WBGene00223882
Bm2200.1	WBGene00222461
Bm476a.1	WBGene00220737
Bm476b.1	WBGene00220737
Bm7753b.1	WBGene00228014
Bm7753a.1	WBGene00228014
Bm7753c.1	WBGene00228014
Bm7753d.1	WBGene00228014
Bm3637a.1	WBGene00223898
Bm3637b.1	WBGene00223898
Bm2255b.1	WBGene00222516
Bm2255a.1	WBGene00222516
Bm9952.1	WBGene00230213
Bm5599.1	WBGene00225860
Bm5599.2	WBGene00225860
Bm475a.1	WBGene00220736
Bm475b.1	WBGene00220736
Bm4568.1	WBGene00224829
Bm6062a.1	WBGene00226323
Bm6062b.1	WBGene00226323
Bm9951.1	WBGene00230212
Bm474.1	WBGene00220735
Bm2344.1	WBGene00222605
Bm3478a.1	WBGene00223739
Bm3478b.1	WBGene00223739
Bm5654b.1	WBGene00225915
Bm5654a.1	WBGene00225915
Bm1337.1	WBGene00221598
Bm5913.1	WBGene00226174
Bm13667a.1	WBGene00233928
Bm13667b.1	WBGene00233928
Bm9949.1	WBGene00230210
Bm3972a.1	WBGene00224233
Bm3972b.1	WBGene00224233
Bm1335.1	WBGene00221596
Bm14207.1	WBGene00234468
Bm13465.1	WBGene00233726
Bm6294.1	WBGene00226555
Bm9948.1	WBGene00230209
Bm1334.1	WBGene00221595
Bm5063.1	WBGene00225324
Bm5809.1	WBGene00226070
Bm3552.1	WBGene00223813
Bm3552.2	WBGene00223813
Bm2605a.1	WBGene00222866
Bm2605a.2	WBGene00222866
Bm2605b.1	WBGene00222866
Bm1780.1	WBGene00222041
Bm5937.1	WBGene00226198
Bm4068.1	WBGene00224329
Bm9944a.1	WBGene00230205
Bm9944a.2	WBGene00230205
Bm9944b.1	WBGene00230205
Bm9944b.2	WBGene00230205
Bm9944a.3	WBGene00230205
Bm5460a.1	WBGene00225721
Bm5460b.1	WBGene00225721
Bm14766.1	WBGene00234951
Bm4083.1	WBGene00224344
Bm13662a.1	WBGene00233923
Bm13662b.1	WBGene00233923
Bm5625a.1	WBGene00225886
Bm5625b.1	WBGene00225886
Bm5625c.1	WBGene00225886
Bm5269b.1	WBGene00225530
Bm5269a.1	WBGene00225530
Bm9943a.1	WBGene00230204
Bm9943b.1	WBGene00230204
Bm6468.1	WBGene00226729
Bm6467.1	WBGene00226728
Bm6931.1	WBGene00227192
Bm13464.1	WBGene00233725
Bm14342a.1	WBGene00234603
Bm14342b.1	WBGene00234603
Bm1769.1	WBGene00222030
Bm1768a.1	WBGene00222029
Bm1768b.1	WBGene00222029
Bm9942.1	WBGene00230203
Bm9942.2	WBGene00230203
Bm9941a.2	WBGene00230202
Bm9941a.1	WBGene00230202
Bm9941b.1	WBGene00230202
Bm9941b.2	WBGene00230202
Bm2948a.1	WBGene00223209
Bm2948b.1	WBGene00223209
Bm13653.1	WBGene00233914
Bm3842a.1	WBGene00224103
Bm3842b.1	WBGene00224103
Bm4912.1	WBGene00225173
Bm2444c.1	WBGene00222705
Bm2444a.1	WBGene00222705
Bm2444b.1	WBGene00222705
Bm14001a.1	WBGene00234262
Bm14001b.1	WBGene00234262
Bm8361c.1	WBGene00228622
Bm8361a.1	WBGene00228622
Bm8361b.1	WBGene00228622
Bm6180a.1	WBGene00226441
Bm6180b.1	WBGene00226441
Bm9940.1	WBGene00230201
Bm9939a.1	WBGene00230200
Bm9939b.1	WBGene00230200
Bm13462.1	WBGene00233723
Bm5206.1	WBGene00225467
Bm9938.1	WBGene00230199
Bm4560a.1	WBGene00224821
Bm4560b.1	WBGene00224821
Bm6097.1	WBGene00226358
Bm4256.1	WBGene00224517
Bm3945.1	WBGene00224206
Bm3047.1	WBGene00223308
Bm6348b.1	WBGene00226609
Bm6348a.1	WBGene00226609
Bm9937a.1	WBGene00230198
Bm9937b.1	WBGene00230198
Bm9937c.1	WBGene00230198
Bm9936.1	WBGene00230197
Bm14205.1	WBGene00234466
Bm13994.1	WBGene00234255
Bm6182.1	WBGene00226443
Bm6140.1	WBGene00226401
Bm4799.1	WBGene00225060
Bm14736.1	WBGene00235071
Bm4312.1	WBGene00224573
Bm4311.1	WBGene00224572
Bm2569b.1	WBGene00222830
Bm2569a.1	WBGene00222830
Bm7300a.1	WBGene00227561
Bm7300b.1	WBGene00227561
Bm5387.1	WBGene00225648
Bm2898.1	WBGene00223159
Bm8349a.1	WBGene00228610
Bm8349b.1	WBGene00228610
Bm5240a.1	WBGene00225501
Bm5240b.1	WBGene00225501
Bm6923a.1	WBGene00227184
Bm6923b.1	WBGene00227184
Bm6923c.1	WBGene00227184
Bm3092a.1	WBGene00223353
Bm3092b.1	WBGene00223353
Bm10581a.1	WBGene00230842
Bm10581b.1	WBGene00230842
Bm3569.1	WBGene00223830
Bm6546.1	WBGene00226807
Bm10580b.1	WBGene00230841
Bm10580e.1	WBGene00230841
Bm10580a.1	WBGene00230841
Bm10580c.1	WBGene00230841
Bm10580d.1	WBGene00230841
Bm18597.1	WBGene00304800
Bm6943.1	WBGene00227204
Bm13890.1	WBGene00234151
Bm4192.1	WBGene00224453
Bm17765.1	WBGene00268907
Bm5944.1	WBGene00226205
Bm2229.1	WBGene00222490
Bm6592b.1	WBGene00226853
Bm6592a.1	WBGene00226853
Bm10579.1	WBGene00230840
Bm3773.1	WBGene00224034
Bm12458.1	WBGene00232719
Bm10578a.1	WBGene00230839
Bm10578b.1	WBGene00230839
Bm10577.1	WBGene00230838
Bm10576a.1	WBGene00230837
Bm10576b.1	WBGene00230837
Bm10575.1	WBGene00230836
Bm3051.1	WBGene00223312
Bm10574.2	WBGene00230835
Bm10574.3	WBGene00230835
Bm10574.1	WBGene00230835
Bm10573b.1	WBGene00230834
Bm10573a.1	WBGene00230834
Bm4263.1	WBGene00224524
Bm4262.1	WBGene00224523
Bm8636.1	WBGene00228897
Bm7159.1	WBGene00227420
Bm8635.1	WBGene00228896
Bm10571.1	WBGene00230832
Bm10571.2	WBGene00230832
Bm2175b.1	WBGene00222436
Bm2175a.1	WBGene00222436
Bm2176.1	WBGene00222437
Bm10570.1	WBGene00230831
Bm10569.1	WBGene00230830
Bm6350.1	WBGene00226611
Bm5014a.2	WBGene00225275
Bm5014b.1	WBGene00225275
Bm5014a.1	WBGene00225275
Bm5013.1	WBGene00225274
Bm6438a.1	WBGene00226699
Bm6438b.1	WBGene00226699
Bm2883b.1	WBGene00223144
Bm2883a.1	WBGene00223144
Bm4509.1	WBGene00224770
Bm1445.1	WBGene00221706
Bm592.1	WBGene00220853
Bm7108b.1	WBGene00227369
Bm7108a.1	WBGene00227369
Bm7108c.1	WBGene00227369
Bm5823b.1	WBGene00226084
Bm5823c.1	WBGene00226084
Bm5823d.1	WBGene00226084
Bm5823a.1	WBGene00226084
Bm1444a.1	WBGene00221705
Bm1444b.1	WBGene00221705
Bm3437a.1	WBGene00223698
Bm3437b.1	WBGene00223698
Bm10568.1	WBGene00230829
Bm10567.1	WBGene00230828
Bm10566a.1	WBGene00230827
Bm10566b.1	WBGene00230827
Bm1949.1	WBGene00222210
Bm3485b.1	WBGene00223746
Bm3485a.1	WBGene00223746
Bm2904.1	WBGene00223165
Bm3724a.1	WBGene00223985
Bm3724a.4	WBGene00223985
Bm3724a.2	WBGene00223985
Bm3724a.3	WBGene00223985
Bm3724b.1	WBGene00223985
Bm3724b.2	WBGene00223985
Bm590.1	WBGene00220851
Bm10565.1	WBGene00230826
Bm6440.1	WBGene00226701
Bm17766.1	WBGene00268908
Bm10564.1	WBGene00230825
Bm6521.1	WBGene00226782
Bm4780.1	WBGene00225041
Bm4779a.1	WBGene00225040
Bm4779b.1	WBGene00225040
Bm2887a.1	WBGene00223148
Bm2887b.1	WBGene00223148
Bm6084.1	WBGene00226345
Bm6083.1	WBGene00226344
Bm10563.1	WBGene00230824
Bm3774.1	WBGene00224035
Bm5398a.1	WBGene00225659
Bm5398b.1	WBGene00225659
Bm17767.1	WBGene00268909
Bm7350.1	WBGene00227611
Bm6686.1	WBGene00226947
Bm10562.1	WBGene00230823
Bm2137a.1	WBGene00222398
Bm2137b.1	WBGene00222398
Bm10561b.2	WBGene00230822
Bm10561b.1	WBGene00230822
Bm10561a.1	WBGene00230822
Bm10560a.1	WBGene00230821
Bm10560b.1	WBGene00230821
Bm17768.1	WBGene00268910
Bm3528.1	WBGene00223789
Bm3038.1	WBGene00223299
Bm10559.1	WBGene00230820
Bm10558.1	WBGene00230819
Bm1892.1	WBGene00222153
Bm7037a.1	WBGene00227298
Bm7037b.1	WBGene00227298
Bm3554.1	WBGene00223815
Bm10557.1	WBGene00230818
Bm10556a.1	WBGene00230817
Bm10556b.1	WBGene00230817
Bm4420a.1	WBGene00224681
Bm4420b.1	WBGene00224681
Bm10555b.1	WBGene00230816
Bm10555a.1	WBGene00230816
Bm3113.1	WBGene00223374
Bm4982.1	WBGene00225243
Bm12613.1	WBGene00232874
Bm6983.1	WBGene00227244
Bm2126b.1	WBGene00222387
Bm2126a.1	WBGene00222387
Bm4414.1	WBGene00224675
Bm12034c.1	WBGene00232295
Bm12034a.1	WBGene00232295
Bm12034b.1	WBGene00232295
Bm6201.1	WBGene00226462
Bm588.1	WBGene00220849
Bm1441a.1	WBGene00221702
Bm1441b.1	WBGene00221702
Bm5198.1	WBGene00225459
Bm2641b.1	WBGene00222902
Bm2641a.1	WBGene00222902
Bm1440a.1	WBGene00221701
Bm1440b.1	WBGene00221701
Bm11186.1	WBGene00231447
Bm5954a.1	WBGene00226215
Bm5954b.1	WBGene00226215
Bm5954c.1	WBGene00226215
Bm11187a.1	WBGene00231448
Bm11187b.1	WBGene00231448
Bm13983.1	WBGene00234244
Bm7405.1	WBGene00227666
Bm7406.1	WBGene00227667
Bm5808.1	WBGene00226069
Bm10550.1	WBGene00230811
Bm2750.1	WBGene00223011
Bm2965.1	WBGene00223226
Bm10549.1	WBGene00230810
Bm10548b.1	WBGene00230809
Bm10548a.1	WBGene00230809
Bm13882a.1	WBGene00234143
Bm13882a.2	WBGene00234143
Bm13882a.3	WBGene00234143
Bm13882b.1	WBGene00234143
Bm3027.1	WBGene00223288
Bm1439.1	WBGene00221700
Bm10547.1	WBGene00230808
Bm3561.1	WBGene00223822
Bm3472.1	WBGene00223733
Bm10546b.1	WBGene00230807
Bm10546a.1	WBGene00230807
Bm6352b.1	WBGene00226613
Bm6352a.1	WBGene00226613
Bm1761a.1	WBGene00222022
Bm1761b.1	WBGene00222022
Bm13838a.1	WBGene00234099
Bm13838b.1	WBGene00234099
Bm2024a.1	WBGene00222285
Bm2024b.1	WBGene00222285
Bm6897b.1	WBGene00227158
Bm6897a.1	WBGene00227158
Bm6900.1	WBGene00227161
Bm6901.1	WBGene00227162
Bm3727a.1	WBGene00223988
Bm3727b.1	WBGene00223988
Bm17769.1	WBGene00268911
Bm6181.1	WBGene00226442
Bm3068b.1	WBGene00223329
Bm3068a.1	WBGene00223329
Bm2815.1	WBGene00223076
Bm2879.1	WBGene00223140
Bm2879.2	WBGene00223140
Bm3702c.1	WBGene00223963
Bm3702a.1	WBGene00223963
Bm3702b.1	WBGene00223963
Bm11148.1	WBGene00231409
Bm1438.1	WBGene00221699
Bm5834a.1	WBGene00226095
Bm5834b.1	WBGene00226095
Bm7329.1	WBGene00227590
Bm11149b.1	WBGene00231410
Bm11149a.1	WBGene00231410
Bm10544a.1	WBGene00230805
Bm10544c.1	WBGene00230805
Bm10544b.1	WBGene00230805
Bm4983a.1	WBGene00225244
Bm4983b.1	WBGene00225244
Bm14243.1	WBGene00234504
Bm10542a.1	WBGene00230803
Bm10542b.1	WBGene00230803
Bm10540a.1	WBGene00230801
Bm10540b.1	WBGene00230801
Bm3537.1	WBGene00223798
Bm13710.1	WBGene00233971
Bm3971.1	WBGene00224232
Bm3469a.1	WBGene00223730
Bm3469b.1	WBGene00223730
Bm13922.1	WBGene00234183
Bm5091.1	WBGene00225352
Bm7380a.1	WBGene00227641
Bm7380b.1	WBGene00227641
Bm584a.1	WBGene00220845
Bm584b.1	WBGene00220845
Bm1437.1	WBGene00221698
Bm1437.2	WBGene00221698
Bm1437.3	WBGene00221698
Bm6230.1	WBGene00226491
Bm2818d.1	WBGene00223079
Bm2818a.1	WBGene00223079
Bm2818c.1	WBGene00223079
Bm2818d.2	WBGene00223079
Bm2818b.1	WBGene00223079
Bm3312.1	WBGene00223573
Bm10537.1	WBGene00230798
Bm10536a.1	WBGene00230797
Bm10536b.1	WBGene00230797
Bm10536a.2	WBGene00230797
Bm1436a.1	WBGene00221697
Bm1436b.1	WBGene00221697
Bm1692a.1	WBGene00221953
Bm1692b.1	WBGene00221953
Bm5942a.1	WBGene00226203
Bm5942b.1	WBGene00226203
Bm10535.1	WBGene00230796
Bm2172.1	WBGene00222433
Bm10534.1	WBGene00230795
Bm10533.1	WBGene00230794
Bm10532.1	WBGene00230793
Bm4097.1	WBGene00224358
Bm10531a.1	WBGene00230792
Bm10531b.1	WBGene00230792
Bm10530.1	WBGene00230791
Bm10529a.1	WBGene00230790
Bm10529b.1	WBGene00230790
Bm7514.1	WBGene00227775
Bm2718a.1	WBGene00222979
Bm2718b.1	WBGene00222979
Bm3624.1	WBGene00223885
Bm5901a.2	WBGene00226162
Bm5901a.1	WBGene00226162
Bm5901b.1	WBGene00226162
Bm10528.1	WBGene00230789
Bm2421a.1	WBGene00222682
Bm2421b.1	WBGene00222682
Bm16929.1	WBGene00255529
Bm6703.1	WBGene00226964
Bm3579.1	WBGene00223840
Bm2125a.1	WBGene00222386
Bm2125b.1	WBGene00222386
Bm7605.1	WBGene00227866
Bm3244.1	WBGene00223505
Bm3245b.1	WBGene00223506
Bm3245a.1	WBGene00223506
Bm3241a.1	WBGene00223502
Bm3241b.1	WBGene00223502
Bm4308c.1	WBGene00224569
Bm4308a.1	WBGene00224569
Bm4308d.1	WBGene00224569
Bm4308b.1	WBGene00224569
Bm4051b.1	WBGene00224312
Bm4051a.1	WBGene00224312
Bm10527.1	WBGene00230788
Bm10526.1	WBGene00230787
Bm10525a.1	WBGene00230786
Bm10525b.1	WBGene00230786
Bm3623a.1	WBGene00223884
Bm3623b.1	WBGene00223884
Bm6106.1	WBGene00226367
Bm10524.1	WBGene00230785
Bm10523.1	WBGene00230784
Bm1948.1	WBGene00222209
Bm13910.1	WBGene00234171
Bm17770.1	WBGene00268912
Bm876.1	WBGene00221137
Bm17771.2	WBGene00268913
Bm17771.1	WBGene00268913
Bm17772.1	WBGene00268914
Bm6926.1	WBGene00227187
Bm6930a.1	WBGene00227191
Bm6930b.1	WBGene00227191
Bm6929.1	WBGene00227190
Bm4506.1	WBGene00224767
Bm735a.1	WBGene00220996
Bm735c.1	WBGene00220996
Bm735b.1	WBGene00220996
Bm6007.1	WBGene00226268
Bm4053.1	WBGene00224314
Bm10520.1	WBGene00230781
Bm3658.1	WBGene00223919
Bm877a.1	WBGene00221138
Bm877b.1	WBGene00221138
Bm877c.1	WBGene00221138
Bm17773.1	WBGene00268915
Bm7123.1	WBGene00227384
Bm6944.1	WBGene00227205
Bm17774.1	WBGene00268916
Bm7130.1	WBGene00227391
Bm10519.1	WBGene00230780
Bm5358a.1	WBGene00225619
Bm5358b.1	WBGene00225619
Bm5358c.1	WBGene00225619
Bm10518.1	WBGene00230779
Bm17775.1	WBGene00268917
Bm6773.1	WBGene00227034
Bm4864.1	WBGene00225125
Bm3765.1	WBGene00224026
Bm1432.1	WBGene00221693
Bm10517.1	WBGene00230778
Bm10521.1	WBGene00230782
Bm18210.1	WBGene00269359
Bm1107.1	WBGene00221368
Bm10516.1	WBGene00230777
Bm583.1	WBGene00220844
Bm10515.1	WBGene00230776
Bm10514.1	WBGene00230775
Bm13763.1	WBGene00234024
Bm2882.1	WBGene00223143
Bm14759.1	WBGene00234944
Bm2033.1	WBGene00222294
Bm4987.1	WBGene00225248
Bm5496.1	WBGene00225757
Bm10513.1	WBGene00230774
Bm6911b.1	WBGene00227172
Bm6911a.1	WBGene00227172
Bm14683.1	WBGene00235018
Bm3181a.1	WBGene00223442
Bm3181b.1	WBGene00223442
Bm3181d.1	WBGene00223442
Bm3181c.1	WBGene00223442
Bm3183a.1	WBGene00223444
Bm3183b.1	WBGene00223444
Bm3492b.1	WBGene00223753
Bm3492a.1	WBGene00223753
Bm1701.1	WBGene00221962
Bm6796.1	WBGene00227057
Bm3768.1	WBGene00224029
Bm10512a.1	WBGene00230773
Bm10512b.1	WBGene00230773
Bm3766a.1	WBGene00224027
Bm3766b.1	WBGene00224027
Bm2601a.1	WBGene00222862
Bm2601b.1	WBGene00222862
Bm5549b.1	WBGene00225810
Bm5549a.1	WBGene00225810
Bm5549c.1	WBGene00225810
Bm10510.1	WBGene00230771
Bm10510.2	WBGene00230771
Bm10509e.1	WBGene00230770
Bm10509d.1	WBGene00230770
Bm4962a.1	WBGene00225223
Bm4962b.1	WBGene00225223
Bm3560.1	WBGene00223821
Bm5022b.2	WBGene00225283
Bm5022b.1	WBGene00225283
Bm5022a.1	WBGene00225283
Bm7576.1	WBGene00227837
Bm7575.1	WBGene00227836
Bm11968.1	WBGene00232229
Bm5941b.1	WBGene00226202
Bm5941a.1	WBGene00226202
Bm11135.1	WBGene00231396
Bm10507.1	WBGene00230768
Bm6143.1	WBGene00226404
Bm13742.1	WBGene00234003
Bm18211.1	WBGene00269360
Bm6941.1	WBGene00227202
Bm6940.1	WBGene00227201
Bm7325.1	WBGene00227586
Bm13814.1	WBGene00234075
Bm10506.1	WBGene00230767
Bm5576.1	WBGene00225837
Bm4001.1	WBGene00224262
Bm10505.1	WBGene00230766
Bm6202a.1	WBGene00226463
Bm6202c.1	WBGene00226463
Bm6202b.1	WBGene00226463
Bm2489.1	WBGene00222750
Bm7022b.1	WBGene00227283
Bm7022a.1	WBGene00227283
Bm7008.1	WBGene00227269
Bm2266.1	WBGene00222527
Bm6165.1	WBGene00226426
Bm5728.1	WBGene00225989
Bm10503.1	WBGene00230764
Bm10502.1	WBGene00230763
Bm2296a.1	WBGene00222557
Bm2296b.1	WBGene00222557
Bm18571b.1	WBGene00303375
Bm18571a.1	WBGene00303375
Bm3905a.1	WBGene00224166
Bm3905c.1	WBGene00224166
Bm3905d.1	WBGene00224166
Bm3905b.1	WBGene00224166
Bm5666.1	WBGene00225927
Bm7019a.1	WBGene00227280
Bm7019b.1	WBGene00227280
Bm6197.1	WBGene00226458
Bm3881.1	WBGene00224142
Bm10500a.1	WBGene00230761
Bm10500b.1	WBGene00230761
Bm861.1	WBGene00221122
Bm3571.1	WBGene00223832
Bm3570.3	WBGene00223831
Bm3570.6	WBGene00223831
Bm3570.1	WBGene00223831
Bm3570.5	WBGene00223831
Bm3570.4	WBGene00223831
Bm3570.2	WBGene00223831
Bm2218a.1	WBGene00222479
Bm2218b.1	WBGene00222479
Bm13815.1	WBGene00234076
Bm9265.1	WBGene00229526
Bm4620a.1	WBGene00224881
Bm4620d.1	WBGene00224881
Bm4620c.1	WBGene00224881
Bm4620b.1	WBGene00224881
Bm10498.1	WBGene00230759
Bm7378.1	WBGene00227639
Bm1562.1	WBGene00221823
Bm17778.1	WBGene00268920
Bm17779.1	WBGene00268921
Bm2342.1	WBGene00222603
Bm17780.1	WBGene00268922
Bm17781a.1	WBGene00268923
Bm17781b.1	WBGene00268923
Bm17782.1	WBGene00268924
Bm1575.1	WBGene00221836
Bm11697.1	WBGene00231958
Bm18179.1	WBGene00269319
Bm17783.1	WBGene00268925
Bm1120.1	WBGene00221381
Bm3870a.1	WBGene00224131
Bm3870b.1	WBGene00224131
Bm10674.1	WBGene00230935
Bm17784.1	WBGene00268926
Bm17785.1	WBGene00268927
Bm17786.1	WBGene00268928
Bm17788.1	WBGene00268930
Bm5160a.1	WBGene00225421
Bm5160b.1	WBGene00225421
Bm10669a.1	WBGene00230930
Bm10669b.1	WBGene00230930
Bm10667.1	WBGene00230928
Bm18168.1	WBGene00269308
Bm5005.1	WBGene00225266
Bm816.1	WBGene00221077
Bm7941a.1	WBGene00228202
Bm7941b.1	WBGene00228202
Bm1075.1	WBGene00221336
Bm7849a.1	WBGene00228110
Bm7849b.1	WBGene00228110
Bm17789b.1	WBGene00268931
Bm17789a.1	WBGene00268931
Bm13372a.1	WBGene00233633
Bm13372b.1	WBGene00233633
Bm8201a.1	WBGene00228462
Bm8201c.1	WBGene00228462
Bm8201b.1	WBGene00228462
Bm8201d.1	WBGene00228462
Bm2201.1	WBGene00222462
Bm98.1	WBGene00220359
Bm8202.1	WBGene00228463
Bm10670.1	WBGene00230931
Bm8203.1	WBGene00228464
Bm599.1	WBGene00220860
Bm18212.1	WBGene00269361
Bm13956a.1	WBGene00234217
Bm13956b.1	WBGene00234217
Bm6141a.1	WBGene00226402
Bm6141b.1	WBGene00226402
Bm2191.1	WBGene00222452
Bm10673a.1	WBGene00230934
Bm10673b.1	WBGene00230934
Bm7297.1	WBGene00227558
Bm793a.1	WBGene00221054
Bm793b.1	WBGene00221054
Bm819.1	WBGene00221080
Bm2845b.1	WBGene00223106
Bm2845a.1	WBGene00223106
Bm17791.1	WBGene00268933
Bm17792.1	WBGene00268934
Bm5015a.1	WBGene00225276
Bm5015b.1	WBGene00225276
Bm18605.1	WBGene00304810
Bm6288.1	WBGene00226549
Bm9117.1	WBGene00229378
Bm17793.1	WBGene00268935
Bm3598.1	WBGene00223859
Bm6924.1	WBGene00227185
Bm9116.1	WBGene00229377
Bm3123a.1	WBGene00223384
Bm3123b.1	WBGene00223384
Bm4000.1	WBGene00224261
Bm13604.1	WBGene00233865
Bm6090.1	WBGene00226351
Bm6090.2	WBGene00226351
Bm9115.1	WBGene00229376
Bm3149.1	WBGene00223410
Bm5505.1	WBGene00225766
Bm17794.1	WBGene00268936
Bm6109a.1	WBGene00226370
Bm6109b.1	WBGene00226370
Bm6109c.1	WBGene00226370
Bm14a.1	WBGene00220275
Bm14b.1	WBGene00220275
Bm14c.1	WBGene00220275
Bm10668.1	WBGene00230929
Bm6603.1	WBGene00226864
Bm3996.1	WBGene00224257
Bm3996.2	WBGene00224257
Bm1.1	WBGene00220262
Bm3944.1	WBGene00224205
Bm9133.1	WBGene00229394
Bm17796.1	WBGene00268938
Bm13018.1	WBGene00233279
Bm5463.1	WBGene00225724
Bm13332.1	WBGene00233593
Bm11696.1	WBGene00231957
Bm3545.1	WBGene00223806
Bm1723.1	WBGene00221984
Bm1722.1	WBGene00221983
Bm13941b.1	WBGene00234202
Bm13941b.2	WBGene00234202
Bm13941b.3	WBGene00234202
Bm13941a.1	WBGene00234202
Bm3219.1	WBGene00223480
Bm1147.1	WBGene00221408
Bm842.1	WBGene00221103
Bm1552.1	WBGene00221813
Bm17797.1	WBGene00268939
Bm11694.1	WBGene00231955
Bm11643.1	WBGene00231904
Bm7810.1	WBGene00228071
Bm17798.1	WBGene00268940
Bm17799.1	WBGene00268941
Bm5884.1	WBGene00226145
Bm5883.1	WBGene00226144
Bm2766.1	WBGene00223027
Bm5810.1	WBGene00226071
Bm1884.1	WBGene00222145
Bm17800.1	WBGene00268942
Bm14112.1	WBGene00234373
Bm3529.1	WBGene00223790
Bm3597a.1	WBGene00223858
Bm3597b.1	WBGene00223858
Bm3596a.1	WBGene00223857
Bm3596b.1	WBGene00223857
Bm6316.1	WBGene00226577
Bm5059a.1	WBGene00225320
Bm5059b.1	WBGene00225320
Bm17801.1	WBGene00268943
Bm8589.1	WBGene00228850
Bm8588.1	WBGene00228849
Bm1588a.1	WBGene00221849
Bm1588b.1	WBGene00221849
Bm7304a.1	WBGene00227565
Bm7304b.1	WBGene00227565
Bm7305.1	WBGene00227566
Bm4074.1	WBGene00224335
Bm8586a.1	WBGene00228847
Bm8586c.1	WBGene00228847
Bm8586b.1	WBGene00228847
Bm6218.1	WBGene00226479
Bm8440.1	WBGene00228701
Bm1559.1	WBGene00221820
Bm7565.1	WBGene00227826
Bm9693.1	WBGene00229954
Bm9692a.1	WBGene00229953
Bm9692b.1	WBGene00229953
Bm9691.1	WBGene00229952
Bm2932.1	WBGene00223193
Bm3471.1	WBGene00223732
Bm10582.1	WBGene00230843
Bm17803.1	WBGene00268945
Bm17804.1	WBGene00268946
Bm17805.1	WBGene00268947
Bm17806.1	WBGene00268948
Bm17807.1	WBGene00268949
Bm17808.1	WBGene00268950
Bm17809.1	WBGene00268951
Bm17810a.1	WBGene00268952
Bm17810b.1	WBGene00268952
Bm17811a	WBGene00268953
Bm17811b	WBGene00268953
Bm10584.1	WBGene00230845
Bm17812.1	WBGene00268954
Bm17813b.1	WBGene00268955
Bm17813a.1	WBGene00268955
Bm10583.1	WBGene00230844
Bm11648.1	WBGene00231909
Bm9340.1	WBGene00229601
Bm12253.1	WBGene00232514
Bm1229.1	WBGene00221490
Bm3385.1	WBGene00223646
Bm3666.1	WBGene00223927
Bm3667.1	WBGene00223928
Bm5179.1	WBGene00225440
Bm2675a.1	WBGene00222936
Bm2675b.1	WBGene00222936
Bm3210.1	WBGene00223471
Bm4261a.1	WBGene00224522
Bm4261b.1	WBGene00224522
Bm3090.1	WBGene00223351
Bm6612.1	WBGene00226873
Bm14729c.1	WBGene00235064
Bm14729b.1	WBGene00235064
Bm14729a.1	WBGene00235064
Bm3906a.1	WBGene00224167
Bm3906b.1	WBGene00224167
Bm9341.1	WBGene00229602
Bm1680.1	WBGene00221941
Bm9342a.1	WBGene00229603
Bm9342b.1	WBGene00229603
Bm13787.1	WBGene00234048
Bm4890.1	WBGene00225151
Bm9343b.1	WBGene00229604
Bm9343a.1	WBGene00229604
Bm2336.1	WBGene00222597
Bm13057.1	WBGene00233318
Bm17814.1	WBGene00268956
Bm17815.1	WBGene00268957
Bm9344.1	WBGene00229605
Bm4582.1	WBGene00224843
Bm2298.1	WBGene00222559
Bm6702.1	WBGene00226963
Bm11049.1	WBGene00231310
Bm2177.1	WBGene00222438
Bm8259.1	WBGene00228520
Bm6424.1	WBGene00226685
Bm11050.1	WBGene00231311
Bm11051.1	WBGene00231312
Bm6922b.1	WBGene00227183
Bm6922a.1	WBGene00227183
Bm2179.1	WBGene00222440
Bm11052a.1	WBGene00231313
Bm11052b.1	WBGene00231313
Bm11052c.1	WBGene00231313
Bm11053.1	WBGene00231314
Bm13822.1	WBGene00234083
Bm5252.1	WBGene00225513
Bm11054d.1	WBGene00231315
Bm11054c.1	WBGene00231315
Bm11054a.1	WBGene00231315
Bm11054b.1	WBGene00231315
Bm11055.1	WBGene00231316
Bm5761a.1	WBGene00226022
Bm5761b.1	WBGene00226022
Bm4658.1	WBGene00224919
Bm7752.1	WBGene00228013
Bm17816.1	WBGene00268958
Bm1522.1	WBGene00221783
Bm2369.1	WBGene00222630
Bm1523b.1	WBGene00221784
Bm1523a.1	WBGene00221784
Bm11057a.1	WBGene00231318
Bm11057b.1	WBGene00231318
Bm11058.1	WBGene00231319
Bm17817.1	WBGene00268959
Bm13930a.1	WBGene00234191
Bm13930b.1	WBGene00234191
Bm4440b.1	WBGene00224701
Bm4440a.1	WBGene00224701
Bm11059.1	WBGene00231320
Bm6409.1	WBGene00226670
Bm14764.1	WBGene00234949
Bm3377.1	WBGene00223638
Bm6921.1	WBGene00227182
Bm5190.1	WBGene00225451
Bm11060.1	WBGene00231321
Bm11061.1	WBGene00231322
Bm3418.1	WBGene00223679
Bm2337.1	WBGene00222598
Bm11064.1	WBGene00231325
Bm17818.1	WBGene00268960
Bm11068.1	WBGene00231329
Bm11067.1	WBGene00231328
Bm11065.1	WBGene00231326
Bm11066.1	WBGene00231327
Bm17819.1	WBGene00268961
Bm6471.1	WBGene00226732
Bm11062.1	WBGene00231323
Bm4651.1	WBGene00224912
Bm4486a.1	WBGene00224747
Bm4486b.1	WBGene00224747
Bm11069.1	WBGene00231330
Bm11070.1	WBGene00231331
Bm17820.1	WBGene00268962
Bm17821.1	WBGene00268963
Bm17822.1	WBGene00268964
Bm17823a.1	WBGene00268965
Bm17823b.1	WBGene00268965
Bm2343.1	WBGene00222604
Bm14305.1	WBGene00234566
Bm3821.1	WBGene00224082
Bm18117.1	WBGene00269257
Bm2547.1	WBGene00222808
Bm2547.2	WBGene00222808
Bm11223.1	WBGene00231484
Bm11040.1	WBGene00231301
Bm11039.1	WBGene00231300
Bm4567.1	WBGene00224828
Bm5354.1	WBGene00225615
Bm11038b.1	WBGene00231299
Bm11038a.1	WBGene00231299
Bm3412.1	WBGene00223673
Bm5563.1	WBGene00225824
Bm11036.1	WBGene00231297
Bm3203.1	WBGene00223464
Bm6700.1	WBGene00226961
Bm11034.1	WBGene00231295
Bm18177.1	WBGene00269317
Bm1519.1	WBGene00221780
Bm17824a	WBGene00268966
Bm17824b	WBGene00268966
Bm1518.1	WBGene00221779
Bm17825.1	WBGene00268967
Bm9066.1	WBGene00229327
Bm9067.1	WBGene00229328
Bm7542.1	WBGene00227803
Bm5837.1	WBGene00226098
Bm9068.1	WBGene00229329
Bm6042e.1	WBGene00226303
Bm6042a.1	WBGene00226303
Bm6042c.1	WBGene00226303
Bm6042b.1	WBGene00226303
Bm6042d.1	WBGene00226303
Bm2555a.1	WBGene00222816
Bm2555b.1	WBGene00222816
Bm9069.1	WBGene00229330
Bm3665a.1	WBGene00223926
Bm3665b.1	WBGene00223926
Bm11300b.1	WBGene00231561
Bm11300a.1	WBGene00231561
Bm6613.1	WBGene00226874
Bm9070.1	WBGene00229331
Bm9071.1	WBGene00229332
Bm9071.2	WBGene00229332
Bm9072.1	WBGene00229333
Bm12088a.1	WBGene00232349
Bm12088b.1	WBGene00232349
Bm8191a.1	WBGene00228452
Bm8191b.1	WBGene00228452
Bm17826.1	WBGene00268968
Bm9073.1	WBGene00229334
Bm5709.1	WBGene00225970
Bm2814.1	WBGene00223075
Bm3150a.1	WBGene00223411
Bm3150b.1	WBGene00223411
Bm2136.1	WBGene00222397
Bm4570.13	WBGene00224831
Bm4570.10	WBGene00224831
Bm4570.11	WBGene00224831
Bm4570.12	WBGene00224831
Bm4570.1	WBGene00224831
Bm4570.2	WBGene00224831
Bm4570.3	WBGene00224831
Bm4570.4	WBGene00224831
Bm4570.5	WBGene00224831
Bm4570.6	WBGene00224831
Bm4570.7	WBGene00224831
Bm4570.8	WBGene00224831
Bm4570.9	WBGene00224831
Bm9074a.1	WBGene00229335
Bm9074b.1	WBGene00229335
Bm13247.1	WBGene00233508
Bm6192a.1	WBGene00226453
Bm6192b.1	WBGene00226453
Bm4841.1	WBGene00225102
Bm9076.1	WBGene00229337
Bm3025b.1	WBGene00223286
Bm3025a.1	WBGene00223286
Bm9077.1	WBGene00229338
Bm1684.2	WBGene00221945
Bm1684.1	WBGene00221945
Bm8300.1	WBGene00228561
Bm8882.1	WBGene00229143
Bm2657.1	WBGene00222918
Bm17827.1	WBGene00268969
Bm8883.1	WBGene00229144
Bm8884.1	WBGene00229145
Bm833b.1	WBGene00221094
Bm833a.1	WBGene00221094
Bm8701.1	WBGene00228962
Bm12236.1	WBGene00232497
Bm2173a.1	WBGene00222434
Bm2173b.1	WBGene00222434
Bm8702.1	WBGene00228963
Bm8703b.1	WBGene00228964
Bm8703a.1	WBGene00228964
Bm1593.1	WBGene00221854
Bm7031.1	WBGene00227292
Bm6057.1	WBGene00226318
Bm3605a.1	WBGene00223866
Bm3605b.1	WBGene00223866
Bm6718.1	WBGene00226979
Bm9471.1	WBGene00229732
Bm6848.1	WBGene00227109
Bm2570.1	WBGene00222831
Bm9472.1	WBGene00229733
Bm9473.1	WBGene00229734
Bm7373.1	WBGene00227634
Bm9474.1	WBGene00229735
Bm4810a.1	WBGene00225071
Bm4810b.1	WBGene00225071
Bm4938.1	WBGene00225199
Bm17828.1	WBGene00268970
Bm4304.1	WBGene00224565
Bm4212.1	WBGene00224473
Bm17829.1	WBGene00268971
Bm3954.1	WBGene00224215
Bm9279.1	WBGene00229540
Bm8818.1	WBGene00229079
Bm13697a.1	WBGene00233958
Bm13697b.1	WBGene00233958
Bm17830b.1	WBGene00268972
Bm17830a.1	WBGene00268972
Bm8764a.1	WBGene00229025
Bm8764b.1	WBGene00229025
Bm230.1	WBGene00220491
Bm8763.1	WBGene00229024
Bm7761.1	WBGene00228022
Bm7312a.1	WBGene00227573
Bm7312b.1	WBGene00227573
Bm3383.1	WBGene00223644
Bm8502.1	WBGene00228763
Bm5292c.1	WBGene00225553
Bm5292a.1	WBGene00225553
Bm5292b.1	WBGene00225553
Bm5221a.1	WBGene00225482
Bm5221b.3	WBGene00225482
Bm5221b.2	WBGene00225482
Bm5221b.1	WBGene00225482
Bm1106.1	WBGene00221367
Bm8591.1	WBGene00228852
Bm8311.1	WBGene00228572
Bm2107.1	WBGene00222368
Bm3450.1	WBGene00223711
Bm6474.1	WBGene00226735
Bm12357.1	WBGene00232618
Bm4017.1	WBGene00224278
Bm1204a.1	WBGene00221465
Bm1204b.1	WBGene00221465
Bm2431.1	WBGene00222692
Bm4901.1	WBGene00225162
Bm3867c.1	WBGene00224128
Bm3867b.1	WBGene00224128
Bm3867a.1	WBGene00224128
Bm2461c.1	WBGene00222722
Bm2461e.1	WBGene00222722
Bm2461b.1	WBGene00222722
Bm2461a.1	WBGene00222722
Bm2461d.1	WBGene00222722
Bm11314.1	WBGene00231575
Bm6219b.1	WBGene00226480
Bm6219a.1	WBGene00226480
Bm6219d.1	WBGene00226480
Bm6219c.1	WBGene00226480
Bm3321a.1	WBGene00223582
Bm3321b.1	WBGene00223582
Bm6220.1	WBGene00226481
Bm9376.1	WBGene00229637
Bm9375.1	WBGene00229636
Bm9375.2	WBGene00229636
Bm13801c.1	WBGene00234062
Bm13801a.1	WBGene00234062
Bm367.1	WBGene00220628
Bm366.1	WBGene00220627
Bm17831.1	WBGene00268973
Bm3772a.1	WBGene00224033
Bm3772b.1	WBGene00224033
Bm17832.1	WBGene00268974
Bm3354a.1	WBGene00223615
Bm3354b.1	WBGene00223615
Bm6051.1	WBGene00226312
Bm1063.1	WBGene00221324
Bm14730.1	WBGene00235065
Bm7694.1	WBGene00227955
Bm17833.1	WBGene00268975
Bm6962.1	WBGene00227223
Bm4368a.1	WBGene00224629
Bm4368b.1	WBGene00224629
Bm4368c.1	WBGene00224629
Bm4368d.1	WBGene00224629
Bm7693.1	WBGene00227954
Bm3613a.1	WBGene00223874
Bm3613b.1	WBGene00223874
Bm6946.1	WBGene00227207
Bm5848a.1	WBGene00226109
Bm5848b.1	WBGene00226109
Bm7692.1	WBGene00227953
Bm7691.1	WBGene00227952
Bm6155a.1	WBGene00226416
Bm6155b.1	WBGene00226416
Bm2341a.1	WBGene00222602
Bm2341b.1	WBGene00222602
Bm7690.1	WBGene00227951
Bm7690.2	WBGene00227951
Bm14728.1	WBGene00235063
Bm4457.1	WBGene00224718
Bm7689a.1	WBGene00227950
Bm7689b.1	WBGene00227950
Bm7687.1	WBGene00227948
Bm7686.1	WBGene00227947
Bm7685.1	WBGene00227946
Bm6147.1	WBGene00226408
Bm1062b.1	WBGene00221323
Bm1062a.1	WBGene00221323
Bm7683.1	WBGene00227944
Bm3580b.1	WBGene00223841
Bm3580a.1	WBGene00223841
Bm4.1	WBGene00220265
Bm13586b.1	WBGene00233847
Bm13586a.1	WBGene00233847
Bm852.1	WBGene00221113
Bm1591.1	WBGene00221852
Bm17834.1	WBGene00268976
Bm10273a.1	WBGene00230534
Bm10273b.1	WBGene00230534
Bm10273c.1	WBGene00230534
Bm4409.1	WBGene00224670
Bm2335a.1	WBGene00222596
Bm2335b.1	WBGene00222596
Bm4076.1	WBGene00224337
Bm13819.1	WBGene00234080
Bm5474.1	WBGene00225735
Bm13497.1	WBGene00233758
Bm3386.1	WBGene00223647
Bm17835.1	WBGene00268977
Bm17836.1	WBGene00268978
Bm17837.1	WBGene00268979
Bm17838.1	WBGene00268980
Bm5503.1	WBGene00225764
Bm1389.1	WBGene00221650
Bm10274.1	WBGene00230535
Bm2968b.1	WBGene00223229
Bm2968a.1	WBGene00223229
Bm13944a.1	WBGene00234205
Bm13944b.1	WBGene00234205
Bm5127.1	WBGene00225388
Bm17839.1	WBGene00268981
Bm2561.1	WBGene00222822
Bm10275.1	WBGene00230536
Bm10276.1	WBGene00230537
Bm7001.1	WBGene00227262
Bm10277.1	WBGene00230538
Bm10277.2	WBGene00230538
Bm17840.1	WBGene00268982
Bm17841.1	WBGene00268983
Bm758.1	WBGene00221019
Bm17842	WBGene00268984
Bm17843.1	WBGene00268985
Bm3700a.1	WBGene00223961
Bm3700d.1	WBGene00223961
Bm3700e.1	WBGene00223961
Bm3700f.1	WBGene00223961
Bm3700b.1	WBGene00223961
Bm4299c.1	WBGene00224560
Bm4299a.1	WBGene00224560
Bm4299b.1	WBGene00224560
Bm7303.1	WBGene00227564
Bm10166.1	WBGene00230427
Bm5641.1	WBGene00225902
Bm4421a.1	WBGene00224682
Bm4421b.1	WBGene00224682
Bm10165a.1	WBGene00230426
Bm10165b.1	WBGene00230426
Bm17844.1	WBGene00268986
Bm3553.1	WBGene00223814
Bm8541b.1	WBGene00228802
Bm8541a.1	WBGene00228802
Bm3121.1	WBGene00223382
Bm10115.1	WBGene00230376
Bm17845b.1	WBGene00268987
Bm17845a.1	WBGene00268987
Bm17846c	WBGene00268988
Bm17846b	WBGene00268988
Bm17846a	WBGene00268988
Bm9847.1	WBGene00230108
Bm9848.1	WBGene00230109
Bm17847.1	WBGene00268989
Bm10201.1	WBGene00230462
Bm10202.1	WBGene00230463
Bm10203.1	WBGene00230464
Bm17848.1	WBGene00268990
Bm3536.1	WBGene00223797
Bm7324.1	WBGene00227585
Bm1366.1	WBGene00221627
Bm17849.1	WBGene00268991
Bm17850.1	WBGene00268992
Bm17851.1	WBGene00268993
Bm17852.1	WBGene00268994
Bm4400.1	WBGene00224661
Bm4399a.1	WBGene00224660
Bm4399b.1	WBGene00224660
Bm4397.1	WBGene00224658
Bm9132.1	WBGene00229393
Bm2354.1	WBGene00222615
Bm9130.2	WBGene00229391
Bm9130.3	WBGene00229391
Bm9130.1	WBGene00229391
Bm17853.1	WBGene00268995
Bm2949.1	WBGene00223210
Bm5323.1	WBGene00225584
Bm1789a.1	WBGene00222050
Bm1789b.1	WBGene00222050
Bm1789c.1	WBGene00222050
Bm17854.1	WBGene00268996
Bm13016.1	WBGene00233277
Bm7923.1	WBGene00228184
Bm3417.1	WBGene00223678
Bm7767.1	WBGene00228028
Bm17855.1	WBGene00268997
Bm7302.1	WBGene00227563
Bm7144.1	WBGene00227405
Bm1718a.1	WBGene00221979
Bm1718b.1	WBGene00221979
Bm4390.1	WBGene00224651
Bm17856.1	WBGene00268998
Bm3003a.1	WBGene00223264
Bm3003b.1	WBGene00223264
Bm3204.1	WBGene00223465
Bm9114.1	WBGene00229375
Bm1713.1	WBGene00221974
Bm8265.1	WBGene00228526
Bm2094a.1	WBGene00222355
Bm2094b.1	WBGene00222355
Bm9113.1	WBGene00229374
Bm5162.1	WBGene00225423
Bm5161.1	WBGene00225422
Bm6522.1	WBGene00226783
Bm17857b.1	WBGene00268999
Bm17857a.1	WBGene00268999
Bm17858.1	WBGene00269000
Bm17859.1	WBGene00269001
Bm17860.1	WBGene00269002
Bm17861.1	WBGene00269003
Bm17862	WBGene00269004
Bm17863.1	WBGene00269005
Bm17864.1	WBGene00269006
Bm17865.1	WBGene00269007
Bm17868.1	WBGene00269010
Bm12795.1	WBGene00233056
Bm17869.1	WBGene00269011
Bm6914.1	WBGene00227175
Bm4911.1	WBGene00225172
Bm4910.1	WBGene00225171
Bm6304b.1	WBGene00226565
Bm6304a.1	WBGene00226565
Bm12794b.1	WBGene00233055
Bm12794a.1	WBGene00233055
Bm1695a.1	WBGene00221956
Bm1695a.2	WBGene00221956
Bm1695b.1	WBGene00221956
Bm4271a.1	WBGene00224532
Bm4271b.1	WBGene00224532
Bm13832.1	WBGene00234093
Bm3779.1	WBGene00224040
Bm7830.1	WBGene00228091
Bm12793.1	WBGene00233054
Bm1929a.1	WBGene00222190
Bm1929b.1	WBGene00222190
Bm3298a.1	WBGene00223559
Bm3298b.1	WBGene00223559
Bm3297b.1	WBGene00223558
Bm3297a.1	WBGene00223558
Bm4717.1	WBGene00224978
Bm17870.1	WBGene00269012
Bm17871.1	WBGene00269013
Bm17872.1	WBGene00269014
Bm10126.1	WBGene00230387
Bm980.1	WBGene00221241
Bm2733.1	WBGene00222994
Bm11360.2	WBGene00231621
Bm11360.3	WBGene00231621
Bm11360.1	WBGene00231621
Bm11360.4	WBGene00231621
Bm10129.1	WBGene00230390
Bm17873.1	WBGene00269015
Bm2209b.1	WBGene00222470
Bm2209a.1	WBGene00222470
Bm6012a.1	WBGene00226273
Bm6012b.1	WBGene00226273
Bm5738a.1	WBGene00225999
Bm5738b.1	WBGene00225999
Bm2826a.1	WBGene00223087
Bm2826b.1	WBGene00223087
Bm2208a.1	WBGene00222469
Bm2208b.1	WBGene00222469
Bm5740.1	WBGene00226001
Bm6361a.1	WBGene00226622
Bm6361b.1	WBGene00226622
Bm3411a.1	WBGene00223672
Bm3411b.1	WBGene00223672
Bm3778a.1	WBGene00224039
Bm3778b.1	WBGene00224039
Bm4448a.1	WBGene00224709
Bm4448b.1	WBGene00224709
Bm3674a.1	WBGene00223935
Bm3674b.1	WBGene00223935
Bm14826.1	WBGene00235136
Bm2087.1	WBGene00222348
Bm4699b.1	WBGene00224960
Bm4699a.1	WBGene00224960
Bm6234.1	WBGene00226495
Bm3648a.1	WBGene00223909
Bm3648b.1	WBGene00223909
Bm17874a.1	WBGene00269016
Bm17874b.1	WBGene00269016
Bm18572.1	WBGene00303386
Bm17875.1	WBGene00269017
Bm4273.1	WBGene00224534
Bm5631.1	WBGene00225892
Bm4245.1	WBGene00224506
Bm3379.1	WBGene00223640
Bm2880.1	WBGene00223141
Bm10130.1	WBGene00230391
Bm6535.1	WBGene00226796
Bm10132.1	WBGene00230393
Bm10133.1	WBGene00230394
Bm10134.1	WBGene00230395
Bm2731.1	WBGene00222992
Bm10135b.1	WBGene00230396
Bm3527b.1	WBGene00223788
Bm3527a.1	WBGene00223788
Bm10135a.1	WBGene00230396
Bm3824.1	WBGene00224085
Bm7540.2	WBGene00227801
Bm7540.1	WBGene00227801
Bm10136.1	WBGene00230397
Bm4623.2	WBGene00224884
Bm4623.1	WBGene00224884
Bm1924b.1	WBGene00222185
Bm1924a.1	WBGene00222185
Bm1924c.1	WBGene00222185
Bm1924d.1	WBGene00222185
Bm10137.1	WBGene00230398
Bm4824.1	WBGene00225085
Bm5553a.1	WBGene00225814
Bm5553b.1	WBGene00225814
Bm10138b.1	WBGene00230399
Bm10138a.1	WBGene00230399
Bm6547.1	WBGene00226808
Bm4019b.1	WBGene00224280
Bm4019a.1	WBGene00224280
Bm4933.1	WBGene00225194
Bm4617.1	WBGene00224878
Bm5271.1	WBGene00225532
Bm17876.1	WBGene00269018
Bm7215a.1	WBGene00227476
Bm7215b.1	WBGene00227476
Bm6534.1	WBGene00226795
Bm17877.1	WBGene00269019
Bm6280a.1	WBGene00226541
Bm6280b.1	WBGene00226541
Bm17878.1	WBGene00269020
Bm17879.1	WBGene00269021
Bm10140.1	WBGene00230401
Bm10140.2	WBGene00230401
Bm9128.1	WBGene00229389
Bm10142.1	WBGene00230403
Bm12098a.1	WBGene00232359
Bm12098b.1	WBGene00232359
Bm17880.1	WBGene00269022
Bm3587.1	WBGene00223848
Bm4771.1	WBGene00225032
Bm10143.1	WBGene00230404
Bm10145.1	WBGene00230406
Bm12188.1	WBGene00232449
Bm10147.1	WBGene00230408
Bm4787a.1	WBGene00225048
Bm4787c.1	WBGene00225048
Bm4787b.1	WBGene00225048
Bm6388b.1	WBGene00226649
Bm6388a.1	WBGene00226649
Bm4716a.1	WBGene00224977
Bm4716b.1	WBGene00224977
Bm3384.1	WBGene00223645
Bm10149.1	WBGene00230410
Bm10150.1	WBGene00230411
Bm10151a.1	WBGene00230412
Bm10151b.1	WBGene00230412
Bm16931.1	WBGene00255533
Bm5783.1	WBGene00226044
Bm16930.1	WBGene00255532
Bm5730.1	WBGene00225991
Bm2896.1	WBGene00223157
Bm10153.1	WBGene00230414
Bm1805.1	WBGene00222066
Bm2088a.1	WBGene00222349
Bm2088b.1	WBGene00222349
Bm7339a.1	WBGene00227600
Bm7339b.1	WBGene00227600
Bm3029.1	WBGene00223290
Bm2527.1	WBGene00222788
Bm2528.1	WBGene00222789
Bm17881.1	WBGene00269023
Bm2271.1	WBGene00222532
Bm10155.1	WBGene00230416
Bm6727.1	WBGene00226988
Bm6520.1	WBGene00226781
Bm14695.1	WBGene00235030
Bm10156.1	WBGene00230417
Bm10157.1	WBGene00230418
Bm2599.1	WBGene00222860
Bm10158.1	WBGene00230419
Bm3457a.1	WBGene00223718
Bm3457b.1	WBGene00223718
Bm3457c.1	WBGene00223718
Bm3457d.1	WBGene00223718
Bm4269.1	WBGene00224530
Bm12628b.1	WBGene00232889
Bm12628a.1	WBGene00232889
Bm10159.1	WBGene00230420
Bm7764.1	WBGene00228025
Bm11383c.1	WBGene00231644
Bm11383b.1	WBGene00231644
Bm11383a.1	WBGene00231644
Bm11383d.1	WBGene00231644
Bm8008.1	WBGene00228269
Bm6232.1	WBGene00226493
Bm8616.1	WBGene00228877
Bm4527.1	WBGene00224788
Bm4356.1	WBGene00224617
Bm18213.1	WBGene00269362
Bm8617.1	WBGene00228878
Bm8624.1	WBGene00228885
Bm8625.1	WBGene00228886
Bm8626.1	WBGene00228887
Bm8622.1	WBGene00228883
Bm17883.1	WBGene00269025
Bm17884.1	WBGene00269026
Bm17885.1	WBGene00269027
Bm8627b.1	WBGene00228888
Bm8627a.1	WBGene00228888
Bm8628a.1	WBGene00228889
Bm8628b.3	WBGene00228889
Bm8628b.1	WBGene00228889
Bm8628b.2	WBGene00228889
Bm8628a.2	WBGene00228889
Bm6955.1	WBGene00227216
Bm2051.1	WBGene00222312
Bm2052a.1	WBGene00222313
Bm2052a.2	WBGene00222313
Bm2052b.1	WBGene00222313
Bm7002d.1	WBGene00227263
Bm7002a.1	WBGene00227263
Bm7002c.1	WBGene00227263
Bm7002b.1	WBGene00227263
Bm7866.1	WBGene00228127
Bm7867.1	WBGene00228128
Bm6915.1	WBGene00227176
Bm6904b.1	WBGene00227165
Bm6904a.1	WBGene00227165
Bm2990.1	WBGene00223251
Bm6564.1	WBGene00226825
Bm6565d.1	WBGene00226826
Bm6565b.1	WBGene00226826
Bm6565a.1	WBGene00226826
Bm6565c.1	WBGene00226826
Bm1219.1	WBGene00221480
Bm1833.1	WBGene00222094
Bm11594.1	WBGene00231855
Bm17886.1	WBGene00269028
Bm17887	WBGene00269029
Bm9127.1	WBGene00229388
Bm17888.1	WBGene00269030
Bm3721.1	WBGene00223982
Bm6570.2	WBGene00226831
Bm6570.1	WBGene00226831
Bm5116.1	WBGene00225377
Bm9483a.1	WBGene00229744
Bm9483b.1	WBGene00229744
Bm2702.1	WBGene00222963
Bm9484.1	WBGene00229745
Bm3453a.1	WBGene00223714
Bm3453b.1	WBGene00223714
Bm5345.1	WBGene00225606
Bm17889.1	WBGene00269031
Bm17890.1	WBGene00269032
Bm6964a.1	WBGene00227225
Bm6964b.1	WBGene00227225
Bm17891.1	WBGene00269033
Bm3433a.1	WBGene00223694
Bm3433b.1	WBGene00223694
Bm5300.1	WBGene00225561
Bm17892.1	WBGene00269034
Bm5076d.1	WBGene00225337
Bm5076f.1	WBGene00225337
Bm5076e.1	WBGene00225337
Bm5076a.1	WBGene00225337
Bm5076b.1	WBGene00225337
Bm5076c.1	WBGene00225337
Bm4274.1	WBGene00224535
Bm2115a.1	WBGene00222376
Bm2115b.1	WBGene00222376
Bm9208.1	WBGene00229469
Bm7206.1	WBGene00227467
Bm216.1	WBGene00220477
Bm5929.1	WBGene00226190
Bm4708.1	WBGene00224969
Bm4708.2	WBGene00224969
Bm4244.1	WBGene00224505
Bm8712a.1	WBGene00228973
Bm8712b.1	WBGene00228973
Bm8713.1	WBGene00228974
Bm8714.1	WBGene00228975
Bm3347a.1	WBGene00223608
Bm3347b.1	WBGene00223608
Bm3346.1	WBGene00223607
Bm5084.1	WBGene00225345
Bm17893.1	WBGene00269035
Bm17894.1	WBGene00269036
Bm8037b.1	WBGene00228298
Bm8037a.1	WBGene00228298
Bm11545.1	WBGene00231806
Bm8062.1	WBGene00228323
Bm6461.1	WBGene00226722
Bm7337a.1	WBGene00227598
Bm7337b.1	WBGene00227598
Bm2903.1	WBGene00223164
Bm13806.1	WBGene00234067
Bm8061.1	WBGene00228322
Bm11627.1	WBGene00231888
Bm17895.1	WBGene00269037
Bm4101.1	WBGene00224362
Bm17896.1	WBGene00269038
Bm74.1	WBGene00220335
Bm7953.1	WBGene00228214
Bm17897.1	WBGene00269039
Bm8506.1	WBGene00228767
Bm4027a.1	WBGene00224288
Bm4027b.1	WBGene00224288
Bm10120.1	WBGene00230381
Bm3550a.1	WBGene00223811
Bm3550b.1	WBGene00223811
Bm2451a.1	WBGene00222712
Bm2451b.1	WBGene00222712
Bm14404.1	WBGene00234665
Bm12193.1	WBGene00232454
Bm10121.1	WBGene00230382
Bm10122.1	WBGene00230383
Bm17898.1	WBGene00269040
Bm8233.1	WBGene00228494
Bm1367.1	WBGene00221628
Bm5461b.1	WBGene00225722
Bm5461a.1	WBGene00225722
Bm10123a.1	WBGene00230384
Bm10123b.1	WBGene00230384
Bm1368.1	WBGene00221629
Bm3787a.1	WBGene00224048
Bm3787b.1	WBGene00224048
Bm6889b.2	WBGene00227150
Bm6889b.1	WBGene00227150
Bm6889c.1	WBGene00227150
Bm6889a.1	WBGene00227150
Bm17899.1	WBGene00269041
Bm2772d.1	WBGene00223033
Bm2772a.1	WBGene00223033
Bm2772c.1	WBGene00223033
Bm4626b.1	WBGene00224887
Bm4626a.1	WBGene00224887
Bm4710.1	WBGene00224971
Bm2546.1	WBGene00222807
Bm13577.1	WBGene00233838
Bm7947.1	WBGene00228208
Bm2791.1	WBGene00223052
Bm5061b.1	WBGene00225322
Bm5061a.1	WBGene00225322
Bm3926b.1	WBGene00224187
Bm3926a.1	WBGene00224187
Bm3926c.1	WBGene00224187
Bm8546.1	WBGene00228807
Bm8545b.1	WBGene00228806
Bm8545a.1	WBGene00228806
Bm5060a.1	WBGene00225321
Bm5060b.1	WBGene00225321
Bm8100.1	WBGene00228361
Bm1974d.1	WBGene00222235
Bm1974a.1	WBGene00222235
Bm1974b.1	WBGene00222235
Bm1974c.1	WBGene00222235
Bm5739.1	WBGene00226000
Bm6115a.1	WBGene00226376
Bm6115b.1	WBGene00226376
Bm13987.1	WBGene00234248
Bm5255.1	WBGene00225516
Bm238.1	WBGene00220499
Bm5736a.1	WBGene00225997
Bm5736b.1	WBGene00225997
Bm17900a.1	WBGene00269042
Bm17900b.1	WBGene00269042
Bm3345a.1	WBGene00223606
Bm3345b.1	WBGene00223606
Bm5075.1	WBGene00225336
Bm3937c.1	WBGene00224198
Bm3937a.1	WBGene00224198
Bm3937b.1	WBGene00224198
Bm451.1	WBGene00220712
Bm5658.1	WBGene00225919
Bm17901.1	WBGene00269043
Bm9846.1	WBGene00230107
Bm17902.1	WBGene00269044
Bm5210a.1	WBGene00225471
Bm5210b.1	WBGene00225471
Bm13995.1	WBGene00234256
Bm6203.1	WBGene00226464
Bm5194b.1	WBGene00225455
Bm5194a.1	WBGene00225455
Bm8096.1	WBGene00228357
Bm17903.1	WBGene00269045
Bm17904.1	WBGene00269046
Bm7873.1	WBGene00228134
Bm8830b.1	WBGene00229091
Bm8830a.1	WBGene00229091
Bm8830d.1	WBGene00229091
Bm8830c.1	WBGene00229091
Bm2507a.1	WBGene00222768
Bm2507b.1	WBGene00222768
Bm3914.1	WBGene00224175
Bm2499.1	WBGene00222760
Bm6990a.2	WBGene00227251
Bm6990a.1	WBGene00227251
Bm6990b.1	WBGene00227251
Bm7598.1	WBGene00227859
Bm8829.1	WBGene00229090
Bm7499.1	WBGene00227760
Bm8828.1	WBGene00229089
Bm17905.1	WBGene00269047
Bm7991.1	WBGene00228252
Bm13335a.1	WBGene00233596
Bm13335b.1	WBGene00233596
Bm3442a.1	WBGene00223703
Bm3442b.1	WBGene00223703
Bm13824.1	WBGene00234085
Bm1992.1	WBGene00222253
Bm17906.1	WBGene00269048
Bm1990b.1	WBGene00222251
Bm1990a.1	WBGene00222251
Bm6186.1	WBGene00226447
Bm18192.2	WBGene00269335
Bm18192.1	WBGene00269335
Bm2292a.1	WBGene00222553
Bm2292b.1	WBGene00222553
Bm4340a.1	WBGene00224601
Bm4340b.1	WBGene00224601
Bm4891.1	WBGene00225152
Bm5998.1	WBGene00226259
Bm1845a.1	WBGene00222106
Bm1845b.1	WBGene00222106
Bm3094a.1	WBGene00223355
Bm3094b.1	WBGene00223355
Bm11618.1	WBGene00231879
Bm10898a.1	WBGene00231159
Bm10898b.1	WBGene00231159
Bm1696.1	WBGene00221957
Bm1697a.1	WBGene00221958
Bm1697b.1	WBGene00221958
Bm2751.1	WBGene00223012
Bm10899.1	WBGene00231160
Bm6851c.1	WBGene00227112
Bm6851d.1	WBGene00227112
Bm6851b.1	WBGene00227112
Bm6851a.1	WBGene00227112
Bm6561b.1	WBGene00226822
Bm6561a.1	WBGene00226822
Bm10900.1	WBGene00231161
Bm10901.1	WBGene00231162
Bm17907.1	WBGene00269049
Bm4171a.1	WBGene00224432
Bm4171b.1	WBGene00224432
Bm4528b.1	WBGene00224789
Bm4528e.1	WBGene00224789
Bm4528a.1	WBGene00224789
Bm4528c.1	WBGene00224789
Bm4528d.1	WBGene00224789
Bm2003a.1	WBGene00222264
Bm2003b.1	WBGene00222264
Bm7307.1	WBGene00227568
Bm7306.1	WBGene00227567
Bm3182.1	WBGene00223443
Bm5299.1	WBGene00225560
Bm3137.1	WBGene00223398
Bm3231.1	WBGene00223492
Bm5351a.1	WBGene00225612
Bm5351b.1	WBGene00225612
Bm4762.1	WBGene00225023
Bm4762.2	WBGene00225023
Bm10902a.1	WBGene00231163
Bm10902b.1	WBGene00231163
Bm4763b.1	WBGene00225024
Bm4763a.1	WBGene00225024
Bm10904	WBGene00231165
Bm17908.1	WBGene00269050
Bm17909.1	WBGene00269051
Bm17910.1	WBGene00269052
Bm13548.1	WBGene00233809
Bm2630a.1	WBGene00222891
Bm2630b.1	WBGene00222891
Bm10905.1	WBGene00231166
Bm10906b.1	WBGene00231167
Bm10906a.1	WBGene00231167
Bm4720.1	WBGene00224981
Bm17911.1	WBGene00269053
Bm5521.1	WBGene00225782
Bm2509.1	WBGene00222770
Bm10907.1	WBGene00231168
Bm5087.1	WBGene00225348
Bm10908.1	WBGene00231169
Bm7465a.1	WBGene00227726
Bm7465c.1	WBGene00227726
Bm7465b.1	WBGene00227726
Bm3355.1	WBGene00223616
Bm10909.1	WBGene00231170
Bm5089a.1	WBGene00225350
Bm5089b.1	WBGene00225350
Bm5089b.2	WBGene00225350
Bm3212a.1	WBGene00223473
Bm3212b.1	WBGene00223473
Bm13302.1	WBGene00233563
Bm5669.1	WBGene00225930
Bm10910.1	WBGene00231171
Bm2908.1	WBGene00223169
Bm7356.1	WBGene00227617
Bm4283a.2	WBGene00224544
Bm4283b.1	WBGene00224544
Bm4283a.1	WBGene00224544
Bm3920.1	WBGene00224181
Bm10911.1	WBGene00231172
Bm3067a.1	WBGene00223328
Bm3067b.1	WBGene00223328
Bm10912.1	WBGene00231173
Bm14325.1	WBGene00234586
Bm13304.1	WBGene00233565
Bm4625a.1	WBGene00224886
Bm4625b.1	WBGene00224886
Bm6227.1	WBGene00226488
Bm14284.1	WBGene00234545
Bm3785.1	WBGene00224046
Bm5261.1	WBGene00225522
Bm10913.1	WBGene00231174
Bm10914.1	WBGene00231175
Bm10915b.1	WBGene00231176
Bm10915a.1	WBGene00231176
Bm10915c.1	WBGene00231176
Bm10915d.1	WBGene00231176
Bm13695a.1	WBGene00233956
Bm13695b.1	WBGene00233956
Bm13695c.1	WBGene00233956
Bm13695d.1	WBGene00233956
Bm4954a.1	WBGene00225215
Bm4954b.1	WBGene00225215
Bm10916.1	WBGene00231177
Bm4975.1	WBGene00225236
Bm18604.1	WBGene00304809
Bm6496a.1	WBGene00226757
Bm6496b.1	WBGene00226757
Bm10917.1	WBGene00231178
Bm7496.1	WBGene00227757
Bm4680.1	WBGene00224941
Bm1495.1	WBGene00221756
Bm10918a.1	WBGene00231179
Bm10918b.1	WBGene00231179
Bm4501.1	WBGene00224762
Bm6860b.1	WBGene00227121
Bm6860a.1	WBGene00227121
Bm6859a.1	WBGene00227120
Bm6859b.1	WBGene00227120
Bm6859c.1	WBGene00227120
Bm6859d.1	WBGene00227120
Bm10919.1	WBGene00231180
Bm3919.1	WBGene00224180
Bm4202.1	WBGene00224463
Bm5088a.1	WBGene00225349
Bm5088b.1	WBGene00225349
Bm5371.1	WBGene00225632
Bm5371.2	WBGene00225632
Bm13305.1	WBGene00233566
Bm1496.1	WBGene00221757
Bm6776.1	WBGene00227037
Bm3961d.1	WBGene00224222
Bm3961a.1	WBGene00224222
Bm3961b.1	WBGene00224222
Bm3961c.1	WBGene00224222
Bm10921.1	WBGene00231182
Bm10921.2	WBGene00231182
Bm10921.3	WBGene00231182
Bm10922.1	WBGene00231183
Bm4200a.1	WBGene00224461
Bm4200b.1	WBGene00224461
Bm10923.1	WBGene00231184
Bm10924a.1	WBGene00231185
Bm10924b.1	WBGene00231185
Bm2534.1	WBGene00222795
Bm2293a.1	WBGene00222554
Bm2293b.1	WBGene00222554
Bm10925b.1	WBGene00231186
Bm10925c.1	WBGene00231186
Bm10925a.1	WBGene00231186
Bm10926.1	WBGene00231187
Bm16889.1	WBGene00236801
Bm3486.1	WBGene00223747
Bm10927a.1	WBGene00231188
Bm10927b.1	WBGene00231188
Bm4116.1	WBGene00224377
Bm4885.1	WBGene00225146
Bm10928a.1	WBGene00231189
Bm10928b.1	WBGene00231189
Bm4897b.1	WBGene00225158
Bm4897d.1	WBGene00225158
Bm4897c.1	WBGene00225158
Bm4897a.1	WBGene00225158
Bm10930.1	WBGene00231191
Bm4104a.1	WBGene00224365
Bm4104b.1	WBGene00224365
Bm10931a.1	WBGene00231192
Bm10931b.1	WBGene00231192
Bm3126.1	WBGene00223387
Bm10932.1	WBGene00231193
Bm5276b.1	WBGene00225537
Bm5276a.1	WBGene00225537
Bm14429.1	WBGene00234690
Bm7619.1	WBGene00227880
Bm3218.1	WBGene00223479
Bm2773a.1	WBGene00223034
Bm2773b.1	WBGene00223034
Bm683.1	WBGene00220944
Bm1502.1	WBGene00221763
Bm10934b.1	WBGene00231195
Bm10934a.1	WBGene00231195
Bm5450.1	WBGene00225711
Bm6778b.1	WBGene00227039
Bm6778a.1	WBGene00227039
Bm6494d.1	WBGene00226755
Bm6494e.1	WBGene00226755
Bm5855a.1	WBGene00226116
Bm5855b.1	WBGene00226116
Bm2035a.1	WBGene00222296
Bm2035b.1	WBGene00222296
Bm5554.1	WBGene00225815
Bm10935b.1	WBGene00231196
Bm10935a.1	WBGene00231196
Bm2154c.1	WBGene00222415
Bm2154l.1	WBGene00222415
Bm2154g.1	WBGene00222415
Bm2154d.1	WBGene00222415
Bm2154c.2	WBGene00222415
Bm5229.1	WBGene00225490
Bm10936a.1	WBGene00231197
Bm10936b.1	WBGene00231197
Bm2430.1	WBGene00222691
Bm2981a.1	WBGene00223242
Bm2981b.1	WBGene00223242
Bm10938.1	WBGene00231199
Bm1820c.1	WBGene00222081
Bm1820d.1	WBGene00222081
Bm1820b.1	WBGene00222081
Bm1820a.1	WBGene00222081
Bm5336a.1	WBGene00225597
Bm5336b.1	WBGene00225597
Bm10940.1	WBGene00231201
Bm2673a.1	WBGene00222934
Bm2673b.1	WBGene00222934
Bm2387.1	WBGene00222648
Bm13180.1	WBGene00233441
Bm4952a.1	WBGene00225213
Bm4952b.1	WBGene00225213
Bm18570.1	WBGene00303374
Bm3320a.1	WBGene00223581
Bm3320b.1	WBGene00223581
Bm5701.1	WBGene00225962
Bm5165.1	WBGene00225426
Bm7464b.1	WBGene00227725
Bm7464a.1	WBGene00227725
Bm13725.1	WBGene00233986
Bm3686.1	WBGene00223947
Bm13831.1	WBGene00234092
Bm17912.1	WBGene00269054
Bm3502a.1	WBGene00223763
Bm3502b.1	WBGene00223763
Bm10944a.1	WBGene00231205
Bm10944b.1	WBGene00231205
Bm2259a.1	WBGene00222520
Bm2259c.1	WBGene00222520
Bm2259b.1	WBGene00222520
Bm2151a.1	WBGene00222412
Bm2151b.1	WBGene00222412
Bm4199.1	WBGene00224460
Bm4535.1	WBGene00224796
Bm7444.1	WBGene00227705
Bm3464.1	WBGene00223725
Bm10945.1	WBGene00231206
Bm1926b.1	WBGene00222187
Bm1926a.1	WBGene00222187
Bm17913.1	WBGene00269055
Bm17914.1	WBGene00269056
Bm6716.1	WBGene00226977
Bm2935a.1	WBGene00223196
Bm2935b.1	WBGene00223196
Bm2935c.1	WBGene00223196
Bm3949a.1	WBGene00224210
Bm3949c.1	WBGene00224210
Bm3949b.1	WBGene00224210
Bm10946.1	WBGene00231207
Bm6664b.1	WBGene00226925
Bm6664a.1	WBGene00226925
Bm6664c.1	WBGene00226925
Bm4003.1	WBGene00224264
Bm6837a.1	WBGene00227098
Bm6837b.1	WBGene00227098
Bm6423a.1	WBGene00226684
Bm6423b.1	WBGene00226684
Bm4292a.1	WBGene00224553
Bm4292b.1	WBGene00224553
Bm4292c.1	WBGene00224553
Bm2190b.1	WBGene00222451
Bm2190a.1	WBGene00222451
Bm10947a.1	WBGene00231208
Bm10947b.1	WBGene00231208
Bm10947a.2	WBGene00231208
Bm10949.1	WBGene00231210
Bm7216.1	WBGene00227477
Bm4231d.3	WBGene00224492
Bm4231d.7	WBGene00224492
Bm4231c.1	WBGene00224492
Bm4231d.5	WBGene00224492
Bm4231d.6	WBGene00224492
Bm4231d.4	WBGene00224492
Bm4231d.1	WBGene00224492
Bm4231d.2	WBGene00224492
Bm4231a.1	WBGene00224492
Bm4231b.1	WBGene00224492
Bm10951.1	WBGene00231212
Bm2290.1	WBGene00222551
Bm1912a.1	WBGene00222173
Bm1912b.1	WBGene00222173
Bm10952.1	WBGene00231213
Bm4025.1	WBGene00224286
Bm2143.1	WBGene00222404
Bm4238.1	WBGene00224499
Bm7093a.1	WBGene00227354
Bm7093b.1	WBGene00227354
Bm2153b.1	WBGene00222414
Bm2153a.1	WBGene00222414
Bm3988.1	WBGene00224249
Bm3361.1	WBGene00223622
Bm5010c.1	WBGene00225271
Bm5010a.1	WBGene00225271
Bm5010b.1	WBGene00225271
Bm5010d.1	WBGene00225271
Bm5010e.1	WBGene00225271
Bm14288.1	WBGene00234549
Bm10953.1	WBGene00231214
Bm10954.1	WBGene00231215
Bm6527.1	WBGene00226788
Bm10956.1	WBGene00231217
Bm10957.1	WBGene00231218
Bm5556b.1	WBGene00225817
Bm5556a.1	WBGene00225817
Bm10959.1	WBGene00231220
Bm10959.2	WBGene00231220
Bm5319.1	WBGene00225580
Bm6586.1	WBGene00226847
Bm10960a.1	WBGene00231221
Bm10960b.1	WBGene00231221
Bm5077.1	WBGene00225338
Bm688.1	WBGene00220949
Bm4534a.1	WBGene00224795
Bm4534b.1	WBGene00224795
Bm4534c.1	WBGene00224795
Bm10965.1	WBGene00231226
Bm17915.1	WBGene00269057
Bm3959.1	WBGene00224220
Bm14291.1	WBGene00234552
Bm2632a.1	WBGene00222893
Bm2632a.2	WBGene00222893
Bm2632b.2	WBGene00222893
Bm2632b.1	WBGene00222893
Bm2632c.1	WBGene00222893
Bm3853.1	WBGene00224114
Bm7420.1	WBGene00227681
Bm12499a.1	WBGene00232760
Bm12499b.1	WBGene00232760
Bm3716a.1	WBGene00223977
Bm3716b.1	WBGene00223977
Bm10966.1	WBGene00231227
Bm4858.1	WBGene00225119
Bm2769.1	WBGene00223030
Bm2770a.1	WBGene00223031
Bm2770b.1	WBGene00223031
Bm2771.1	WBGene00223032
Bm10967.1	WBGene00231228
Bm14292.1	WBGene00234553
Bm17916.1	WBGene00269058
Bm17917	WBGene00269059
Bm17918a	WBGene00269060
Bm17918b	WBGene00269060
Bm17919.1	WBGene00269061
Bm5999a.1	WBGene00226260
Bm5999b.1	WBGene00226260
Bm10969b.1	WBGene00231230
Bm10969a.1	WBGene00231230
Bm3463.1	WBGene00223724
Bm4373a.1	WBGene00224634
Bm4373a.2	WBGene00224634
Bm4373a.3	WBGene00224634
Bm4373a.4	WBGene00224634
Bm4373b.1	WBGene00224634
Bm6221b.1	WBGene00226482
Bm6221a.1	WBGene00226482
Bm10970.1	WBGene00231231
Bm3462d.1	WBGene00223723
Bm3462c.1	WBGene00223723
Bm3462a.1	WBGene00223723
Bm3462b.1	WBGene00223723
Bm3990.1	WBGene00224251
Bm3991b.1	WBGene00224252
Bm3991a.1	WBGene00224252
Bm5958.1	WBGene00226219
Bm10971.1	WBGene00231232
Bm6243.1	WBGene00226504
Bm693.1	WBGene00220954
Bm5776a.1	WBGene00226037
Bm5776b.1	WBGene00226037
Bm4100.1	WBGene00224361
Bm10972.1	WBGene00231233
Bm10973.1	WBGene00231234
Bm13827a.1	WBGene00234088
Bm13827a.2	WBGene00234088
Bm13827b.1	WBGene00234088
Bm13827c.1	WBGene00234088
Bm4294.1	WBGene00224555
Bm6299a.1	WBGene00226560
Bm6299b.1	WBGene00226560
Bm10974.1	WBGene00231235
Bm5197b.1	WBGene00225458
Bm5197a.1	WBGene00225458
Bm694.1	WBGene00220955
Bm10975.1	WBGene00231236
Bm3938.1	WBGene00224199
Bm10976.1	WBGene00231237
Bm4077a.1	WBGene00224338
Bm4077b.1	WBGene00224338
Bm4077c.1	WBGene00224338
Bm10977.1	WBGene00231238
Bm5657.1	WBGene00225918
Bm6696a.1	WBGene00226957
Bm6696b.1	WBGene00226957
Bm10978b.1	WBGene00231239
Bm10978a.1	WBGene00231239
Bm695.1	WBGene00220956
Bm6820b.1	WBGene00227081
Bm6820a.1	WBGene00227081
Bm6820c.1	WBGene00227081
Bm10979.1	WBGene00231240
Bm2080a.1	WBGene00222341
Bm2080b.1	WBGene00222341
Bm2861a.1	WBGene00223122
Bm2861f.1	WBGene00223122
Bm2861c.1	WBGene00223122
Bm2861d.1	WBGene00223122
Bm2861g.1	WBGene00223122
Bm2861b.1	WBGene00223122
Bm2861e.1	WBGene00223122
Bm5114a.1	WBGene00225375
Bm5114b.1	WBGene00225375
Bm5114c.1	WBGene00225375
Bm5114d.1	WBGene00225375
Bm4667.1	WBGene00224928
Bm6283.1	WBGene00226544
Bm3503.1	WBGene00223764
Bm17921.1	WBGene00269063
Bm2205.1	WBGene00222466
Bm2204a.1	WBGene00222465
Bm2204b.1	WBGene00222465
Bm4606a.1	WBGene00224867
Bm4606b.1	WBGene00224867
Bm5074a.1	WBGene00225335
Bm5074d.1	WBGene00225335
Bm5074b.1	WBGene00225335
Bm5074c.1	WBGene00225335
Bm2790.1	WBGene00223051
Bm2711.1	WBGene00222972
Bm14724.1	WBGene00235059
Bm17922.1	WBGene00269064
Bm17923b	WBGene00269065
Bm17923a	WBGene00269065
Bm17924	WBGene00269066
Bm17925	WBGene00269067
Bm10980.1	WBGene00231241
Bm6968.1	WBGene00227229
Bm5774.1	WBGene00226035
Bm3426.1	WBGene00223687
Bm2560a.1	WBGene00222821
Bm2560b.1	WBGene00222821
Bm4099a.1	WBGene00224360
Bm4099b.1	WBGene00224360
Bm10981.1	WBGene00231242
Bm10982.1	WBGene00231243
Bm1506.1	WBGene00221767
Bm6104.1	WBGene00226365
Bm5912b.1	WBGene00226173
Bm5912a.1	WBGene00226173
Bm10984.1	WBGene00231245
Bm10985.1	WBGene00231246
Bm1854.1	WBGene00222115
Bm1507.1	WBGene00221768
Bm6168.1	WBGene00226429
Bm13950.1	WBGene00234211
Bm2878.1	WBGene00223139
Bm14019.1	WBGene00234280
Bm4324.1	WBGene00224585
Bm5893.2	WBGene00226154
Bm5893.1	WBGene00226154
Bm13821b.1	WBGene00234082
Bm13821c.1	WBGene00234082
Bm13821a.1	WBGene00234082
Bm6514.1	WBGene00226775
Bm4254.1	WBGene00224515
Bm5586.1	WBGene00225847
Bm5584b.1	WBGene00225845
Bm5584a.1	WBGene00225845
Bm5584b.2	WBGene00225845
Bm5538a.1	WBGene00225799
Bm5538b.1	WBGene00225799
Bm1508.1	WBGene00221769
Bm5110.1	WBGene00225371
Bm6855.1	WBGene00227116
Bm1509a.1	WBGene00221770
Bm1509b.1	WBGene00221770
Bm2415b.1	WBGene00222676
Bm2415a.1	WBGene00222676
Bm2844.1	WBGene00223105
Bm3323.1	WBGene00223584
Bm3324a.1	WBGene00223585
Bm3324b.1	WBGene00223585
Bm2755a.1	WBGene00223016
Bm2755b.1	WBGene00223016
Bm7551.1	WBGene00227812
Bm4290.1	WBGene00224551
Bm4013.1	WBGene00224274
Bm3445.1	WBGene00223706
Bm3445.2	WBGene00223706
Bm6824a.1	WBGene00227085
Bm6824b.1	WBGene00227085
Bm5320.1	WBGene00225581
Bm6516.1	WBGene00226777
Bm6517b.1	WBGene00226778
Bm6517a.1	WBGene00226778
Bm10988.1	WBGene00231249
Bm10989.1	WBGene00231250
Bm2852d.1	WBGene00223113
Bm2852c.1	WBGene00223113
Bm2852a.1	WBGene00223113
Bm2852b.1	WBGene00223113
Bm2849.1	WBGene00223110
Bm3792.1	WBGene00224053
Bm3792.2	WBGene00224053
Bm2851a.1	WBGene00223112
Bm2851b.1	WBGene00223112
Bm2850.1	WBGene00223111
Bm6292.1	WBGene00226553
Bm3615a.1	WBGene00223876
Bm3615b.1	WBGene00223876
Bm14432.1	WBGene00234693
Bm4687.2	WBGene00224948
Bm4687.1	WBGene00224948
Bm6949.1	WBGene00227210
Bm2825a.1	WBGene00223086
Bm2825b.1	WBGene00223086
Bm2825c.1	WBGene00223086
Bm6858a.1	WBGene00227119
Bm6858b.1	WBGene00227119
Bm6850.1	WBGene00227111
Bm6856.1	WBGene00227117
Bm2834b.1	WBGene00223095
Bm2834a.1	WBGene00223095
Bm4774.1	WBGene00225035
Bm1907b.1	WBGene00222168
Bm1907a.1	WBGene00222168
Bm5481a.1	WBGene00225742
Bm5482.1	WBGene00225743
Bm5481b.1	WBGene00225742
Bm6228a.1	WBGene00226489
Bm6228b.1	WBGene00226489
Bm13931.1	WBGene00234192
Bm7227a.1	WBGene00227488
Bm7227b.1	WBGene00227488
Bm6246.1	WBGene00226507
Bm13687a.1	WBGene00233948
Bm13687b.1	WBGene00233948
Bm7509.1	WBGene00227770
Bm10991.1	WBGene00231252
Bm17926	WBGene00269068
Bm14301.1	WBGene00234562
Bm699a.1	WBGene00220960
Bm699d.1	WBGene00220960
Bm699c.1	WBGene00220960
Bm699b.1	WBGene00220960
Bm2428.1	WBGene00222689
Bm3041a.1	WBGene00223302
Bm3041b.1	WBGene00223302
Bm10992.1	WBGene00231253
Bm4253a.1	WBGene00224514
Bm4253b.1	WBGene00224514
Bm7502.1	WBGene00227763
Bm6909.1	WBGene00227170
Bm17927a	WBGene00269069
Bm17927b	WBGene00269069
Bm3595.1	WBGene00223856
Bm17928.1	WBGene00269070
Bm10993.1	WBGene00231254
Bm6531.1	WBGene00226792
Bm6728.1	WBGene00226989
Bm10994a.1	WBGene00231255
Bm10994b.1	WBGene00231255
Bm2127b.1	WBGene00222388
Bm2127a.1	WBGene00222388
Bm7013.1	WBGene00227274
Bm4843.1	WBGene00225104
Bm13312.1	WBGene00233573
Bm700.1	WBGene00220961
Bm4993.1	WBGene00225254
Bm2853a.1	WBGene00223114
Bm2853b.1	WBGene00223114
Bm2853b.2	WBGene00223114
Bm5992.1	WBGene00226253
Bm3922a.1	WBGene00224183
Bm3922b.1	WBGene00224183
Bm1752a.1	WBGene00222013
Bm1752b.1	WBGene00222013
Bm4265a.1	WBGene00224526
Bm4265b.1	WBGene00224526
Bm14788.1	WBGene00234973
Bm6418a.1	WBGene00226679
Bm6418b.1	WBGene00226679
Bm6877a.1	WBGene00227138
Bm6877b.1	WBGene00227138
Bm6880b.1	WBGene00227141
Bm6880a.1	WBGene00227141
Bm6879.1	WBGene00227140
Bm14791.1	WBGene00234976
Bm14791.2	WBGene00234976
Bm6566b.1	WBGene00226827
Bm6566a.1	WBGene00226827
Bm2078.1	WBGene00222339
Bm10995.1	WBGene00231256
Bm2622.1	WBGene00222883
Bm2622.2	WBGene00222883
Bm13762.1	WBGene00234023
Bm3139a.1	WBGene00223400
Bm3139b.1	WBGene00223400
Bm10996.1	WBGene00231257
Bm4032.1	WBGene00224293
Bm14029.1	WBGene00234290
Bm10997.1	WBGene00231258
Bm13679.1	WBGene00233940
Bm5847a.1	WBGene00226108
Bm5847b.1	WBGene00226108
Bm10998.1	WBGene00231259
Bm2039a.1	WBGene00222300
Bm2039b.1	WBGene00222300
Bm10999.1	WBGene00231260
Bm11000.1	WBGene00231261
Bm1934a.1	WBGene00222195
Bm1934b.1	WBGene00222195
Bm11001.1	WBGene00231262
Bm7523.1	WBGene00227784
Bm16939.1	WBGene00255585
Bm5696b.1	WBGene00225957
Bm5696a.1	WBGene00225957
Bm11002b.1	WBGene00231263
Bm11002a.1	WBGene00231263
Bm11003.1	WBGene00231264
Bm1916.1	WBGene00222177
Bm3770.1	WBGene00224031
Bm11004.1	WBGene00231265
Bm5275a.1	WBGene00225536
Bm5275b.1	WBGene00225536
Bm5277a.1	WBGene00225538
Bm5277b.1	WBGene00225538
Bm4169a.1	WBGene00224430
Bm4169b.1	WBGene00224430
Bm3960b.1	WBGene00224221
Bm3960a.1	WBGene00224221
Bm4443b.1	WBGene00224704
Bm4443a.1	WBGene00224704
Bm4443c.1	WBGene00224704
Bm11006.1	WBGene00231267
Bm11007.1	WBGene00231268
Bm2413b.1	WBGene00222674
Bm2413a.1	WBGene00222674
Bm11009.1	WBGene00231270
Bm5307.1	WBGene00225568
Bm1514.1	WBGene00221775
Bm11010.1	WBGene00231271
Bm4050b.1	WBGene00224311
Bm4050c.1	WBGene00224311
Bm4050a.1	WBGene00224311
Bm14002.1	WBGene00234263
Bm6988.1	WBGene00227249
Bm13998.1	WBGene00234259
Bm2729d.1	WBGene00222990
Bm2729c.1	WBGene00222990
Bm2729a.1	WBGene00222990
Bm2729b.1	WBGene00222990
Bm18214.1	WBGene00269363
Bm11012.1	WBGene00231273
Bm1516.1	WBGene00221777
Bm6925.1	WBGene00227186
Bm11013b.1	WBGene00231274
Bm11013a.1	WBGene00231274
Bm2425.2	WBGene00222686
Bm2425.1	WBGene00222686
Bm11014.1	WBGene00231275
Bm4011a.1	WBGene00224272
Bm4011b.1	WBGene00224272
Bm1714b.1	WBGene00221975
Bm1714a.1	WBGene00221975
Bm7120.1	WBGene00227381
Bm11015a.1	WBGene00231276
Bm11015b.1	WBGene00231276
Bm11016.1	WBGene00231277
Bm3690.1	WBGene00223951
Bm17929.1	WBGene00269071
Bm17930.1	WBGene00269072
Bm9607.1	WBGene00229868
Bm2671.1	WBGene00222932
Bm9608.1	WBGene00229869
Bm9609.1	WBGene00229870
Bm4797.1	WBGene00225058
Bm2713.1	WBGene00222974
Bm5794.1	WBGene00226055
Bm5796.1	WBGene00226057
Bm3678a.1	WBGene00223939
Bm3678b.1	WBGene00223939
Bm5633.1	WBGene00225894
Bm5632.1	WBGene00225893
Bm4777a.1	WBGene00225038
Bm4777b.1	WBGene00225038
Bm14179.1	WBGene00234440
Bm1262c.1	WBGene00221523
Bm1262b.1	WBGene00221523
Bm1262a.1	WBGene00221523
Bm1262d.1	WBGene00221523
Bm13790.1	WBGene00234051
Bm2894a.1	WBGene00223155
Bm2894b.1	WBGene00223155
Bm2894c.1	WBGene00223155
Bm2894d.1	WBGene00223155
Bm2895a.1	WBGene00223156
Bm2895b.1	WBGene00223156
Bm2892.1	WBGene00223153
Bm407.1	WBGene00220668
Bm9610.1	WBGene00229871
Bm1923a.1	WBGene00222184
Bm1923b.1	WBGene00222184
Bm1923c.1	WBGene00222184
Bm1923e.1	WBGene00222184
Bm1923f.1	WBGene00222184
Bm1923g.1	WBGene00222184
Bm1923d.1	WBGene00222184
Bm1923h.1	WBGene00222184
Bm1923d.2	WBGene00222184
Bm16921a.1	WBGene00255483
Bm16921b.1	WBGene00255483
Bm16921c.1	WBGene00255483
Bm5564a.1	WBGene00225825
Bm5564d.1	WBGene00225825
Bm5564c.1	WBGene00225825
Bm5564b.1	WBGene00225825
Bm3992.1	WBGene00224253
Bm5846a.1	WBGene00226107
Bm5846c.1	WBGene00226107
Bm5846b.1	WBGene00226107
Bm5846d.1	WBGene00226107
Bm9611b.1	WBGene00229872
Bm9611c.1	WBGene00229872
Bm9611a.1	WBGene00229872
Bm9611d.1	WBGene00229872
Bm6513.1	WBGene00226774
Bm5557.1	WBGene00225818
Bm5560.1	WBGene00225821
Bm4859.1	WBGene00225120
Bm9612.1	WBGene00229873
Bm6952.1	WBGene00227213
Bm6953.1	WBGene00227214
Bm17931.1	WBGene00269073
Bm1956.1	WBGene00222217
Bm4546b.1	WBGene00224807
Bm4546a.1	WBGene00224807
Bm3689a.4	WBGene00223950
Bm3689b.2	WBGene00223950
Bm3689a.3	WBGene00223950
Bm3689b.1	WBGene00223950
Bm3689a.1	WBGene00223950
Bm3689a.2	WBGene00223950
Bm6951.1	WBGene00227212
Bm2574a.1	WBGene00222835
Bm2574b.1	WBGene00222835
Bm2574d.1	WBGene00222835
Bm2574e.1	WBGene00222835
Bm2574f.1	WBGene00222835
Bm2574c.1	WBGene00222835
Bm2574h.1	WBGene00222835
Bm2574g.1	WBGene00222835
Bm13432.1	WBGene00233693
Bm6355.1	WBGene00226616
Bm5798.1	WBGene00226059
Bm5797.1	WBGene00226058
Bm408.1	WBGene00220669
Bm1264.1	WBGene00221525
Bm3681a.1	WBGene00223942
Bm3681b.1	WBGene00223942
Bm3681c.1	WBGene00223942
Bm6100.1	WBGene00226361
Bm4270.1	WBGene00224531
Bm4532a.1	WBGene00224793
Bm4532a.2	WBGene00224793
Bm4532b.1	WBGene00224793
Bm4531.1	WBGene00224792
Bm7106.1	WBGene00227367
Bm13433.1	WBGene00233694
Bm7096.1	WBGene00227357
Bm2819.1	WBGene00223080
Bm2526.1	WBGene00222787
Bm4571.1	WBGene00224832
Bm14703.1	WBGene00235038
Bm3575a.1	WBGene00223836
Bm3575b.1	WBGene00223836
Bm4941a.1	WBGene00225202
Bm4941b.1	WBGene00225202
Bm4492.1	WBGene00224753
Bm2040.1	WBGene00222301
Bm2038a.1	WBGene00222299
Bm2038b.1	WBGene00222299
Bm1266.1	WBGene00221527
Bm2891a.1	WBGene00223152
Bm2891b.1	WBGene00223152
Bm2891c.1	WBGene00223152
Bm3265a.1	WBGene00223526
Bm3265b.1	WBGene00223526
Bm9648.1	WBGene00229909
Bm9617b.1	WBGene00229878
Bm9617a.1	WBGene00229878
Bm9617c.1	WBGene00229878
Bm14027b.1	WBGene00234288
Bm14027a.1	WBGene00234288
Bm16891.1	WBGene00236803
Bm6847.1	WBGene00227108
Bm5298.1	WBGene00225559
Bm2748.1	WBGene00223009
Bm12558.1	WBGene00232819
Bm18180.1	WBGene00269320
Bm1268a.1	WBGene00221529
Bm1268c.1	WBGene00221529
Bm1268b.1	WBGene00221529
Bm7193.1	WBGene00227454
Bm7192.1	WBGene00227453
Bm410.1	WBGene00220671
Bm13680.1	WBGene00233941
Bm5315a.1	WBGene00225576
Bm5315b.1	WBGene00225576
Bm7094.1	WBGene00227355
Bm14717a.1	WBGene00235052
Bm14717b.1	WBGene00235052
Bm2050b.1	WBGene00222311
Bm2050c.1	WBGene00222311
Bm2050b.2	WBGene00222311
Bm2050a.1	WBGene00222311
Bm3805.1	WBGene00224066
Bm17934.1	WBGene00269076
Bm9618.1	WBGene00229879
Bm2643a.1	WBGene00222904
Bm2643b.1	WBGene00222904
Bm13070.1	WBGene00233331
Bm5801.1	WBGene00226062
Bm2203a.1	WBGene00222464
Bm2203b.1	WBGene00222464
Bm2203b.2	WBGene00222464
Bm9620.1	WBGene00229881
Bm2584a.1	WBGene00222845
Bm2584b.1	WBGene00222845
Bm412.1	WBGene00220673
Bm5209.1	WBGene00225470
Bm4903b.1	WBGene00225164
Bm4903a.1	WBGene00225164
Bm4903e.1	WBGene00225164
Bm13841.1	WBGene00234102
Bm6910.1	WBGene00227171
Bm9621.1	WBGene00229882
Bm18160.1	WBGene00269300
Bm3370a.1	WBGene00223631
Bm3370b.1	WBGene00223631
Bm6342.1	WBGene00226603
Bm4924b.1	WBGene00225185
Bm4924a.1	WBGene00225185
Bm1270.1	WBGene00221531
Bm6849b.1	WBGene00227110
Bm6849a.1	WBGene00227110
Bm17935.1	WBGene00269077
Bm6862b.1	WBGene00227123
Bm6862a.1	WBGene00227123
Bm9622.1	WBGene00229883
Bm7466d.1	WBGene00227727
Bm7466a.1	WBGene00227727
Bm7466e.1	WBGene00227727
Bm7466b.1	WBGene00227727
Bm7466c.1	WBGene00227727
Bm13434.1	WBGene00233695
Bm7221a.1	WBGene00227482
Bm7221b.1	WBGene00227482
Bm414.1	WBGene00220675
Bm9625.1	WBGene00229886
Bm9626.1	WBGene00229887
Bm9627.1	WBGene00229888
Bm18161.1	WBGene00269301
Bm9628.1	WBGene00229889
Bm415a.1	WBGene00220676
Bm415b.1	WBGene00220676
Bm415c.1	WBGene00220676
Bm415d.1	WBGene00220676
Bm13073.1	WBGene00233334
Bm2800a.1	WBGene00223061
Bm2800b.1	WBGene00223061
Bm5934.1	WBGene00226195
Bm2848.1	WBGene00223109
Bm2535a.1	WBGene00222796
Bm2535b.1	WBGene00222796
Bm7068.1	WBGene00227329
Bm4764d.1	WBGene00225025
Bm4764a.1	WBGene00225025
Bm4764b.1	WBGene00225025
Bm4764c.1	WBGene00225025
Bm1272.1	WBGene00221533
Bm2139.1	WBGene00222400
Bm1880.2	WBGene00222141
Bm1880.3	WBGene00222141
Bm1880.1	WBGene00222141
Bm1880.4	WBGene00222141
Bm1880.5	WBGene00222141
Bm14751.1	WBGene00234936
Bm3228a.1	WBGene00223489
Bm3228b.1	WBGene00223489
Bm2140.1	WBGene00222401
Bm5374.1	WBGene00225635
Bm4305a.1	WBGene00224566
Bm4305b.1	WBGene00224566
Bm9631.1	WBGene00229892
Bm5668a.1	WBGene00225929
Bm5668b.1	WBGene00225929
Bm13074.1	WBGene00233335
Bm6389.1	WBGene00226650
Bm4372a.1	WBGene00224633
Bm4372d.1	WBGene00224633
Bm4372c.1	WBGene00224633
Bm4372b.1	WBGene00224633
Bm4372e.1	WBGene00224633
Bm13713.1	WBGene00233974
Bm3925b.1	WBGene00224186
Bm3925a.1	WBGene00224186
Bm417b.1	WBGene00220678
Bm417a.1	WBGene00220678
Bm4945.1	WBGene00225206
Bm3532a.1	WBGene00223793
Bm3532b.1	WBGene00223793
Bm3532e.1	WBGene00223793
Bm3532c.1	WBGene00223793
Bm3532d.1	WBGene00223793
Bm3533.1	WBGene00223794
Bm7167.1	WBGene00227428
Bm418a.1	WBGene00220679
Bm418c.1	WBGene00220679
Bm418b.1	WBGene00220679
Bm18215.1	WBGene00269364
Bm4232.1	WBGene00224493
Bm13075.1	WBGene00233336
Bm7222a.1	WBGene00227483
Bm7222b.1	WBGene00227483
Bm9635b.1	WBGene00229896
Bm9635a.1	WBGene00229896
Bm4542b.1	WBGene00224803
Bm4542a.1	WBGene00224803
Bm5113a.1	WBGene00225374
Bm5113d.1	WBGene00225374
Bm5113b.1	WBGene00225374
Bm5113c.1	WBGene00225374
Bm4854a.1	WBGene00225115
Bm4854b.1	WBGene00225115
Bm1670b.1	WBGene00221931
Bm1670a.1	WBGene00221931
Bm14749.1	WBGene00234934
Bm7005.1	WBGene00227266
Bm2295.1	WBGene00222556
Bm3466.1	WBGene00223727
Bm3955d.1	WBGene00224216
Bm3955b.1	WBGene00224216
Bm3955c.1	WBGene00224216
Bm3955a.1	WBGene00224216
Bm9636.1	WBGene00229897
Bm6903a.1	WBGene00227164
Bm6903b.1	WBGene00227164
Bm9637.1	WBGene00229898
Bm5519a.1	WBGene00225780
Bm5519a.2	WBGene00225780
Bm5519b.1	WBGene00225780
Bm9638.1	WBGene00229899
Bm7224.1	WBGene00227485
Bm2728.1	WBGene00222989
Bm9639b.1	WBGene00229900
Bm9639a.1	WBGene00229900
Bm420.1	WBGene00220681
Bm5624.1	WBGene00225885
Bm6254a.1	WBGene00226515
Bm6254b.1	WBGene00226515
Bm9641c.1	WBGene00229902
Bm9641a.1	WBGene00229902
Bm9641b.1	WBGene00229902
Bm5543.1	WBGene00225804
Bm5213a.1	WBGene00225474
Bm5213a.2	WBGene00225474
Bm5213b.1	WBGene00225474
Bm7276.1	WBGene00227537
Bm9642.1	WBGene00229903
Bm9643.1	WBGene00229904
Bm7403b.1	WBGene00227664
Bm7403a.1	WBGene00227664
Bm421.1	WBGene00220682
Bm3197.1	WBGene00223458
Bm5802a.1	WBGene00226063
Bm5802b.1	WBGene00226063
Bm9644a.1	WBGene00229905
Bm9644b.1	WBGene00229905
Bm7007.1	WBGene00227268
Bm6111.1	WBGene00226372
Bm6112b.1	WBGene00226373
Bm6112a.1	WBGene00226373
Bm7118a.1	WBGene00227379
Bm7118b.2	WBGene00227379
Bm7118a.3	WBGene00227379
Bm7118b.1	WBGene00227379
Bm7118a.2	WBGene00227379
Bm4761b.1	WBGene00225022
Bm4761a.1	WBGene00225022
Bm4354.1	WBGene00224615
Bm4354.2	WBGene00224615
Bm3037a.1	WBGene00223298
Bm3037b.1	WBGene00223298
Bm1795a.2	WBGene00222056
Bm1795a.1	WBGene00222056
Bm1795b.1	WBGene00222056
Bm4659c.1	WBGene00224920
Bm4659a.1	WBGene00224920
Bm4659d.1	WBGene00224920
Bm4659b.1	WBGene00224920
Bm6187.1	WBGene00226448
Bm6183.1	WBGene00226444
Bm6184a.1	WBGene00226445
Bm6184b.1	WBGene00226445
Bm6185.1	WBGene00226446
Bm2537c.1	WBGene00222798
Bm2537c.2	WBGene00222798
Bm2537c.3	WBGene00222798
Bm2537a.1	WBGene00222798
Bm2537b.1	WBGene00222798
Bm9645.1	WBGene00229906
Bm9646.1	WBGene00229907
Bm17936	WBGene00269078
Bm422.1	WBGene00220683
Bm13079.1	WBGene00233340
Bm6432.1	WBGene00226693
Bm6995a.1	WBGene00227256
Bm6995b.1	WBGene00227256
Bm6433b.1	WBGene00226694
Bm6433a.1	WBGene00226694
Bm9649.1	WBGene00229910
Bm2493.1	WBGene00222754
Bm7435a.1	WBGene00227696
Bm7435b.1	WBGene00227696
Bm6616c.1	WBGene00226877
Bm6616a.1	WBGene00226877
Bm2427.1	WBGene00222688
Bm13825a.1	WBGene00234086
Bm13825b.1	WBGene00234086
Bm17937.1	WBGene00269079
Bm4441a.1	WBGene00224702
Bm4441a.2	WBGene00224702
Bm4441b.1	WBGene00224702
Bm4758c.1	WBGene00225019
Bm4758a.1	WBGene00225019
Bm4758b.1	WBGene00225019
Bm2152.1	WBGene00222413
Bm1279.1	WBGene00221540
Bm6075b.1	WBGene00226336
Bm6075a.1	WBGene00226336
Bm2162a.1	WBGene00222423
Bm2162b.1	WBGene00222423
Bm3449b.1	WBGene00223710
Bm3449a.1	WBGene00223710
Bm7550.1	WBGene00227811
Bm13943.1	WBGene00234204
Bm3397.1	WBGene00223658
Bm2015a.1	WBGene00222276
Bm2015b.1	WBGene00222276
Bm16898.1	WBGene00249818
Bm9652.1	WBGene00229913
Bm13954c.1	WBGene00234215
Bm13954a.1	WBGene00234215
Bm13954b.1	WBGene00234215
Bm9653a	WBGene00229914
Bm9653b	WBGene00229914
Bm2185.1	WBGene00222446
Bm7396a.1	WBGene00227657
Bm7396b.1	WBGene00227657
Bm13981a.1	WBGene00234242
Bm7395.1	WBGene00227656
Bm13981c.1	WBGene00234242
Bm13981d.1	WBGene00234242
Bm13981b.1	WBGene00234242
Bm4396a.1	WBGene00224657
Bm4396e.1	WBGene00224657
Bm4396d.1	WBGene00224657
Bm4396c.1	WBGene00224657
Bm4396b.1	WBGene00224657
Bm9654b.1	WBGene00229915
Bm9654a.1	WBGene00229915
Bm9655.1	WBGene00229916
Bm3460.1	WBGene00223721
Bm2017.1	WBGene00222278
Bm7580a.1	WBGene00227841
Bm7580c.1	WBGene00227841
Bm7580b.1	WBGene00227841
Bm424.1	WBGene00220685
Bm9656.1	WBGene00229917
Bm6022a.1	WBGene00226283
Bm6022b.1	WBGene00226283
Bm6022c.1	WBGene00226283
Bm4669.1	WBGene00224930
Bm2016a.2	WBGene00222277
Bm2016a.1	WBGene00222277
Bm2016a.3	WBGene00222277
Bm2016b.1	WBGene00222277
Bm9657.1	WBGene00229918
Bm3180b.1	WBGene00223441
Bm3180a.1	WBGene00223441
Bm9658.1	WBGene00229919
Bm5927.1	WBGene00226188
Bm17938.1	WBGene00269080
Bm3369a.1	WBGene00223630
Bm3369b.1	WBGene00223630
Bm3184.1	WBGene00223445
Bm5279.1	WBGene00225540
Bm3924b.1	WBGene00224185
Bm3924d.1	WBGene00224185
Bm3924a.1	WBGene00224185
Bm3924c.1	WBGene00224185
Bm13772.2	WBGene00234033
Bm13772.1	WBGene00234033
Bm3508.1	WBGene00223769
Bm5311.1	WBGene00225572
Bm5311.2	WBGene00225572
Bm5311.3	WBGene00225572
Bm4906.1	WBGene00225167
Bm4907a.1	WBGene00225168
Bm4907b.1	WBGene00225168
Bm4907a.2	WBGene00225168
Bm427.1	WBGene00220688
Bm427.2	WBGene00220688
Bm5093b.1	WBGene00225354
Bm5093a.1	WBGene00225354
Bm4614c.1	WBGene00224875
Bm4614a.1	WBGene00224875
Bm4614b.1	WBGene00224875
Bm1282.1	WBGene00221543
Bm7201.1	WBGene00227462
Bm7198.1	WBGene00227459
Bm3213a.1	WBGene00223474
Bm3213b.1	WBGene00223474
Bm14016.1	WBGene00234277
Bm2576a.1	WBGene00222837
Bm2576b.1	WBGene00222837
Bm5838a.1	WBGene00226099
Bm5838b.1	WBGene00226099
Bm9232.1	WBGene00229493
Bm5418a.1	WBGene00225679
Bm5418b.1	WBGene00225679
Bm4168.1	WBGene00224429
Bm6402.1	WBGene00226663
Bm15493.1	WBGene00235360
Bm5725.1	WBGene00225986
Bm7104.1	WBGene00227365
Bm7226.1	WBGene00227487
Bm13445.1	WBGene00233706
Bm7620.1	WBGene00227881
Bm4918.1	WBGene00225179
Bm4918.2	WBGene00225179
Bm9662.1	WBGene00229923
Bm6912.1	WBGene00227173
Bm13257.1	WBGene00233518
Bm2086.1	WBGene00222347
Bm5800a.1	WBGene00226061
Bm5800b.1	WBGene00226061
Bm6917.1	WBGene00227178
Bm9663b.1	WBGene00229924
Bm9663a.1	WBGene00229924
Bm2961a.1	WBGene00223222
Bm2961b.1	WBGene00223222
Bm2961c.1	WBGene00223222
Bm9664a.1	WBGene00229925
Bm9664b.1	WBGene00229925
Bm1284.1	WBGene00221545
Bm9674.1	WBGene00229935
Bm9673.1	WBGene00229934
Bm9671.1	WBGene00229932
Bm5789b.1	WBGene00226050
Bm5789a.1	WBGene00226050
Bm5789d.1	WBGene00226050
Bm5789c.1	WBGene00226050
Bm5789f.1	WBGene00226050
Bm5789e.1	WBGene00226050
Bm14774.1	WBGene00234959
Bm4955a.1	WBGene00225216
Bm4955b.1	WBGene00225216
Bm9669b.1	WBGene00229930
Bm9669a.1	WBGene00229930
Bm7655b.1	WBGene00227916
Bm7655a.1	WBGene00227916
Bm7655b.2	WBGene00227916
Bm7655a.2	WBGene00227916
Bm3757.1	WBGene00224018
Bm5957a.1	WBGene00226218
Bm5957b.1	WBGene00226218
Bm9668.1	WBGene00229929
Bm13082a.1	WBGene00233343
Bm13082b.1	WBGene00233343
Bm7409.1	WBGene00227670
Bm7410a.1	WBGene00227671
Bm7410b.1	WBGene00227671
Bm6001.1	WBGene00226262
Bm4198a.1	WBGene00224459
Bm4198b.1	WBGene00224459
Bm9665a.1	WBGene00229926
Bm9665b.1	WBGene00229926
Bm5787.1	WBGene00226048
Bm7280.1	WBGene00227541
Bm17940.1	WBGene00269082
Bm13011.1	WBGene00233272
Bm13010.1	WBGene00233271
Bm13330.1	WBGene00233591
Bm1067.1	WBGene00221328
Bm7091.1	WBGene00227352
Bm3215.1	WBGene00223476
Bm3215.2	WBGene00223476
Bm5643.1	WBGene00225904
Bm5168a.1	WBGene00225429
Bm5168b.1	WBGene00225429
Bm4825a.1	WBGene00225086
Bm4825b.1	WBGene00225086
Bm4136a.1	WBGene00224397
Bm4136c.1	WBGene00224397
Bm4136d.1	WBGene00224397
Bm4136b.1	WBGene00224397
Bm4136c.2	WBGene00224397
Bm4136c.3	WBGene00224397
Bm7746a.1	WBGene00228007
Bm7746a.2	WBGene00228007
Bm7746b.1	WBGene00228007
Bm7746c.1	WBGene00228007
Bm7746d.1	WBGene00228007
Bm7746e.1	WBGene00228007
Bm7745b.2	WBGene00228006
Bm7745a.1	WBGene00228006
Bm7745b.1	WBGene00228006
Bm5314a.1	WBGene00225575
Bm5314d.1	WBGene00225575
Bm5314b.1	WBGene00225575
Bm5314c.1	WBGene00225575
Bm5314e.1	WBGene00225575
Bm7744.1	WBGene00228005
Bm7743.1	WBGene00228004
Bm7742.1	WBGene00228003
Bm14705c.1	WBGene00235040
Bm14705a.1	WBGene00235040
Bm14705b.1	WBGene00235040
Bm7372b.1	WBGene00227633
Bm7372c.1	WBGene00227633
Bm7372a.1	WBGene00227633
Bm4756.1	WBGene00225017
Bm3167b.1	WBGene00223428
Bm3167a.2	WBGene00223428
Bm3167a.1	WBGene00223428
Bm13669.1	WBGene00233930
Bm2389b.1	WBGene00222650
Bm2389a.1	WBGene00222650
Bm2389c.1	WBGene00222650
Bm7739a.1	WBGene00228000
Bm7739b.1	WBGene00228000
Bm7739a.2	WBGene00228000
Bm18562.1	WBGene00303174
Bm18191.1	WBGene00269334
Bm18108.1	WBGene00269248
Bm1770m.1	WBGene00222031
Bm1770k.1	WBGene00222031
Bm1770j.1	WBGene00222031
Bm1770c.1	WBGene00222031
Bm1770d.1	WBGene00222031
Bm1770p.1	WBGene00222031
Bm1770q.1	WBGene00222031
Bm1770r.1	WBGene00222031
Bm1770a.1	WBGene00222031
Bm1770b.1	WBGene00222031
Bm1770e.1	WBGene00222031
Bm1770f.1	WBGene00222031
Bm1770n.1	WBGene00222031
Bm1770o.1	WBGene00222031
Bm7734a.1	WBGene00227995
Bm7734a.2	WBGene00227995
Bm7734a.3	WBGene00227995
Bm7734b.1	WBGene00227995
Bm7098a.1	WBGene00227359
Bm7098b.1	WBGene00227359
Bm7098c.1	WBGene00227359
Bm7733b.1	WBGene00227994
Bm7733a.1	WBGene00227994
Bm7733b.2	WBGene00227994
Bm7731.1	WBGene00227992
Bm6562a.1	WBGene00226823
Bm6562b.1	WBGene00226823
Bm6562c.1	WBGene00226823
Bm14041.1	WBGene00234302
Bm6580.1	WBGene00226841
Bm6580.2	WBGene00226841
Bm13328.1	WBGene00233589
Bm7090.1	WBGene00227351
Bm7073.1	WBGene00227334
Bm8a.1	WBGene00220269
Bm8b.1	WBGene00220269
Bm5608a.1	WBGene00225869
Bm5608b.1	WBGene00225869
Bm4739a.1	WBGene00225000
Bm4739b.1	WBGene00225000
Bm4739c.1	WBGene00225000
Bm6173.1	WBGene00226434
Bm5980.1	WBGene00226241
Bm7730.1	WBGene00227991
Bm3300.1	WBGene00223561
Bm18607.1	WBGene00304919
Bm2726a.1	WBGene00222987
Bm2726b.1	WBGene00222987
Bm14090.1	WBGene00234351
Bm4464.1	WBGene00224725
Bm6293.1	WBGene00226554
Bm5007b.1	WBGene00225268
Bm5007a.1	WBGene00225268
Bm5007c.1	WBGene00225268
Bm5007d.1	WBGene00225268
Bm5007e.1	WBGene00225268
Bm5007f.1	WBGene00225268
Bm14753a.1	WBGene00234938
Bm14753b.1	WBGene00234938
Bm2210.1	WBGene00222471
Bm2429b.1	WBGene00222690
Bm2429a.1	WBGene00222690
Bm2429a.2	WBGene00222690
Bm2429a.3	WBGene00222690
Bm2429a.4	WBGene00222690
Bm7729.1	WBGene00227990
Bm2446.1	WBGene00222707
Bm2446.3	WBGene00222707
Bm2446.4	WBGene00222707
Bm2446.2	WBGene00222707
Bm7728.1	WBGene00227989
Bm4148a.1	WBGene00224409
Bm4148b.1	WBGene00224409
Bm4151a.1	WBGene00224412
Bm4151c.1	WBGene00224412
Bm4151b.1	WBGene00224412
Bm1878.1	WBGene00222139
Bm7727.1	WBGene00227988
Bm2002a.1	WBGene00222263
Bm2002b.1	WBGene00222263
Bm7726.1	WBGene00227987
Bm4237.1	WBGene00224498
Bm2847b.1	WBGene00223108
Bm2847a.1	WBGene00223108
Bm2847c.1	WBGene00223108
Bm4656b.1	WBGene00224917
Bm4656a.1	WBGene00224917
Bm1064.1	WBGene00221325
Bm3950.1	WBGene00224211
Bm17941	WBGene00269083
Bm7107.1	WBGene00227368
Bm6266.1	WBGene00226527
Bm4507d.1	WBGene00224768
Bm4507a.1	WBGene00224768
Bm13850.1	WBGene00234111
Bm9201a.1	WBGene00229462
Bm9201b.1	WBGene00229462
Bm329a.1	WBGene00220590
Bm329b.1	WBGene00220590
Bm6866a.2	WBGene00227127
Bm6866a.1	WBGene00227127
Bm6866a.3	WBGene00227127
Bm6866b.1	WBGene00227127
Bm6420.1	WBGene00226681
Bm9200a.1	WBGene00229461
Bm9200b.1	WBGene00229461
Bm12590a.1	WBGene00232851
Bm12590b.1	WBGene00232851
Bm9197.1	WBGene00229458
Bm9196.1	WBGene00229457
Bm9195.1	WBGene00229456
Bm3788.1	WBGene00224049
Bm4803a.1	WBGene00225064
Bm4803b.1	WBGene00225064
Bm1128.1	WBGene00221389
Bm5053.1	WBGene00225314
Bm8520.2	WBGene00228781
Bm8520.1	WBGene00228781
Bm17942.1	WBGene00269084
Bm3380a.1	WBGene00223641
Bm3380c.1	WBGene00223641
Bm3380b.1	WBGene00223641
Bm6036.1	WBGene00226297
Bm328.2	WBGene00220589
Bm328.1	WBGene00220589
Bm9194.1	WBGene00229455
Bm9193.1	WBGene00229454
Bm18155.1	WBGene00269295
Bm6037.1	WBGene00226298
Bm9192.1	WBGene00229453
Bm5542a.1	WBGene00225803
Bm5542b.1	WBGene00225803
Bm327a.1	WBGene00220588
Bm327b.1	WBGene00220588
Bm5388a.1	WBGene00225649
Bm5388a.2	WBGene00225649
Bm5388b.1	WBGene00225649
Bm5388b.2	WBGene00225649
Bm5388b.3	WBGene00225649
Bm6454.1	WBGene00226715
Bm3736.1	WBGene00223997
Bm3735b.1	WBGene00223996
Bm3735a.1	WBGene00223996
Bm13049.1	WBGene00233310
Bm17943.1	WBGene00269085
Bm9191.1	WBGene00229452
Bm13048.1	WBGene00233309
Bm2346a.1	WBGene00222607
Bm2346b.1	WBGene00222607
Bm5950a.1	WBGene00226211
Bm5950d.1	WBGene00226211
Bm5950b.1	WBGene00226211
Bm5950c.1	WBGene00226211
Bm13251.1	WBGene00233512
Bm9184.1	WBGene00229445
Bm1868.1	WBGene00222129
Bm1868.2	WBGene00222129
Bm14761a.1	WBGene00234946
Bm14761b.1	WBGene00234946
Bm3065.1	WBGene00223326
Bm7155a.1	WBGene00227416
Bm7155b.1	WBGene00227416
Bm2149.1	WBGene00222410
Bm5850a.1	WBGene00226111
Bm5850b.1	WBGene00226111
Bm13657a.1	WBGene00233918
Bm13657a.2	WBGene00233918
Bm13657b.1	WBGene00233918
Bm4078.1	WBGene00224339
Bm6372.1	WBGene00226633
Bm9183b.1	WBGene00229444
Bm9183a.1	WBGene00229444
Bm6419a.1	WBGene00226680
Bm6419b.1	WBGene00226680
Bm1870a.1	WBGene00222131
Bm1870b.1	WBGene00222131
Bm7552.1	WBGene00227813
Bm7555.1	WBGene00227816
Bm7554.1	WBGene00227815
Bm4547.1	WBGene00224808
Bm7148.1	WBGene00227409
Bm17946.1	WBGene00269088
Bm6519.1	WBGene00226780
Bm13904.1	WBGene00234165
Bm13743.1	WBGene00234004
Bm9182.1	WBGene00229443
Bm2915.1	WBGene00223176
Bm6992.1	WBGene00227253
Bm4909.1	WBGene00225170
Bm3916.1	WBGene00224177
Bm1681a.1	WBGene00221942
Bm1681a.2	WBGene00221942
Bm1681b.1	WBGene00221942
Bm9181.1	WBGene00229442
Bm3709a.1	WBGene00223970
Bm3709b.1	WBGene00223970
Bm17947.1	WBGene00269089
Bm324a.1	WBGene00220585
Bm324b.1	WBGene00220585
Bm3040c.1	WBGene00223301
Bm3040a.1	WBGene00223301
Bm3040b.1	WBGene00223301
Bm3040d.1	WBGene00223301
Bm5342.1	WBGene00225603
Bm4624a.1	WBGene00224885
Bm4624b.1	WBGene00224885
Bm13400.1	WBGene00233661
Bm323b.1	WBGene00220584
Bm323a.1	WBGene00220584
Bm5623.1	WBGene00225884
Bm9180.1	WBGene00229441
Bm4106.1	WBGene00224367
Bm6403.1	WBGene00226664
Bm321c.1	WBGene00220582
Bm13864.1	WBGene00234125
Bm321b.1	WBGene00220582
Bm321a.1	WBGene00220582
Bm9179b.1	WBGene00229440
Bm9179a.1	WBGene00229440
Bm5308c.1	WBGene00225569
Bm5308b.1	WBGene00225569
Bm5308a.1	WBGene00225569
Bm5308d.1	WBGene00225569
Bm5630a.1	WBGene00225891
Bm5630b.1	WBGene00225891
Bm7142.1	WBGene00227403
Bm6571a.1	WBGene00226832
Bm6571b.1	WBGene00226832
Bm9176.1	WBGene00229437
Bm2339b.1	WBGene00222600
Bm2339a.1	WBGene00222600
Bm6569.1	WBGene00226830
Bm14053.1	WBGene00234314
Bm9175b.1	WBGene00229436
Bm9175a.1	WBGene00229436
Bm1215.1	WBGene00221476
Bm17949.1	WBGene00269091
Bm9174.1	WBGene00229435
Bm7121.1	WBGene00227382
Bm7122.1	WBGene00227383
Bm6867.1	WBGene00227128
Bm3594b.1	WBGene00223855
Bm3594a.1	WBGene00223855
Bm9173a.1	WBGene00229434
Bm9173b.1	WBGene00229434
Bm3555.1	WBGene00223816
Bm1925.1	WBGene00222186
Bm9171b.1	WBGene00229432
Bm9171b.2	WBGene00229432
Bm9171a.1	WBGene00229432
Bm3142a.1	WBGene00223403
Bm3142b.1	WBGene00223403
Bm5109.1	WBGene00225370
Bm319.1	WBGene00220580
Bm318.1	WBGene00220579
Bm7163.1	WBGene00227424
Bm7199.1	WBGene00227460
Bm7200b.1	WBGene00227461
Bm7200a.1	WBGene00227461
Bm7200a.2	WBGene00227461
Bm7200b.2	WBGene00227461
Bm9170.1	WBGene00229431
Bm3458a.1	WBGene00223719
Bm3458b.1	WBGene00223719
Bm3458c.1	WBGene00223719
Bm1711a.1	WBGene00221972
Bm1711b.1	WBGene00221972
Bm18216.1	WBGene00269365
Bm9169.1	WBGene00229430
Bm9168.1	WBGene00229429
Bm315.1	WBGene00220576
Bm6729b.1	WBGene00226990
Bm6729d.1	WBGene00226990
Bm6729c.1	WBGene00226990
Bm6729a.1	WBGene00226990
Bm13688.1	WBGene00233949
Bm14713.1	WBGene00235048
Bm5795.1	WBGene00226056
Bm3841.1	WBGene00224102
Bm3394.1	WBGene00223655
Bm6632a.1	WBGene00226893
Bm6632e.1	WBGene00226893
Bm6632b.1	WBGene00226893
Bm6632c.1	WBGene00226893
Bm6632d.1	WBGene00226893
Bm2025b.1	WBGene00222286
Bm2025a.1	WBGene00222286
Bm2025d.1	WBGene00222286
Bm2025d.2	WBGene00222286
Bm2025c.1	WBGene00222286
Bm7119.1	WBGene00227380
Bm5234b.1	WBGene00225495
Bm5234a.1	WBGene00225495
Bm5234c.1	WBGene00225495
Bm5234d.1	WBGene00225495
Bm5230b.1	WBGene00225491
Bm5230a.1	WBGene00225491
Bm7051.1	WBGene00227312
Bm13961b.1	WBGene00234222
Bm13961a.1	WBGene00234222
Bm13961c.1	WBGene00234222
Bm5251.1	WBGene00225512
Bm6959.1	WBGene00227220
Bm7532.1	WBGene00227793
Bm1879.1	WBGene00222140
Bm4217a.1	WBGene00224478
Bm4217b.1	WBGene00224478
Bm4252.1	WBGene00224513
Bm18118.1	WBGene00269258
Bm312a.1	WBGene00220573
Bm312b.1	WBGene00220573
Bm18581.1	WBGene00304227
Bm4218.1	WBGene00224479
Bm2907a.1	WBGene00223168
Bm2907b.1	WBGene00223168
Bm2907c.1	WBGene00223168
Bm5062b.1	WBGene00225323
Bm5062a.1	WBGene00225323
Bm1834.1	WBGene00222095
Bm17955.1	WBGene00269097
Bm956.1	WBGene00221217
Bm5770.1	WBGene00226031
Bm5266a.1	WBGene00225527
Bm5266b.1	WBGene00225527
Bm2376a.1	WBGene00222637
Bm2376b.1	WBGene00222637
Bm5782.1	WBGene00226043
Bm12416a.1	WBGene00232677
Bm12416b.1	WBGene00232677
Bm13761.1	WBGene00234022
Bm5771.1	WBGene00226032
Bm6373a.1	WBGene00226634
Bm6373b.1	WBGene00226634
Bm5517a.1	WBGene00225778
Bm5517b.1	WBGene00225778
Bm4900.1	WBGene00225161
Bm6515.1	WBGene00226776
Bm6110.1	WBGene00226371
Bm1712a.1	WBGene00221973
Bm1712b.1	WBGene00221973
Bm5205.1	WBGene00225466
Bm6823.1	WBGene00227084
Bm9167.1	WBGene00229428
Bm6822.1	WBGene00227083
Bm7197.1	WBGene00227458
Bm7152.1	WBGene00227413
Bm14452.1	WBGene00234713
Bm18138.1	WBGene00269278
Bm18138.2	WBGene00269278
Bm4105a.1	WBGene00224366
Bm4105b.1	WBGene00224366
Bm9166.1	WBGene00229427
Bm4235.1	WBGene00224496
Bm9164a.1	WBGene00229425
Bm9164b.1	WBGene00229425
Bm9163a.1	WBGene00229424
Bm9163b.1	WBGene00229424
Bm2447b.1	WBGene00222708
Bm2447a.1	WBGene00222708
Bm3904a.1	WBGene00224165
Bm3904b.1	WBGene00224165
Bm5233.1	WBGene00225494
Bm2315b.1	WBGene00222576
Bm2315c.1	WBGene00222576
Bm2315a.1	WBGene00222576
Bm2749.1	WBGene00223010
Bm5232.1	WBGene00225493
Bm2281.1	WBGene00222542
Bm1952.1	WBGene00222213
Bm13982a.1	WBGene00234243
Bm13982b.1	WBGene00234243
Bm2959a.1	WBGene00223220
Bm2959d.1	WBGene00223220
Bm2959e.1	WBGene00223220
Bm2959b.1	WBGene00223220
Bm2959c.1	WBGene00223220
Bm2960.1	WBGene00223221
Bm6993.1	WBGene00227254
Bm6994.1	WBGene00227255
Bm6518b.1	WBGene00226779
Bm6518a.1	WBGene00226779
Bm18217.1	WBGene00269366
Bm6991a.1	WBGene00227252
Bm6991b.1	WBGene00227252
Bm3165a.1	WBGene00223426
Bm3165b.1	WBGene00223426
Bm5585c.1	WBGene00225846
Bm5585d.1	WBGene00225846
Bm5585b.1	WBGene00225846
Bm5585a.1	WBGene00225846
Bm4925b.1	WBGene00225186
Bm4925a.1	WBGene00225186
Bm4926.1	WBGene00225187
Bm5092.1	WBGene00225353
Bm5751.1	WBGene00226012
Bm6857a.1	WBGene00227118
Bm6857b.1	WBGene00227118
Bm4459.1	WBGene00224720
Bm7004c.1	WBGene00227265
Bm7004b.1	WBGene00227265
Bm7004a.1	WBGene00227265
Bm6309a.1	WBGene00226570
Bm6309b.1	WBGene00226570
Bm6421b.1	WBGene00226682
Bm6421a.1	WBGene00226682
Bm6421b.2	WBGene00226682
Bm4856a.1	WBGene00225117
Bm4856b.1	WBGene00225117
Bm4856c.1	WBGene00225117
Bm3835.1	WBGene00224096
Bm1731.1	WBGene00221992
Bm2492.1	WBGene00222753
Bm2492.2	WBGene00222753
Bm3459f.1	WBGene00223720
Bm3459d.1	WBGene00223720
Bm3459c.1	WBGene00223720
Bm3459a.1	WBGene00223720
Bm3459b.1	WBGene00223720
Bm3459e.1	WBGene00223720
Bm13728.1	WBGene00233989
Bm13723.1	WBGene00233984
Bm9160a.1	WBGene00229421
Bm9160b.1	WBGene00229421
Bm1214.1	WBGene00221475
Bm3612.1	WBGene00223873
Bm7501.1	WBGene00227762
Bm7500.1	WBGene00227761
Bm3230b.1	WBGene00223491
Bm3230a.1	WBGene00223491
Bm307a.1	WBGene00220568
Bm307b.1	WBGene00220568
Bm9159.1	WBGene00229420
Bm7498.1	WBGene00227759
Bm13913a.1	WBGene00234174
Bm13913c.1	WBGene00234174
Bm7021a.1	WBGene00227282
Bm7021b.1	WBGene00227282
Bm14380.1	WBGene00234641
Bm4008.1	WBGene00224269
Bm4009.1	WBGene00224270
Bm3903.1	WBGene00224164
Bm6126.1	WBGene00226387
Bm5877.1	WBGene00226138
Bm7382.1	WBGene00227643
Bm7382.2	WBGene00227643
Bm7381.1	WBGene00227642
Bm13794.1	WBGene00234055
Bm8735.1	WBGene00228996
Bm17957.1	WBGene00269099
Bm6800a.1	WBGene00227061
Bm6800c.1	WBGene00227061
Bm6800b.1	WBGene00227061
Bm5034.1	WBGene00225295
Bm2788.1	WBGene00223049
Bm6719a.1	WBGene00226980
Bm6719f.1	WBGene00226980
Bm3756b.1	WBGene00224017
Bm3756a.1	WBGene00224017
Bm4745a.1	WBGene00225006
Bm4745b.1	WBGene00225006
Bm7557a.1	WBGene00227818
Bm7557b.1	WBGene00227818
Bm4793.1	WBGene00225054
Bm17958b.1	WBGene00269100
Bm17958a.1	WBGene00269100
Bm2789b.1	WBGene00223050
Bm2789a.1	WBGene00223050
Bm8049.2	WBGene00228310
Bm8049.1	WBGene00228310
Bm2438a.1	WBGene00222699
Bm2438b.1	WBGene00222699
Bm2438c.1	WBGene00222699
Bm2438d.1	WBGene00222699
Bm2148a.1	WBGene00222409
Bm2148b.1	WBGene00222409
Bm6026.1	WBGene00226287
Bm6026.2	WBGene00226287
Bm7531a.1	WBGene00227792
Bm7531b.1	WBGene00227792
Bm1968.1	WBGene00222229
Bm164.1	WBGene00220425
Bm8490a.1	WBGene00228751
Bm8490b.1	WBGene00228751
Bm6873a.1	WBGene00227134
Bm6873c.1	WBGene00227134
Bm6873b.1	WBGene00227134
Bm12422d.1	WBGene00232683
Bm12422c.1	WBGene00232683
Bm12422a.1	WBGene00232683
Bm12422b.1	WBGene00232683
Bm3294a.1	WBGene00223555
Bm3294b.1	WBGene00223555
Bm3294c.1	WBGene00223555
Bm3294d.1	WBGene00223555
Bm14069.1	WBGene00234330
Bm3488.1	WBGene00223749
Bm5256b.1	WBGene00225517
Bm5256e.1	WBGene00225517
Bm5256d.1	WBGene00225517
Bm5256f.4	WBGene00225517
Bm5256a.1	WBGene00225517
Bm5256f.3	WBGene00225517
Bm5256b.2	WBGene00225517
Bm5256f.1	WBGene00225517
Bm5256c.1	WBGene00225517
Bm5256f.2	WBGene00225517
Bm11601.1	WBGene00231862
Bm7404.1	WBGene00227665
Bm7539.1	WBGene00227800
Bm9345.1	WBGene00229606
Bm9346.1	WBGene00229607
Bm9350.1	WBGene00229611
Bm363.1	WBGene00220624
Bm1848.1	WBGene00222109
Bm1849.1	WBGene00222110
Bm9348.1	WBGene00229609
Bm17960.1	WBGene00269102
Bm4757.1	WBGene00225018
Bm14792.1	WBGene00234977
Bm7006.1	WBGene00227267
Bm7333a.1	WBGene00227594
Bm7333b.1	WBGene00227594
Bm7333c.1	WBGene00227594
Bm7333d.1	WBGene00227594
Bm9351.1	WBGene00229612
Bm17961a.1	WBGene00269103
Bm17961b.1	WBGene00269103
Bm3187.1	WBGene00223448
Bm4458a.2	WBGene00224719
Bm4458a.1	WBGene00224719
Bm13700a.1	WBGene00233961
Bm13700b.1	WBGene00233961
Bm4458b.1	WBGene00224719
Bm4010.1	WBGene00224271
Bm233b.1	WBGene00220494
Bm233c.1	WBGene00220494
Bm233a.1	WBGene00220494
Bm233d.1	WBGene00220494
Bm3917a.1	WBGene00224178
Bm3917b.1	WBGene00224178
Bm8657.1	WBGene00228918
Bm3918.1	WBGene00224179
Bm2799c.1	WBGene00223060
Bm2799a.1	WBGene00223060
Bm2799b.1	WBGene00223060
Bm2799d.1	WBGene00223060
Bm2798a.1	WBGene00223059
Bm2798b.1	WBGene00223059
Bm2696a.1	WBGene00222957
Bm2696b.1	WBGene00222957
Bm2155.1	WBGene00222416
Bm2155.2	WBGene00222416
Bm1155a.1	WBGene00221416
Bm1155b.1	WBGene00221416
Bm8721.1	WBGene00228982
Bm8720.1	WBGene00228981
Bm17962.1	WBGene00269104
Bm7770.1	WBGene00228031
Bm14121.1	WBGene00234382
Bm7770.2	WBGene00228031
Bm8222b.1	WBGene00228483
Bm8222a.1	WBGene00228483
Bm11685.1	WBGene00231946
Bm6442.1	WBGene00226703
Bm177.1	WBGene00220438
Bm178.1	WBGene00220439
Bm7308.1	WBGene00227569
Bm1130.1	WBGene00221391
Bm8533a.1	WBGene00228794
Bm8533b.1	WBGene00228794
Bm4948.1	WBGene00225209
Bm8534.1	WBGene00228795
Bm5066.1	WBGene00225327
Bm13972a.1	WBGene00234233
Bm13972b.1	WBGene00234233
Bm2338b.1	WBGene00222599
Bm2338c.1	WBGene00222599
Bm2338a.1	WBGene00222599
Bm4030.1	WBGene00224291
Bm4029b.1	WBGene00224290
Bm4029c.1	WBGene00224290
Bm7560.1	WBGene00227821
Bm7559.1	WBGene00227820
Bm3120a.1	WBGene00223381
Bm3120c.1	WBGene00223381
Bm3120b.1	WBGene00223381
Bm7944.1	WBGene00228205
Bm6131.1	WBGene00226392
Bm2709a.1	WBGene00222970
Bm2709b.1	WBGene00222970
Bm7321.1	WBGene00227582
Bm2616a.1	WBGene00222877
Bm2616b.1	WBGene00222877
Bm17963.1	WBGene00269105
Bm2787.1	WBGene00223048
Bm7850.1	WBGene00228111
Bm7851.1	WBGene00228112
Bm2466c.1	WBGene00222727
Bm2466d.1	WBGene00222727
Bm2466b.1	WBGene00222727
Bm2466a.1	WBGene00222727
Bm11638.1	WBGene00231899
Bm8097.1	WBGene00228358
Bm6238.1	WBGene00226499
Bm2817a.1	WBGene00223078
Bm2817b.1	WBGene00223078
Bm13340.1	WBGene00233601
Bm11673.1	WBGene00231934
Bm2449.1	WBGene00222710
Bm3299a.1	WBGene00223560
Bm3299b.1	WBGene00223560
Bm1927a.1	WBGene00222188
Bm1927b.1	WBGene00222188
Bm2300a.1	WBGene00222561
Bm2300b.1	WBGene00222561
Bm17965.1	WBGene00269107
Bm4684b.2	WBGene00224945
Bm4684b.1	WBGene00224945
Bm4684a.1	WBGene00224945
Bm4640.1	WBGene00224901
Bm4639.1	WBGene00224900
Bm17966.1	WBGene00269108
Bm17967.1	WBGene00269109
Bm14099.1	WBGene00234360
Bm1672.1	WBGene00221933
Bm7309b.1	WBGene00227570
Bm7309a.1	WBGene00227570
Bm5862.1	WBGene00226123
Bm11663.1	WBGene00231924
Bm5851.1	WBGene00226112
Bm17968.1	WBGene00269110
Bm7097b.1	WBGene00227358
Bm7097a.1	WBGene00227358
Bm80b.1	WBGene00220341
Bm80a.1	WBGene00220341
Bm8600.1	WBGene00228861
Bm8602.1	WBGene00228863
Bm6163a.1	WBGene00226424
Bm6163b.1	WBGene00226424
Bm17969.1	WBGene00269111
Bm7819c.1	WBGene00228080
Bm7819b.1	WBGene00228080
Bm7819d.1	WBGene00228080
Bm7819a.1	WBGene00228080
Bm7819e.1	WBGene00228080
Bm8821.1	WBGene00229082
Bm17970.1	WBGene00269112
Bm242a.1	WBGene00220503
Bm242b.1	WBGene00220503
Bm1867a.1	WBGene00222128
Bm1867b.1	WBGene00222128
Bm5729.1	WBGene00225990
Bm630b.1	WBGene00220891
Bm630a.1	WBGene00220891
Bm1866a.1	WBGene00222127
Bm1866b.1	WBGene00222127
Bm5123.1	WBGene00225384
Bm3789a.1	WBGene00224050
Bm3789b.1	WBGene00224050
Bm17974.1	WBGene00269116
Bm11671.1	WBGene00231932
Bm14096.1	WBGene00234357
Bm7928.1	WBGene00228189
Bm7929.1	WBGene00228190
Bm2257.1	WBGene00222518
Bm2258.1	WBGene00222519
Bm1088.1	WBGene00221349
Bm17975.1	WBGene00269117
Bm17976.1	WBGene00269118
Bm4160.1	WBGene00224421
Bm10489b.1	WBGene00230750
Bm10489a.1	WBGene00230750
Bm10487b.1	WBGene00230748
Bm10487a.1	WBGene00230748
Bm5799.1	WBGene00226060
Bm14667c.1	WBGene00234928
Bm14667a.1	WBGene00234928
Bm14667d.1	WBGene00234928
Bm14667b.1	WBGene00234928
Bm12631.1	WBGene00232892
Bm5646.1	WBGene00225907
Bm5647b.1	WBGene00225908
Bm5647a.1	WBGene00225908
Bm10485a.1	WBGene00230746
Bm10485b.1	WBGene00230746
Bm5939.1	WBGene00226200
Bm10484.1	WBGene00230745
Bm1427b.1	WBGene00221688
Bm1427d.1	WBGene00221688
Bm1427a.1	WBGene00221688
Bm1427c.1	WBGene00221688
Bm6274b.1	WBGene00226535
Bm6274a.1	WBGene00226535
Bm10483.1	WBGene00230744
Bm10482.1	WBGene00230743
Bm13992.1	WBGene00234253
Bm3333b.1	WBGene00223594
Bm3333a.1	WBGene00223594
Bm2572a.1	WBGene00222833
Bm2572b.1	WBGene00222833
Bm3039.1	WBGene00223300
Bm6407.1	WBGene00226668
Bm2116.1	WBGene00222377
Bm1690.1	WBGene00221951
Bm1691a.1	WBGene00221952
Bm1691b.1	WBGene00221952
Bm6907.1	WBGene00227168
Bm6906.1	WBGene00227167
Bm13848.1	WBGene00234109
Bm5737b.1	WBGene00225998
Bm5737a.1	WBGene00225998
Bm6133a.1	WBGene00226394
Bm6133b.1	WBGene00226394
Bm2881.1	WBGene00223142
Bm14732.1	WBGene00235067
Bm6356.1	WBGene00226617
Bm5894a.1	WBGene00226155
Bm5894b.1	WBGene00226155
Bm8012.1	WBGene00228273
Bm2308.1	WBGene00222569
Bm2314.1	WBGene00222575
Bm4737.1	WBGene00224998
Bm4039a.1	WBGene00224300
Bm4039b.1	WBGene00224300
Bm2645a.1	WBGene00222906
Bm2645b.1	WBGene00222906
Bm7408.1	WBGene00227669
Bm4358b.1	WBGene00224619
Bm4358a.1	WBGene00224619
Bm2023.1	WBGene00222284
Bm5659a.1	WBGene00225920
Bm5659b.1	WBGene00225920
Bm7882.1	WBGene00228143
Bm12421.1	WBGene00232682
Bm3035.1	WBGene00223296
Bm7881.1	WBGene00228142
Bm5520a.1	WBGene00225781
Bm5520b.1	WBGene00225781
Bm5520c.1	WBGene00225781
Bm2470.1	WBGene00222731
Bm49.1	WBGene00220310
Bm4585a.1	WBGene00224846
Bm4585b.1	WBGene00224846
Bm3891.1	WBGene00224152
Bm5064.1	WBGene00225325
Bm7225.1	WBGene00227486
Bm7880.1	WBGene00228141
Bm4746.1	WBGene00225007
Bm2929a.1	WBGene00223190
Bm2929b.1	WBGene00223190
Bm2929c.1	WBGene00223190
Bm7217.1	WBGene00227478
Bm8552a.1	WBGene00228813
Bm8552b.1	WBGene00228813
Bm8553a.1	WBGene00228814
Bm8553c.1	WBGene00228814
Bm8553b.1	WBGene00228814
Bm2705a.1	WBGene00222966
Bm2705b.1	WBGene00222966
Bm8554b.1	WBGene00228815
Bm8554a.1	WBGene00228815
Bm8554c.1	WBGene00228815
Bm6312.1	WBGene00226573
Bm5203.1	WBGene00225464
Bm1904.1	WBGene00222165
Bm3941.1	WBGene00224202
Bm4325.1	WBGene00224586
Bm12605b.1	WBGene00232866
Bm12605a.1	WBGene00232866
Bm13975.1	WBGene00234236
Bm3851.1	WBGene00224112
Bm6431a.1	WBGene00226692
Bm6431b.1	WBGene00226692
Bm6431c.1	WBGene00226692
Bm14119.1	WBGene00234380
Bm1917b.1	WBGene00222178
Bm1917a.1	WBGene00222178
Bm1917c.1	WBGene00222178
Bm1134a.1	WBGene00221395
Bm1134b.1	WBGene00221395
Bm5990a.1	WBGene00226251
Bm5990b.1	WBGene00226251
Bm7386.1	WBGene00227647
Bm7387.1	WBGene00227648
Bm13028a.1	WBGene00233289
Bm13028b.1	WBGene00233289
Bm5107a.1	WBGene00225368
Bm5107b.1	WBGene00225368
Bm3334.1	WBGene00223595
Bm7102.1	WBGene00227363
Bm18137.1	WBGene00269277
Bm13915.1	WBGene00234176
Bm7095.1	WBGene00227356
Bm14794.1	WBGene00234979
Bm7101.1	WBGene00227362
Bm5924.1	WBGene00226185
Bm6938.1	WBGene00227199
Bm5925.1	WBGene00226186
Bm2710a.1	WBGene00222971
Bm2710b.1	WBGene00222971
Bm8557a.1	WBGene00228818
Bm8557b.1	WBGene00228818
Bm4587.1	WBGene00224848
Bm4587.2	WBGene00224848
Bm5027a.1	WBGene00225288
Bm5027b.1	WBGene00225288
Bm5522a.1	WBGene00225783
Bm5522b.1	WBGene00225783
Bm8559.1	WBGene00228820
Bm4919.1	WBGene00225180
Bm4613c.1	WBGene00224874
Bm4613b.1	WBGene00224874
Bm4613a.1	WBGene00224874
Bm5391.1	WBGene00225652
Bm8560b.1	WBGene00228821
Bm8560a.1	WBGene00228821
Bm5571.1	WBGene00225832
Bm3981a.1	WBGene00224242
Bm3981b.1	WBGene00224242
Bm2379a.1	WBGene00222640
Bm2379b.1	WBGene00222640
Bm182b.1	WBGene00220443
Bm182a.1	WBGene00220443
Bm4683.1	WBGene00224944
Bm6060a.1	WBGene00226321
Bm6060b.1	WBGene00226321
Bm183.1	WBGene00220444
Bm3939.1	WBGene00224200
Bm3088b.1	WBGene00223349
Bm3088a.1	WBGene00223349
Bm3088c.1	WBGene00223349
Bm3382b.1	WBGene00223643
Bm3382a.1	WBGene00223643
Bm2712c.1	WBGene00222973
Bm2712a.1	WBGene00222973
Bm2712b.1	WBGene00222973
Bm2712d.1	WBGene00222973
Bm4225a.1	WBGene00224486
Bm4225b.1	WBGene00224486
Bm5559.1	WBGene00225820
Bm12511.1	WBGene00232772
Bm8564b.1	WBGene00228825
Bm8564a.3	WBGene00228825
Bm8564a.1	WBGene00228825
Bm8564a.2	WBGene00228825
Bm4670a.1	WBGene00224931
Bm4670b.1	WBGene00224931
Bm8565a.1	WBGene00228826
Bm8565b.1	WBGene00228826
Bm3446a.1	WBGene00223707
Bm3446e.1	WBGene00223707
Bm3446b.1	WBGene00223707
Bm3446c.1	WBGene00223707
Bm3446d.1	WBGene00223707
Bm17977.1	WBGene00269119
Bm6296a.1	WBGene00226557
Bm6296b.1	WBGene00226557
Bm4026.1	WBGene00224287
Bm5193a.1	WBGene00225454
Bm5193b.1	WBGene00225454
Bm18578.1	WBGene00303430
Bm8569b.1	WBGene00228830
Bm8569d.1	WBGene00228830
Bm8569c.1	WBGene00228830
Bm8569e.1	WBGene00228830
Bm17978.1	WBGene00269120
Bm3169d.1	WBGene00223430
Bm3169e.1	WBGene00223430
Bm3169c.1	WBGene00223430
Bm3169b.1	WBGene00223430
Bm3169a.1	WBGene00223430
Bm3169f.1	WBGene00223430
Bm3169g.1	WBGene00223430
Bm6853.1	WBGene00227114
Bm6852a.1	WBGene00227113
Bm6852b.1	WBGene00227113
Bm4698c.1	WBGene00224959
Bm4698f.1	WBGene00224959
Bm4698b.1	WBGene00224959
Bm4698g.1	WBGene00224959
Bm4698a.1	WBGene00224959
Bm4698d.1	WBGene00224959
Bm4698e.1	WBGene00224959
Bm4600a.1	WBGene00224861
Bm4600b.1	WBGene00224861
Bm5667.1	WBGene00225928
Bm2587.1	WBGene00222848
Bm17979.1	WBGene00269121
Bm1900.1	WBGene00222161
Bm5723a.1	WBGene00225984
Bm5723b.1	WBGene00225984
Bm3151b.1	WBGene00223412
Bm3151a.1	WBGene00223412
Bm8573.1	WBGene00228834
Bm3189.1	WBGene00223450
Bm18115.1	WBGene00269255
Bm17981.1	WBGene00269123
Bm3240a.1	WBGene00223501
Bm3240b.1	WBGene00223501
Bm3246b.1	WBGene00223507
Bm3246a.1	WBGene00223507
Bm6605.1	WBGene00226866
Bm6524c.1	WBGene00226785
Bm6524b.1	WBGene00226785
Bm6524a.1	WBGene00226785
Bm5926a.1	WBGene00226187
Bm5926b.1	WBGene00226187
Bm1903.1	WBGene00222164
Bm8576.1	WBGene00228837
Bm3593.1	WBGene00223854
Bm4327.1	WBGene00224588
Bm8577.1	WBGene00228838
Bm8579.1	WBGene00228840
Bm5467.1	WBGene00225728
Bm2106.1	WBGene00222367
Bm6739a.1	WBGene00227000
Bm6739a.2	WBGene00227000
Bm6739b.1	WBGene00227000
Bm6650.1	WBGene00226911
Bm2225.2	WBGene00222486
Bm2225.1	WBGene00222486
Bm3366b.1	WBGene00223627
Bm3366a.1	WBGene00223627
Bm8581.1	WBGene00228842
Bm1873a.1	WBGene00222134
Bm1873b.1	WBGene00222134
Bm5568.1	WBGene00225829
Bm8582a.1	WBGene00228843
Bm8582b.1	WBGene00228843
Bm17982.1	WBGene00269124
Bm189.1	WBGene00220450
Bm1138.1	WBGene00221399
Bm1725.1	WBGene00221986
Bm3337.1	WBGene00223598
Bm5028a.1	WBGene00225289
Bm5028b.1	WBGene00225289
Bm13371.1	WBGene00233632
Bm17983.1	WBGene00269125
Bm17984.1	WBGene00269126
Bm9789b.1	WBGene00230050
Bm9789a.1	WBGene00230050
Bm2746.1	WBGene00223007
Bm3484.1	WBGene00223745
Bm9788.1	WBGene00230049
Bm9787.1	WBGene00230048
Bm1303.1	WBGene00221564
Bm443a.1	WBGene00220704
Bm443a.2	WBGene00220704
Bm443b.1	WBGene00220704
Bm5207a.1	WBGene00225468
Bm5207c.1	WBGene00225468
Bm5207b.1	WBGene00225468
Bm3915a.1	WBGene00224176
Bm3915b.1	WBGene00224176
Bm3915a.2	WBGene00224176
Bm2500.1	WBGene00222761
Bm14758.1	WBGene00234943
Bm2774a.1	WBGene00223035
Bm2774b.1	WBGene00223035
Bm4770.2	WBGene00225031
Bm4770.1	WBGene00225031
Bm4770.3	WBGene00225031
Bm3630b.1	WBGene00223891
Bm3630a.1	WBGene00223891
Bm9786.1	WBGene00230047
Bm18162a.1	WBGene00269302
Bm18162b.1	WBGene00269302
Bm1302.1	WBGene00221563
Bm9785.1	WBGene00230046
Bm9784.1	WBGene00230045
Bm5031.1	WBGene00225292
Bm4182.1	WBGene00224443
Bm14192.1	WBGene00234453
Bm5821.1	WBGene00226082
Bm9783.1	WBGene00230044
Bm7162e.1	WBGene00227423
Bm7162a.1	WBGene00227423
Bm7162b.1	WBGene00227423
Bm7162c.1	WBGene00227423
Bm7162d.1	WBGene00227423
Bm9782.1	WBGene00230043
Bm5124c.1	WBGene00225385
Bm5124b.1	WBGene00225385
Bm5124d.1	WBGene00225385
Bm5124a.1	WBGene00225385
Bm5126.1	WBGene00225387
Bm2134a.1	WBGene00222395
Bm2134b.1	WBGene00222395
Bm3102b.1	WBGene00223363
Bm3102a.1	WBGene00223363
Bm13666b.1	WBGene00233927
Bm13666a.1	WBGene00233927
Bm4905b.1	WBGene00225166
Bm4905a.1	WBGene00225166
Bm9779a.1	WBGene00230040
Bm9779b.1	WBGene00230040
Bm9778.1	WBGene00230039
Bm6314a.1	WBGene00226575
Bm6314c.1	WBGene00226575
Bm6314b.1	WBGene00226575
Bm13260.1	WBGene00233521
Bm5593a.1	WBGene00225854
Bm5593a.2	WBGene00225854
Bm5593b.1	WBGene00225854
Bm5593b.2	WBGene00225854
Bm3588.1	WBGene00223849
Bm18599.1	WBGene00304802
Bm17985.1	WBGene00269127
Bm9777.1	WBGene00230038
Bm9776.1	WBGene00230037
Bm1902.1	WBGene00222163
Bm9775b.1	WBGene00230036
Bm9775a.1	WBGene00230036
Bm9774a.1	WBGene00230035
Bm9774b.1	WBGene00230035
Bm5822.1	WBGene00226083
Bm5621b.1	WBGene00225882
Bm5621a.1	WBGene00225882
Bm8960.1	WBGene00229221
Bm1743a.1	WBGene00222004
Bm1743b.1	WBGene00222004
Bm1743c.1	WBGene00222004
Bm1809a.1	WBGene00222070
Bm1809b.1	WBGene00222070
Bm6549a.1	WBGene00226810
Bm6549b.1	WBGene00226810
Bm7088.1	WBGene00227349
Bm13839.1	WBGene00234100
Bm5523.1	WBGene00225784
Bm4949a.1	WBGene00225210
Bm4949b.1	WBGene00225210
Bm17986.1	WBGene00269128
Bm4005.1	WBGene00224266
Bm266.1	WBGene00220527
Bm267a.1	WBGene00220528
Bm267b.1	WBGene00220528
Bm2613.1	WBGene00222874
Bm4435b.1	WBGene00224696
Bm4435a.1	WBGene00224696
Bm17987.1	WBGene00269129
Bm8788.1	WBGene00229049
Bm3713.1	WBGene00223974
Bm8789.1	WBGene00229050
Bm11575.1	WBGene00231836
Bm2946.1	WBGene00223207
Bm4495.1	WBGene00224756
Bm3207a.1	WBGene00223468
Bm3207b.1	WBGene00223468
Bm7124b.1	WBGene00227385
Bm7124c.1	WBGene00227385
Bm7124a.1	WBGene00227385
Bm3719.1	WBGene00223980
Bm8416a.1	WBGene00228677
Bm8416b.1	WBGene00228677
Bm2463a.1	WBGene00222724
Bm2463b.1	WBGene00222724
Bm8415.1	WBGene00228676
Bm4564.1	WBGene00224825
Bm5451.1	WBGene00225712
Bm7901.1	WBGene00228162
Bm7077a.1	WBGene00227338
Bm7077b.1	WBGene00227338
Bm2575.1	WBGene00222836
Bm7902.1	WBGene00228163
Bm7970.1	WBGene00228231
Bm3087.1	WBGene00223348
Bm8271a.1	WBGene00228532
Bm8271b.1	WBGene00228532
Bm8272a.1	WBGene00228533
Bm8272b.1	WBGene00228533
Bm7030a.1	WBGene00227291
Bm7030b.1	WBGene00227291
Bm13350.1	WBGene00233611
Bm5792.1	WBGene00226053
Bm17988.1	WBGene00269130
Bm6170a.1	WBGene00226431
Bm6170b.1	WBGene00226431
Bm10384.1	WBGene00230645
Bm14820.1	WBGene00235125
Bm3534.1	WBGene00223795
Bm2498.1	WBGene00222759
Bm17989.1	WBGene00269131
Bm2988a.1	WBGene00223249
Bm2988b.1	WBGene00223249
Bm7920.1	WBGene00228181
Bm3964.1	WBGene00224225
Bm8421a.1	WBGene00228682
Bm8421c.1	WBGene00228682
Bm8421d.1	WBGene00228682
Bm8421b.1	WBGene00228682
Bm8420.1	WBGene00228681
Bm3855a.1	WBGene00224116
Bm3855c.1	WBGene00224116
Bm3855b.1	WBGene00224116
Bm3855d.1	WBGene00224116
Bm8419a.1	WBGene00228680
Bm8419d.1	WBGene00228680
Bm8419b.1	WBGene00228680
Bm8419c.1	WBGene00228680
Bm8418.1	WBGene00228679
Bm17990.1	WBGene00269132
Bm17991.1	WBGene00269133
Bm4789.1	WBGene00225050
Bm129b.1	WBGene00220390
Bm129a.1	WBGene00220390
Bm2131a.1	WBGene00222392
Bm2131b.1	WBGene00222392
Bm17992.1	WBGene00269134
Bm856.1	WBGene00221117
Bm16897.1	WBGene00249811
Bm5826.1	WBGene00226087
Bm2591b.1	WBGene00222852
Bm2591a.1	WBGene00222852
Bm2591c.1	WBGene00222852
Bm9031.1	WBGene00229292
Bm9030.1	WBGene00229291
Bm9029.1	WBGene00229290
Bm6533.1	WBGene00226794
Bm6532b.1	WBGene00226793
Bm6532a.1	WBGene00226793
Bm4772.1	WBGene00225033
Bm6976a.1	WBGene00227237
Bm6976b.1	WBGene00227237
Bm6674.2	WBGene00226935
Bm6674.1	WBGene00226935
Bm9028.1	WBGene00229289
Bm1166.1	WBGene00221427
Bm3097b.1	WBGene00223358
Bm3097a.1	WBGene00223358
Bm2969.1	WBGene00223230
Bm7429.1	WBGene00227690
Bm6469b.1	WBGene00226730
Bm6469a.1	WBGene00226730
Bm8787a.1	WBGene00229048
Bm8787b.1	WBGene00229048
Bm4007.1	WBGene00224268
Bm4206a.1	WBGene00224467
Bm4206b.1	WBGene00224467
Bm8785.1	WBGene00229046
Bm14739.1	WBGene00235074
Bm7625.1	WBGene00227886
Bm14333.1	WBGene00234594
Bm4728.1	WBGene00224989
Bm7494.1	WBGene00227755
Bm12976.1	WBGene00233237
Bm11652b.1	WBGene00231913
Bm11652a.1	WBGene00231913
Bm3399a.1	WBGene00223660
Bm3399b.1	WBGene00223660
Bm3398.1	WBGene00223659
Bm17993a.1	WBGene00269135
Bm17993b.1	WBGene00269135
Bm20a.1	WBGene00220281
Bm20d.1	WBGene00220281
Bm20b.1	WBGene00220281
Bm20c.1	WBGene00220281
Bm17994.1	WBGene00269136
Bm4882b.1	WBGene00225143
Bm4882a.1	WBGene00225143
Bm2926.1	WBGene00223187
Bm17995.1	WBGene00269137
Bm17996.1	WBGene00269138
Bm1561.1	WBGene00221822
Bm5854.1	WBGene00226115
Bm3080.1	WBGene00223341
Bm5953a.1	WBGene00226214
Bm5953b.1	WBGene00226214
Bm13336.1	WBGene00233597
Bm8129.1	WBGene00228390
Bm1869b.1	WBGene00222130
Bm1869b.2	WBGene00222130
Bm1869a.1	WBGene00222130
Bm17998.1	WBGene00269140
Bm2184.1	WBGene00222445
Bm7908.1	WBGene00228169
Bm7943.1	WBGene00228204
Bm1778.1	WBGene00222039
Bm17999.1	WBGene00269141
Bm11546.1	WBGene00231807
Bm5845.1	WBGene00226106
Bm8757a.1	WBGene00229018
Bm8757b.1	WBGene00229018
Bm1844.1	WBGene00222105
Bm1844.2	WBGene00222105
Bm2585.1	WBGene00222846
Bm18000.1	WBGene00269142
Bm1098a.1	WBGene00221359
Bm1098b.1	WBGene00221359
Bm1098c.1	WBGene00221359
Bm8064.1	WBGene00228325
Bm13751.1	WBGene00234012
Bm1097a.1	WBGene00221358
Bm1097b.1	WBGene00221358
Bm7195.1	WBGene00227456
Bm4438.1	WBGene00224699
Bm6199a.1	WBGene00226460
Bm6199b.1	WBGene00226460
Bm7508.1	WBGene00227769
Bm7048.1	WBGene00227309
Bm13924a.1	WBGene00234185
Bm13924b.1	WBGene00234185
Bm6275a.1	WBGene00226536
Bm6275b.1	WBGene00226536
Bm2876a.1	WBGene00223137
Bm2876d.1	WBGene00223137
Bm2876b.1	WBGene00223137
Bm2876c.1	WBGene00223137
Bm4601.1	WBGene00224862
Bm5321.1	WBGene00225582
Bm18001.1	WBGene00269143
Bm11559.1	WBGene00231820
Bm4703.1	WBGene00224964
Bm7934.1	WBGene00228195
Bm2233.1	WBGene00222494
Bm8323b.1	WBGene00228584
Bm8323a.1	WBGene00228584
Bm8324d.1	WBGene00228585
Bm8324b.1	WBGene00228585
Bm8324a.1	WBGene00228585
Bm8324c.1	WBGene00228585
Bm7240.1	WBGene00227501
Bm4666.1	WBGene00224927
Bm8325a.1	WBGene00228586
Bm8325b.1	WBGene00228586
Bm8326.1	WBGene00228587
Bm4264.1	WBGene00224525
Bm18002.1	WBGene00269144
Bm7874.1	WBGene00228135
Bm18003.1	WBGene00269145
Bm11719.1	WBGene00231980
Bm8043.1	WBGene00228304
Bm18004.1	WBGene00269146
Bm18005.1	WBGene00269147
Bm2269b.1	WBGene00222530
Bm2269a.1	WBGene00222530
Bm6764a.1	WBGene00227025
Bm6764b.1	WBGene00227025
Bm2224.1	WBGene00222485
Bm1946.1	WBGene00222207
Bm3604a.1	WBGene00223865
Bm3604b.1	WBGene00223865
Bm18006.1	WBGene00269148
Bm6697.1	WBGene00226958
Bm8116.4	WBGene00228377
Bm8116.3	WBGene00228377
Bm8116.1	WBGene00228377
Bm8116.2	WBGene00228377
Bm2390.1	WBGene00222651
Bm6999.1	WBGene00227260
Bm6366a.1	WBGene00226627
Bm6366b.1	WBGene00226627
Bm8115b.2	WBGene00228376
Bm8115b.1	WBGene00228376
Bm8115a.2	WBGene00228376
Bm8115a.1	WBGene00228376
Bm13936.1	WBGene00234197
Bm4743.1	WBGene00225004
Bm18218.1	WBGene00269367
Bm4163.1	WBGene00224424
Bm1793.1	WBGene00222054
Bm5524b.1	WBGene00225785
Bm5524a.1	WBGene00225785
Bm18007.1	WBGene00269149
Bm85a.1	WBGene00220346
Bm85b.1	WBGene00220346
Bm4044.1	WBGene00224305
Bm2686.1	WBGene00222947
Bm6413a.1	WBGene00226674
Bm6413b.1	WBGene00226674
Bm5767.1	WBGene00226028
Bm5385a.1	WBGene00225646
Bm5385b.1	WBGene00225646
Bm5849.1	WBGene00226110
Bm4874.1	WBGene00225135
Bm9479.1	WBGene00229740
Bm5605b.1	WBGene00225866
Bm5605c.1	WBGene00225866
Bm5605a.1	WBGene00225866
Bm7151.1	WBGene00227412
Bm4259b.1	WBGene00224520
Bm3715.1	WBGene00223976
Bm4259a.1	WBGene00224520
Bm4259c.1	WBGene00224520
Bm4259e.1	WBGene00224520
Bm9478.1	WBGene00229739
Bm3696.1	WBGene00223957
Bm5775b.1	WBGene00226036
Bm5775a.1	WBGene00226036
Bm13063.1	WBGene00233324
Bm9477.1	WBGene00229738
Bm380.1	WBGene00220641
Bm7515.1	WBGene00227776
Bm9476.1	WBGene00229737
Bm18009.1	WBGene00269151
Bm9475c.1	WBGene00229736
Bm9475a.1	WBGene00229736
Bm9475b.1	WBGene00229736
Bm4484.1	WBGene00224745
Bm11531.1	WBGene00231792
Bm10351.1	WBGene00230612
Bm18010.1	WBGene00269152
Bm10352.1	WBGene00230613
Bm18011.1	WBGene00269153
Bm4170b.1	WBGene00224431
Bm4170a.1	WBGene00224431
Bm4170d.1	WBGene00224431
Bm4170c.1	WBGene00224431
Bm6525b.1	WBGene00226786
Bm6525a.1	WBGene00226786
Bm1086.1	WBGene00221347
Bm7912.1	WBGene00228173
Bm7913.1	WBGene00228174
Bm7914.1	WBGene00228175
Bm10353.1	WBGene00230614
Bm5970.1	WBGene00226231
Bm18012.1	WBGene00269154
Bm18013.1	WBGene00269155
Bm4184.1	WBGene00224445
Bm5661.1	WBGene00225922
Bm3016.1	WBGene00223277
Bm6651b.1	WBGene00226912
Bm6651d.1	WBGene00226912
Bm6651c.1	WBGene00226912
Bm6651a.1	WBGene00226912
Bm8911.1	WBGene00229172
Bm14740a.1	WBGene00235075
Bm14740b.1	WBGene00235075
Bm3693a.1	WBGene00223954
Bm3693b.1	WBGene00223954
Bm8912.1	WBGene00229173
Bm6174b.1	WBGene00226435
Bm6174a.1	WBGene00226435
Bm8913.1	WBGene00229174
Bm13735a.1	WBGene00233996
Bm13735b.1	WBGene00233996
Bm5778a.1	WBGene00226039
Bm5778b.1	WBGene00226039
Bm6362.1	WBGene00226623
Bm2536.1	WBGene00222797
Bm4596d.1	WBGene00224857
Bm4596a.1	WBGene00224857
Bm4596b.1	WBGene00224857
Bm4596c.1	WBGene00224857
Bm1872a.1	WBGene00222133
Bm1872a.2	WBGene00222133
Bm1872b.1	WBGene00222133
Bm6736.1	WBGene00226997
Bm7853.1	WBGene00228114
Bm5619b.1	WBGene00225880
Bm5619b.2	WBGene00225880
Bm5619a.1	WBGene00225880
Bm7069a.1	WBGene00227330
Bm7069b.1	WBGene00227330
Bm8846.1	WBGene00229107
Bm8845a.1	WBGene00229106
Bm8845b.1	WBGene00229106
Bm2128.1	WBGene00222389
Bm3095b.1	WBGene00223356
Bm3095a.1	WBGene00223356
Bm3095c.1	WBGene00223356
Bm2550.1	WBGene00222811
Bm2545.1	WBGene00222806
Bm8844.1	WBGene00229105
Bm4969.1	WBGene00225230
Bm4970.1	WBGene00225231
Bm6255.1	WBGene00226516
Bm4016a.1	WBGene00224277
Bm4016b.1	WBGene00224277
Bm4016c.1	WBGene00224277
Bm3284.1	WBGene00223545
Bm8843.1	WBGene00229104
Bm4940.1	WBGene00225201
Bm2947.1	WBGene00223208
Bm2767b.1	WBGene00223028
Bm2767c.1	WBGene00223028
Bm2767a.1	WBGene00223028
Bm7269.1	WBGene00227530
Bm2069.1	WBGene00222330
Bm4183.1	WBGene00224444
Bm8842.1	WBGene00229103
Bm18219.1	WBGene00269368
Bm13674.1	WBGene00233935
Bm8841b.1	WBGene00229102
Bm8841a.1	WBGene00229102
Bm8840.1	WBGene00229101
Bm5349a.1	WBGene00225610
Bm5349b.1	WBGene00225610
Bm8839a.1	WBGene00229100
Bm8839b.1	WBGene00229100
Bm5125.1	WBGene00225386
Bm4395.1	WBGene00224656
Bm3036.1	WBGene00223297
Bm2189b.1	WBGene00222450
Bm2189d.1	WBGene00222450
Bm2189a.1	WBGene00222450
Bm2189c.1	WBGene00222450
Bm3145b.1	WBGene00223406
Bm3145c.1	WBGene00223406
Bm3145a.1	WBGene00223406
Bm8519.1	WBGene00228780
Bm3332d.1	WBGene00223593
Bm3332a.1	WBGene00223593
Bm3332b.1	WBGene00223593
Bm3332c.1	WBGene00223593
Bm2294.1	WBGene00222555
Bm5909a.1	WBGene00226170
Bm5909b.1	WBGene00226170
Bm5909b.2	WBGene00226170
Bm1928.1	WBGene00222189
Bm2669.1	WBGene00222930
Bm6132.1	WBGene00226393
Bm7988.1	WBGene00228249
Bm5120.1	WBGene00225381
Bm5466.1	WBGene00225727
Bm3138.1	WBGene00223399
Bm1425a.1	WBGene00221686
Bm1425b.1	WBGene00221686
Bm14077.1	WBGene00234338
Bm10474a.1	WBGene00230735
Bm10474b.1	WBGene00230735
Bm11625.1	WBGene00231886
Bm5493b.1	WBGene00225754
Bm5493a.1	WBGene00225754
Bm6401.1	WBGene00226662
Bm18016.1	WBGene00269158
Bm8379.1	WBGene00228640
Bm13351.1	WBGene00233612
Bm18017.1	WBGene00269159
Bm13317.1	WBGene00233578
Bm7981b.1	WBGene00228242
Bm7981a.1	WBGene00228242
Bm7982.1	WBGene00228243
Bm6695a.1	WBGene00226956
Bm6695b.1	WBGene00226956
Bm13698a.1	WBGene00233959
Bm13698b.1	WBGene00233959
Bm13698b.2	WBGene00233959
Bm7558a.1	WBGene00227819
Bm7558b.1	WBGene00227819
Bm7983.1	WBGene00228244
Bm2608a.1	WBGene00222869
Bm2608b.1	WBGene00222869
Bm18018.1	WBGene00269160
Bm8898.1	WBGene00229159
Bm3201c.1	WBGene00223462
Bm3201d.1	WBGene00223462
Bm3540.1	WBGene00223801
Bm1180.1	WBGene00221441
Bm1178.1	WBGene00221439
Bm8897.1	WBGene00229158
Bm8896a.1	WBGene00229157
Bm8896b.1	WBGene00229157
Bm6231a.1	WBGene00226492
Bm6231b.1	WBGene00226492
Bm4649.1	WBGene00224910
Bm8895a.1	WBGene00229156
Bm8895b.1	WBGene00229156
Bm3607b.1	WBGene00223868
Bm3607a.1	WBGene00223868
Bm8894.1	WBGene00229155
Bm8893.1	WBGene00229154
Bm2164.1	WBGene00222425
Bm1093a.1	WBGene00221354
Bm1093b.1	WBGene00221354
Bm1093c.1	WBGene00221354
Bm13980.1	WBGene00234241
Bm8042b.1	WBGene00228303
Bm8042a.1	WBGene00228303
Bm7087.1	WBGene00227348
Bm8041a.1	WBGene00228302
Bm8041b.1	WBGene00228302
Bm3268.1	WBGene00223529
Bm3269.1	WBGene00223530
Bm4088.1	WBGene00224349
Bm11614.1	WBGene00231875
Bm2670.1	WBGene00222931
Bm18019.1	WBGene00269161
Bm18020.1	WBGene00269162
Bm2650.1	WBGene00222911
Bm2373a.1	WBGene00222634
Bm2373b.1	WBGene00222634
Bm18021.1	WBGene00269163
Bm8736.1	WBGene00228997
Bm1087.1	WBGene00221348
Bm4195.1	WBGene00224456
Bm4452a.1	WBGene00224713
Bm4452b.1	WBGene00224713
Bm8737a.1	WBGene00228998
Bm8737b.1	WBGene00228998
Bm222d.1	WBGene00220483
Bm222c.1	WBGene00220483
Bm222a.1	WBGene00220483
Bm222b.1	WBGene00220483
Bm4790.1	WBGene00225051
Bm5054a.1	WBGene00225315
Bm5054b.1	WBGene00225315
Bm8738.1	WBGene00228999
Bm4118b.1	WBGene00224379
Bm4118a.1	WBGene00224379
Bm3233.1	WBGene00223494
Bm3828.1	WBGene00224089
Bm4820a.1	WBGene00225081
Bm4820b.1	WBGene00225081
Bm13684.1	WBGene00233945
Bm5325.1	WBGene00225586
Bm4114.1	WBGene00224375
Bm8739b.1	WBGene00229000
Bm8739a.1	WBGene00229000
Bm8740.1	WBGene00229001
Bm8740.2	WBGene00229001
Bm8741.2	WBGene00229002
Bm8741.1	WBGene00229002
Bm4451.1	WBGene00224712
Bm3531.1	WBGene00223792
Bm18022.1	WBGene00269164
Bm6523b.1	WBGene00226784
Bm6523a.1	WBGene00226784
Bm18023.1	WBGene00269165
Bm3958b.1	WBGene00224219
Bm3958a.1	WBGene00224219
Bm8742.1	WBGene00229003
Bm2032.1	WBGene00222293
Bm3325.1	WBGene00223586
Bm1679.1	WBGene00221940
Bm2927b.1	WBGene00223188
Bm2927d.1	WBGene00223188
Bm2927a.1	WBGene00223188
Bm2927c.1	WBGene00223188
Bm6979.1	WBGene00227240
Bm3538.1	WBGene00223799
Bm13035.1	WBGene00233296
Bm4286.1	WBGene00224547
Bm4286.2	WBGene00224547
Bm226.1	WBGene00220487
Bm14449.1	WBGene00234710
Bm3564c.1	WBGene00223825
Bm3564c.2	WBGene00223825
Bm3564b.1	WBGene00223825
Bm5815.1	WBGene00226076
Bm8743.1	WBGene00229004
Bm975.1	WBGene00221236
Bm4229.1	WBGene00224490
Bm1874.1	WBGene00222135
Bm1871.1	WBGene00222132
Bm4802.1	WBGene00225063
Bm228.1	WBGene00220489
Bm228.2	WBGene00220489
Bm8744.1	WBGene00229005
Bm4895a.1	WBGene00225156
Bm4895b.1	WBGene00225156
Bm3254b.1	WBGene00223515
Bm3254a.1	WBGene00223515
Bm4972.1	WBGene00225233
Bm7265.1	WBGene00227526
Bm14816a.1	WBGene00235001
Bm14816b.1	WBGene00235001
Bm14042.1	WBGene00234303
Bm3311a.1	WBGene00223572
Bm3311b.1	WBGene00223572
Bm3311c.1	WBGene00223572
Bm8459.1	WBGene00228720
Bm2744a.1	WBGene00223005
Bm2744b.1	WBGene00223005
Bm6291.1	WBGene00226552
Bm9290a.1	WBGene00229551
Bm9290b.1	WBGene00229551
Bm349.1	WBGene00220610
Bm9291.1	WBGene00229552
Bm7268b.1	WBGene00227529
Bm7268d.1	WBGene00227529
Bm7268a.1	WBGene00227529
Bm7268c.1	WBGene00227529
Bm3372.1	WBGene00223633
Bm4110.1	WBGene00224371
Bm3342b.1	WBGene00223603
Bm3342a.1	WBGene00223603
Bm2009b.1	WBGene00222270
Bm2009a.1	WBGene00222270
Bm9292.1	WBGene00229553
Bm3763.1	WBGene00224024
Bm3225b.1	WBGene00223486
Bm3225a.1	WBGene00223486
Bm9294a.1	WBGene00229555
Bm9294b.1	WBGene00229555
Bm3845.1	WBGene00224106
Bm6634a.1	WBGene00226895
Bm6634b.1	WBGene00226895
Bm9295.1	WBGene00229556
Bm14162.1	WBGene00234423
Bm5878.1	WBGene00226139
Bm2132.1	WBGene00222393
Bm9296b.1	WBGene00229557
Bm9296a.1	WBGene00229557
Bm9297.1	WBGene00229558
Bm4783.1	WBGene00225044
Bm2240.1	WBGene00222501
Bm1246.1	WBGene00221507
Bm3410.1	WBGene00223671
Bm13417.1	WBGene00233678
Bm9493.1	WBGene00229754
Bm2941.1	WBGene00223202
Bm3148a.1	WBGene00223409
Bm3148b.1	WBGene00223409
Bm4350.1	WBGene00224611
Bm4350.3	WBGene00224611
Bm4350.2	WBGene00224611
Bm9496.1	WBGene00229757
Bm18158b.1	WBGene00269298
Bm18158a.1	WBGene00269298
Bm2372.1	WBGene00222633
Bm9497.1	WBGene00229758
Bm4872.1	WBGene00225133
Bm9498.1	WBGene00229759
Bm1248.1	WBGene00221509
Bm9499.1	WBGene00229760
Bm4960.1	WBGene00225221
Bm6825a.1	WBGene00227086
Bm6825b.1	WBGene00227086
Bm13660.1	WBGene00233921
Bm9500.1	WBGene00229761
Bm2497b.1	WBGene00222758
Bm2497a.1	WBGene00222758
Bm384.1	WBGene00220645
Bm18105.1	WBGene00269245
Bm1852.1	WBGene00222113
Bm18024.1	WBGene00269166
Bm6916.1	WBGene00227177
Bm9501.1	WBGene00229762
Bm5962a.1	WBGene00226223
Bm5962b.1	WBGene00226223
Bm9502a.1	WBGene00229763
Bm9502c.1	WBGene00229763
Bm9502b.1	WBGene00229763
Bm9503.1	WBGene00229764
Bm9503.2	WBGene00229764
Bm3378a.1	WBGene00223639
Bm3378b.1	WBGene00223639
Bm9504.1	WBGene00229765
Bm4485a.1	WBGene00224746
Bm4485b.1	WBGene00224746
Bm9505.1	WBGene00229766
Bm5863.1	WBGene00226124
Bm4775a.1	WBGene00225036
Bm4775b.1	WBGene00225036
Bm4403.1	WBGene00224664
Bm4603b.1	WBGene00224864
Bm4603a.1	WBGene00224864
Bm7214.1	WBGene00227475
Bm2426.1	WBGene00222687
Bm9506.1	WBGene00229767
Bm2117a.1	WBGene00222378
Bm2117b.1	WBGene00222378
Bm13420.1	WBGene00233681
Bm9507.1	WBGene00229768
Bm9508a.1	WBGene00229769
Bm9508b.1	WBGene00229769
Bm385.1	WBGene00220646
Bm4677a.1	WBGene00224938
Bm4677b.1	WBGene00224938
Bm5068a.1	WBGene00225329
Bm5068d.1	WBGene00225329
Bm5068b.1	WBGene00225329
Bm5068c.1	WBGene00225329
Bm3128a.1	WBGene00223389
Bm3128b.1	WBGene00223389
Bm18104.1	WBGene00269244
Bm13953.1	WBGene00234214
Bm2216b.1	WBGene00222477
Bm2216c.1	WBGene00222477
Bm2216a.1	WBGene00222477
Bm9510.1	WBGene00229771
Bm12502.1	WBGene00232763
Bm4046c.1	WBGene00224307
Bm4046a.1	WBGene00224307
Bm4046d.1	WBGene00224307
Bm4046b.1	WBGene00224307
Bm4046e.1	WBGene00224307
Bm4046f.1	WBGene00224307
Bm2419.1	WBGene00222680
Bm4186.1	WBGene00224447
Bm9512.1	WBGene00229773
Bm3209a.1	WBGene00223470
Bm3209b.1	WBGene00223470
Bm3343d.2	WBGene00223604
Bm3343d.1	WBGene00223604
Bm3343h.1	WBGene00223604
Bm3343a.1	WBGene00223604
Bm3343e.1	WBGene00223604
Bm3343g.1	WBGene00223604
Bm3343f.1	WBGene00223604
Bm2995.1	WBGene00223256
Bm5724.1	WBGene00225985
Bm1674.1	WBGene00221935
Bm5803.1	WBGene00226064
Bm6038b.1	WBGene00226299
Bm6038a.1	WBGene00226299
Bm6281b.1	WBGene00226542
Bm6281a.1	WBGene00226542
Bm9513.1	WBGene00229774
Bm9514.1	WBGene00229775
Bm3974.1	WBGene00224235
Bm5852.1	WBGene00226113
Bm4196.1	WBGene00224457
Bm3296a.1	WBGene00223557
Bm3296b.1	WBGene00223557
Bm3301.1	WBGene00223562
Bm4338c.1	WBGene00224599
Bm4338a.1	WBGene00224599
Bm4338b.1	WBGene00224599
Bm2502b.2	WBGene00222763
Bm2502c.1	WBGene00222763
Bm2502b.1	WBGene00222763
Bm14048b.1	WBGene00234309
Bm14048a.1	WBGene00234309
Bm2156.1	WBGene00222417
Bm2157.1	WBGene00222418
Bm9516b.1	WBGene00229777
Bm9516a.1	WBGene00229777
Bm5695.1	WBGene00225956
Bm3771.1	WBGene00224032
Bm13978.1	WBGene00234239
Bm3495.1	WBGene00223756
Bm2703a.1	WBGene00222964
Bm2703b.1	WBGene00222964
Bm5895.1	WBGene00226156
Bm18029b.1	WBGene00269170
Bm18029a.1	WBGene00269170
Bm9518.1	WBGene00229779
Bm9520.1	WBGene00229781
Bm9521.1	WBGene00229782
Bm9524.1	WBGene00229785
Bm9525.1	WBGene00229786
Bm9525.2	WBGene00229786
Bm5984.1	WBGene00226245
Bm5984.2	WBGene00226245
Bm9526.1	WBGene00229787
Bm9526.3	WBGene00229787
Bm9526.2	WBGene00229787
Bm9527.1	WBGene00229788
Bm14173.1	WBGene00234434
Bm1251.1	WBGene00221512
Bm9528.1	WBGene00229789
Bm9529.1	WBGene00229790
Bm4831a.1	WBGene00225092
Bm4831b.1	WBGene00225092
Bm7400b.1	WBGene00227661
Bm7400a.1	WBGene00227661
Bm7400c.1	WBGene00227661
Bm388a.1	WBGene00220649
Bm388b.1	WBGene00220649
Bm388c.1	WBGene00220649
Bm388d.1	WBGene00220649
Bm9530a.1	WBGene00229791
Bm9530b.1	WBGene00229791
Bm1729b.1	WBGene00221990
Bm1729a.1	WBGene00221990
Bm1882a.1	WBGene00222143
Bm1882b.1	WBGene00222143
Bm1882c.1	WBGene00222143
Bm6558.1	WBGene00226819
Bm5583.1	WBGene00225844
Bm9531.1	WBGene00229792
Bm18030.1	WBGene00269171
Bm2590.1	WBGene00222851
Bm9532.1	WBGene00229793
Bm9533.2	WBGene00229794
Bm9533.1	WBGene00229794
Bm3191.1	WBGene00223452
Bm2732.1	WBGene00222993
Bm9534.1	WBGene00229795
Bm4424.1	WBGene00224685
Bm5121.1	WBGene00225382
Bm4741a.1	WBGene00225002
Bm4741b.1	WBGene00225002
Bm9535b.1	WBGene00229796
Bm9535a.1	WBGene00229796
Bm2207a.1	WBGene00222468
Bm2207b.1	WBGene00222468
Bm9536.1	WBGene00229797
Bm4819.1	WBGene00225080
Bm3776.1	WBGene00224037
Bm9537.2	WBGene00229798
Bm9537.1	WBGene00229798
Bm9538.1	WBGene00229799
Bm7569.1	WBGene00227830
Bm3335a.1	WBGene00223596
Bm3335b.1	WBGene00223596
Bm1950b.1	WBGene00222211
Bm1950a.1	WBGene00222211
Bm1736.1	WBGene00221997
Bm6217.1	WBGene00226478
Bm7103.1	WBGene00227364
Bm9539b.1	WBGene00229800
Bm9539a.1	WBGene00229800
Bm2629.1	WBGene00222890
Bm2019.1	WBGene00222280
Bm2254.1	WBGene00222515
Bm9540a.1	WBGene00229801
Bm9540b.1	WBGene00229801
Bm9541.1	WBGene00229802
Bm9543a.1	WBGene00229804
Bm9543b.1	WBGene00229804
Bm9544.1	WBGene00229805
Bm4822a.1	WBGene00225083
Bm4822b.1	WBGene00225083
Bm9545.1	WBGene00229806
Bm18033.1	WBGene00269174
Bm3291c.1	WBGene00223552
Bm3291b.1	WBGene00223552
Bm3291c.2	WBGene00223552
Bm3291b.2	WBGene00223552
Bm3291a.2	WBGene00223552
Bm3291a.1	WBGene00223552
Bm2321a.1	WBGene00222582
Bm2321b.1	WBGene00222582
Bm4589a.1	WBGene00224850
Bm4589b.1	WBGene00224850
Bm2321b.2	WBGene00222582
Bm7391.1	WBGene00227652
Bm13828.1	WBGene00234089
Bm4272.1	WBGene00224533
Bm7357.1	WBGene00227618
Bm391a.1	WBGene00220652
Bm391c.1	WBGene00220652
Bm391b.1	WBGene00220652
Bm2779.1	WBGene00223040
Bm1785a.1	WBGene00222046
Bm1785b.1	WBGene00222046
Bm7075.1	WBGene00227336
Bm9546a.1	WBGene00229807
Bm9546b.1	WBGene00229807
Bm6507.1	WBGene00226768
Bm7171a.1	WBGene00227432
Bm7171b.1	WBGene00227432
Bm4730a.1	WBGene00224991
Bm4730d.1	WBGene00224991
Bm4730c.1	WBGene00224991
Bm4730b.1	WBGene00224991
Bm14065a.1	WBGene00234326
Bm14065b.1	WBGene00234326
Bm2910a.1	WBGene00223171
Bm2910b.1	WBGene00223171
Bm393.1	WBGene00220654
Bm6295a.1	WBGene00226556
Bm6295b.1	WBGene00226556
Bm6295d.1	WBGene00226556
Bm6295c.1	WBGene00226556
Bm7099.1	WBGene00227360
Bm2871.1	WBGene00223132
Bm9549a.1	WBGene00229810
Bm9549b.1	WBGene00229810
Bm4591.1	WBGene00224852
Bm12683.1	WBGene00232944
Bm1973a.1	WBGene00222234
Bm1973b.1	WBGene00222234
Bm6134.1	WBGene00226395
Bm3857a.1	WBGene00224118
Bm3857b.1	WBGene00224118
Bm394.1	WBGene00220655
Bm3566b.1	WBGene00223827
Bm3566a.1	WBGene00223827
Bm9551b.1	WBGene00229812
Bm9551a.1	WBGene00229812
Bm4204.1	WBGene00224465
Bm5674.1	WBGene00225935
Bm9552a.1	WBGene00229813
Bm9552b.1	WBGene00229813
Bm4331.1	WBGene00224592
Bm18034.1	WBGene00269175
Bm4837.1	WBGene00225098
Bm2943a.1	WBGene00223204
Bm2943b.1	WBGene00223204
Bm13777.1	WBGene00234038
Bm2363c.1	WBGene00222624
Bm2363d.1	WBGene00222624
Bm2363e.1	WBGene00222624
Bm2363f.1	WBGene00222624
Bm2363b.1	WBGene00222624
Bm2363a.1	WBGene00222624
Bm2952a.1	WBGene00223213
Bm2952b.1	WBGene00223213
Bm2953b.1	WBGene00223214
Bm2953a.1	WBGene00223214
Bm3295a.1	WBGene00223556
Bm3295b.1	WBGene00223556
Bm1930a.1	WBGene00222191
Bm1930b.1	WBGene00222191
Bm1855.1	WBGene00222116
Bm3062a.1	WBGene00223323
Bm3062b.1	WBGene00223323
Bm9554a.1	WBGene00229815
Bm9554b.1	WBGene00229815
Bm3963b.1	WBGene00224224
Bm3963a.1	WBGene00224224
Bm3962b.1	WBGene00224223
Bm3962a.1	WBGene00224223
Bm3962b.2	WBGene00224223
Bm9555.1	WBGene00229816
Bm4144a.1	WBGene00224405
Bm4144b.1	WBGene00224405
Bm5555a.1	WBGene00225816
Bm5555b.1	WBGene00225816
Bm9557.1	WBGene00229818
Bm9558c.1	WBGene00229819
Bm9558d.1	WBGene00229819
Bm9558a.1	WBGene00229819
Bm9558b.1	WBGene00229819
Bm4392b.1	WBGene00224653
Bm4392a.1	WBGene00224653
Bm9559.1	WBGene00229820
Bm5263a.1	WBGene00225524
Bm5263b.1	WBGene00225524
Bm5263c.1	WBGene00225524
Bm2611a.1	WBGene00222872
Bm2611b.1	WBGene00222872
Bm9560.1	WBGene00229821
Bm9561.1	WBGene00229822
Bm13425.1	WBGene00233686
Bm9562.1	WBGene00229823
Bm7640a.1	WBGene00227901
Bm7640b.1	WBGene00227901
Bm9564.1	WBGene00229825
Bm2753.1	WBGene00223014
Bm4836.1	WBGene00225097
Bm9565.1	WBGene00229826
Bm3002a.1	WBGene00223263
Bm3002b.1	WBGene00223263
Bm3002a.3	WBGene00223263
Bm3002a.2	WBGene00223263
Bm397b.1	WBGene00220658
Bm397a.1	WBGene00220658
Bm9567.1	WBGene00229828
Bm3744b.1	WBGene00224005
Bm3744a.1	WBGene00224005
Bm9568.1	WBGene00229829
Bm2329.1	WBGene00222590
Bm13773a.1	WBGene00234034
Bm13773b.1	WBGene00234034
Bm7530.1	WBGene00227791
Bm14007b.1	WBGene00234268
Bm14007a.1	WBGene00234268
Bm14007a.2	WBGene00234268
Bm1677.1	WBGene00221938
Bm4468a.1	WBGene00224729
Bm4468b.1	WBGene00224729
Bm13711a.1	WBGene00233972
Bm13711b.1	WBGene00233972
Bm14698a.1	WBGene00235033
Bm14698b.1	WBGene00235033
Bm9570.1	WBGene00229831
Bm3759.1	WBGene00224020
Bm5665a.1	WBGene00225926
Bm5665b.1	WBGene00225926
Bm4735.1	WBGene00224996
Bm398a.1	WBGene00220659
Bm398b.1	WBGene00220659
Bm3195a.1	WBGene00223456
Bm3195b.1	WBGene00223456
Bm3195b.2	WBGene00223456
Bm9571.1	WBGene00229832
Bm9572.1	WBGene00229833
Bm14028.1	WBGene00234289
Bm5662.1	WBGene00225923
Bm5662.2	WBGene00225923
Bm9573.1	WBGene00229834
Bm3614.1	WBGene00223875
Bm4142b.1	WBGene00224403
Bm4142a.1	WBGene00224403
Bm9575.1	WBGene00229836
Bm5966.1	WBGene00226227
Bm5966.2	WBGene00226227
Bm4141.1	WBGene00224402
Bm399.1	WBGene00220660
Bm4205b.1	WBGene00224466
Bm4205e.1	WBGene00224466
Bm4205c.1	WBGene00224466
Bm4205d.1	WBGene00224466
Bm4205a.1	WBGene00224466
Bm3854.1	WBGene00224115
Bm400a.1	WBGene00220661
Bm400b.1	WBGene00220661
Bm6086.1	WBGene00226347
Bm2057.1	WBGene00222318
Bm4592b.1	WBGene00224853
Bm4592a.1	WBGene00224853
Bm13872.1	WBGene00234133
Bm2609.1	WBGene00222870
Bm4590.1	WBGene00224851
Bm3407.1	WBGene00223668
Bm6690.1	WBGene00226951
Bm4694.1	WBGene00224955
Bm7646a.1	WBGene00227907
Bm7646b.1	WBGene00227907
Bm5861b.1	WBGene00226122
Bm5861a.1	WBGene00226122
Bm12527b.1	WBGene00232788
Bm12527a.1	WBGene00232788
Bm3436b.1	WBGene00223697
Bm3436a.1	WBGene00223697
Bm13865.1	WBGene00234126
Bm5318a.1	WBGene00225579
Bm5318b.1	WBGene00225579
Bm4228.1	WBGene00224489
Bm18036.1	WBGene00269176
Bm9578.1	WBGene00229839
Bm7277b.1	WBGene00227538
Bm7277a.1	WBGene00227538
Bm9935.1	WBGene00230196
Bm9934.1	WBGene00230195
Bm5309b.1	WBGene00225570
Bm5309a.1	WBGene00225570
Bm13265.1	WBGene00233526
Bm5757a.1	WBGene00226018
Bm5757b.1	WBGene00226018
Bm9933b.1	WBGene00230194
Bm9933a.1	WBGene00230194
Bm1792.1	WBGene00222053
Bm9932.1	WBGene00230193
Bm2352.1	WBGene00222613
Bm18585.1	WBGene00304246
Bm9931.1	WBGene00230192
Bm6905.1	WBGene00227166
Bm9930.1	WBGene00230191
Bm1673a.1	WBGene00221934
Bm1673b.1	WBGene00221934
Bm1673c.1	WBGene00221934
Bm9928.1	WBGene00230189
Bm14719a.1	WBGene00235054
Bm14719b.1	WBGene00235054
Bm9927.1	WBGene00230188
Bm7582.1	WBGene00227843
Bm18220b.1	WBGene00269369
Bm18220a.1	WBGene00269369
Bm9926.1	WBGene00230187
Bm9925.1	WBGene00230186
Bm3232.1	WBGene00223493
Bm2909.1	WBGene00223170
Bm3303.1	WBGene00223564
Bm9924.1	WBGene00230185
Bm9923.1	WBGene00230184
Bm5445.1	WBGene00225706
Bm3190.1	WBGene00223451
Bm1790a.1	WBGene00222051
Bm1790b.1	WBGene00222051
Bm3956.1	WBGene00224217
Bm5317a.1	WBGene00225578
Bm5317b.1	WBGene00225578
Bm3105.1	WBGene00223366
Bm4834b.2	WBGene00225095
Bm4834b.1	WBGene00225095
Bm4834b.4	WBGene00225095
Bm4834b.3	WBGene00225095
Bm18111.1	WBGene00269251
Bm4834b.5	WBGene00225095
Bm4834b.6	WBGene00225095
Bm4834b.7	WBGene00225095
Bm4834a.1	WBGene00225095
Bm3444a.1	WBGene00223705
Bm3444b.1	WBGene00223705
Bm9921.1	WBGene00230182
Bm4740.1	WBGene00225001
Bm14201.1	WBGene00234462
Bm18037.1	WBGene00269177
Bm5441a.1	WBGene00225702
Bm5441b.1	WBGene00225702
Bm5262.1	WBGene00225523
Bm3818e.1	WBGene00224079
Bm3818b.1	WBGene00224079
Bm3818f.1	WBGene00224079
Bm3818a.1	WBGene00224079
Bm3921a.1	WBGene00224182
Bm3921b.1	WBGene00224182
Bm3921c.1	WBGene00224182
Bm3423.1	WBGene00223684
Bm12412a.1	WBGene00232673
Bm12412b.1	WBGene00232673
Bm12412c.1	WBGene00232673
Bm12412d.1	WBGene00232673
Bm9920.1	WBGene00230181
Bm2365.1	WBGene00222626
Bm9919.1	WBGene00230180
Bm6828a.1	WBGene00227089
Bm6828b.1	WBGene00227089
Bm6151b.1	WBGene00226412
Bm6151a.1	WBGene00226412
Bm3662.2	WBGene00223923
Bm3662.1	WBGene00223923
Bm13896.1	WBGene00234157
Bm14823.1	WBGene00235130
Bm5302.1	WBGene00225563
Bm7439a.1	WBGene00227700
Bm7439b.1	WBGene00227700
Bm1326.1	WBGene00221587
Bm1325.1	WBGene00221586
Bm2260a.1	WBGene00222521
Bm2260b.1	WBGene00222521
Bm6014.1	WBGene00226275
Bm4750a.1	WBGene00225011
Bm4750b.1	WBGene00225011
Bm14682.1	WBGene00235017
Bm2754.1	WBGene00223015
Bm9918.1	WBGene00230179
Bm9917a.1	WBGene00230178
Bm9917b.1	WBGene00230178
Bm4959a.1	WBGene00225220
Bm4959b.1	WBGene00225220
Bm1324.1	WBGene00221585
Bm3848.1	WBGene00224109
Bm2596b.1	WBGene00222857
Bm2596a.1	WBGene00222857
Bm4391a.1	WBGene00224652
Bm4391b.1	WBGene00224652
Bm9916a.1	WBGene00230177
Bm9916b.1	WBGene00230177
Bm5600.1	WBGene00225861
Bm3948a.1	WBGene00224209
Bm3948b.1	WBGene00224209
Bm9914.1	WBGene00230175
Bm9915.2	WBGene00230176
Bm9915.1	WBGene00230176
Bm815.1	WBGene00221076
Bm9913.1	WBGene00230174
Bm14754.1	WBGene00234939
Bm2617.1	WBGene00222878
Bm4944a.1	WBGene00225205
Bm4944b.1	WBGene00225205
Bm3373.1	WBGene00223634
Bm9912.1	WBGene00230173
Bm5766.1	WBGene00226027
Bm4870.1	WBGene00225131
Bm18038.1	WBGene00269178
Bm1853.1	WBGene00222114
Bm13805b.1	WBGene00234066
Bm13805c.1	WBGene00234066
Bm13805a.1	WBGene00234066
Bm14017.1	WBGene00234278
Bm14017.2	WBGene00234278
Bm18039.1	WBGene00269179
Bm9911.1	WBGene00230172
Bm4328.1	WBGene00224589
Bm2828.2	WBGene00223089
Bm2828.1	WBGene00223089
Bm1733a.1	WBGene00221994
Bm1733b.1	WBGene00221994
Bm1733c.1	WBGene00221994
Bm2913a.1	WBGene00223174
Bm2913b.1	WBGene00223174
Bm5414b.1	WBGene00225675
Bm5414a.1	WBGene00225675
Bm5414a.2	WBGene00225675
Bm5414b.2	WBGene00225675
Bm6417a.1	WBGene00226678
Bm6417b.1	WBGene00226678
Bm9910a.1	WBGene00230171
Bm9910b.1	WBGene00230171
Bm9909.1	WBGene00230170
Bm4012a.1	WBGene00224273
Bm4012b.1	WBGene00224273
Bm4012d.1	WBGene00224273
Bm4012c.1	WBGene00224273
Bm4012e.1	WBGene00224273
Bm9908.1	WBGene00230169
Bm5760.1	WBGene00226021
Bm13935.1	WBGene00234196
Bm7394a.1	WBGene00227655
Bm7394b.1	WBGene00227655
Bm2765a.1	WBGene00223026
Bm2765a.2	WBGene00223026
Bm2765b.1	WBGene00223026
Bm9906.1	WBGene00230167
Bm12611.1	WBGene00232872
Bm9905.1	WBGene00230166
Bm14088.1	WBGene00234349
Bm9904.1	WBGene00230165
Bm9903.1	WBGene00230164
Bm2095.1	WBGene00222356
Bm4788.1	WBGene00225049
Bm9902a.1	WBGene00230163
Bm9902b.1	WBGene00230163
Bm9901.1	WBGene00230162
Bm2610.1	WBGene00222871
Bm9899.1	WBGene00230160
Bm9898.1	WBGene00230159
Bm9897.1	WBGene00230158
Bm6077.1	WBGene00226338
Bm4505.1	WBGene00224766
Bm4505.2	WBGene00224766
Bm3655.1	WBGene00223916
Bm9896.1	WBGene00230157
Bm14200.1	WBGene00234461
Bm10295c.1	WBGene00230556
Bm10295b.1	WBGene00230556
Bm10295d.1	WBGene00230556
Bm10295a.1	WBGene00230556
Bm10296.1	WBGene00230557
Bm10297b.1	WBGene00230558
Bm10297a.1	WBGene00230558
Bm5444.1	WBGene00225705
Bm5444.2	WBGene00225705
Bm10298.1	WBGene00230559
Bm5025.1	WBGene00225286
Bm18128.1	WBGene00269268
Bm5297.1	WBGene00225558
Bm3309a.1	WBGene00223570
Bm3309b.1	WBGene00223570
Bm3309c.1	WBGene00223570
Bm13126.1	WBGene00233387
Bm10299b.1	WBGene00230560
Bm10299a.1	WBGene00230560
Bm2215.1	WBGene00222476
Bm3791.1	WBGene00224052
Bm3820g.1	WBGene00224081
Bm3820h.1	WBGene00224081
Bm3820a.1	WBGene00224081
Bm3820b.1	WBGene00224081
Bm3820c.1	WBGene00224081
Bm3820d.1	WBGene00224081
Bm3266.1	WBGene00223527
Bm18041.1	WBGene00269181
Bm10302.1	WBGene00230563
Bm544.1	WBGene00220805
Bm1851.1	WBGene00222112
Bm1851.2	WBGene00222112
Bm2319c.1	WBGene00222580
Bm2319a.1	WBGene00222580
Bm2319e.1	WBGene00222580
Bm2319d.1	WBGene00222580
Bm2319b.1	WBGene00222580
Bm2319f.1	WBGene00222580
Bm2319g.1	WBGene00222580
Bm545.1	WBGene00220806
Bm5650a.1	WBGene00225911
Bm5650b.1	WBGene00225911
Bm10304a.1	WBGene00230565
Bm10304b.1	WBGene00230565
Bm10305.1	WBGene00230566
Bm13873.1	WBGene00234134
Bm10306b.1	WBGene00230567
Bm10306a.1	WBGene00230567
Bm6980a.1	WBGene00227241
Bm6980b.1	WBGene00227241
Bm13500.1	WBGene00233761
Bm10307.1	WBGene00230568
Bm13774a.1	WBGene00234035
Bm13774b.1	WBGene00234035
Bm5346b.1	WBGene00225607
Bm5346a.1	WBGene00225607
Bm5346c.1	WBGene00225607
Bm5688.1	WBGene00225949
Bm3439.1	WBGene00223700
Bm10308.1	WBGene00230569
Bm10310.1	WBGene00230571
Bm2533.1	WBGene00222794
Bm3198.1	WBGene00223459
Bm7399.1	WBGene00227660
Bm2501.1	WBGene00222762
Bm18042.1	WBGene00269182
Bm3864.1	WBGene00224125
Bm14722a.1	WBGene00235057
Bm14722b.1	WBGene00235057
Bm2089.1	WBGene00222350
Bm5452.1	WBGene00225713
Bm546.1	WBGene00220807
Bm5595.1	WBGene00225856
Bm5122a.1	WBGene00225383
Bm5122a.2	WBGene00225383
Bm5122b.1	WBGene00225383
Bm1794a.1	WBGene00222055
Bm1794b.1	WBGene00222055
Bm3109b.1	WBGene00223370
Bm3109a.1	WBGene00223370
Bm18043.1	WBGene00269183
Bm10313.1	WBGene00230574
Bm10315.1	WBGene00230576
Bm547.1	WBGene00220808
Bm548b.1	WBGene00220809
Bm548a.1	WBGene00220809
Bm3192.1	WBGene00223453
Bm1936b.1	WBGene00222197
Bm1936a.1	WBGene00222197
Bm10316a.1	WBGene00230577
Bm10316b.1	WBGene00230577
Bm3493.1	WBGene00223754
Bm4951a.1	WBGene00225212
Bm4951b.1	WBGene00225212
Bm4935b.1	WBGene00225196
Bm4935a.1	WBGene00225196
Bm6875.1	WBGene00227136
Bm7110b.1	WBGene00227371
Bm7110c.1	WBGene00227371
Bm7110a.1	WBGene00227371
Bm8928.1	WBGene00229189
Bm3331a.1	WBGene00223592
Bm3331b.1	WBGene00223592
Bm3331c.1	WBGene00223592
Bm18045.1	WBGene00269185
Bm4604.1	WBGene00224865
Bm8927.1	WBGene00229188
Bm8926.1	WBGene00229187
Bm18046b.1	WBGene00269186
Bm18046a.1	WBGene00269186
Bm7868.1	WBGene00228129
Bm285.1	WBGene00220546
Bm7869.1	WBGene00228130
Bm7870.1	WBGene00228131
Bm5712b.1	WBGene00225973
Bm5712a.1	WBGene00225973
Bm3069b.1	WBGene00223330
Bm3069a.1	WBGene00223330
Bm4213.1	WBGene00224474
Bm4387a.1	WBGene00224648
Bm4387b.1	WBGene00224648
Bm1078.1	WBGene00221339
Bm4554.1	WBGene00224815
Bm9033.1	WBGene00229294
Bm9034.1	WBGene00229295
Bm2606.1	WBGene00222867
Bm9035.1	WBGene00229296
Bm2805b.1	WBGene00223066
Bm2805a.1	WBGene00223066
Bm9036.1	WBGene00229297
Bm1196.1	WBGene00221457
Bm13696.1	WBGene00233957
Bm5006a.1	WBGene00225267
Bm5006b.1	WBGene00225267
Bm9037b.1	WBGene00229298
Bm9037a.1	WBGene00229298
Bm9040.1	WBGene00229301
Bm5181.1	WBGene00225442
Bm14014.1	WBGene00234275
Bm9041.1	WBGene00229302
Bm9042a.1	WBGene00229303
Bm9042b.1	WBGene00229303
Bm5301.1	WBGene00225562
Bm13899.1	WBGene00234160
Bm4643.1	WBGene00224904
Bm13798a.1	WBGene00234059
Bm13798b.1	WBGene00234059
Bm7342a.1	WBGene00227603
Bm7342b.1	WBGene00227603
Bm18047.1	WBGene00269187
Bm4686a.1	WBGene00224947
Bm4686b.1	WBGene00224947
Bm1909.1	WBGene00222170
Bm5187.1	WBGene00225448
Bm14075.1	WBGene00234336
Bm4006a.1	WBGene00224267
Bm4006b.1	WBGene00224267
Bm11664.1	WBGene00231925
Bm9204.1	WBGene00229465
Bm3599.1	WBGene00223860
Bm9205.1	WBGene00229466
Bm3819.1	WBGene00224080
Bm3819.2	WBGene00224080
Bm9206.1	WBGene00229467
Bm7974.1	WBGene00228235
Bm7584a.1	WBGene00227845
Bm7584b.1	WBGene00227845
Bm7584c.1	WBGene00227845
Bm7584d.1	WBGene00227845
Bm7858.1	WBGene00228119
Bm7859.1	WBGene00228120
Bm7860.1	WBGene00228121
Bm4641.1	WBGene00224902
Bm8604.1	WBGene00228865
Bm2368b.1	WBGene00222629
Bm2368a.1	WBGene00222629
Bm14039.1	WBGene00234300
Bm8605.1	WBGene00228866
Bm4310.2	WBGene00224571
Bm4310.1	WBGene00224571
Bm7887.1	WBGene00228148
Bm3856b.1	WBGene00224117
Bm3856a.1	WBGene00224117
Bm2778b.1	WBGene00223039
Bm2778a.1	WBGene00223039
Bm3208.1	WBGene00223469
Bm5231.1	WBGene00225492
Bm3242.1	WBGene00223503
Bm1083.1	WBGene00221344
Bm8302.1	WBGene00228563
Bm1115.1	WBGene00221376
Bm7959.1	WBGene00228220
Bm2a.1	WBGene00220263
Bm2d.1	WBGene00220263
Bm2e.1	WBGene00220263
Bm2f.1	WBGene00220263
Bm2b.1	WBGene00220263
Bm2g.1	WBGene00220263
Bm2h.1	WBGene00220263
Bm2i.1	WBGene00220263
Bm2c.1	WBGene00220263
Bm2j.1	WBGene00220263
Bm7957.1	WBGene00228218
Bm4152d.1	WBGene00224413
Bm4152e.1	WBGene00224413
Bm2706b.1	WBGene00222967
Bm2706a.1	WBGene00222967
Bm7956.1	WBGene00228217
Bm4161a.1	WBGene00224422
Bm4161b.1	WBGene00224422
Bm1791b.1	WBGene00222052
Bm1791a.1	WBGene00222052
Bm4153.1	WBGene00224414
Bm2577a.1	WBGene00222838
Bm2577b.1	WBGene00222838
Bm2391.1	WBGene00222652
Bm3806.1	WBGene00224067
Bm8772.1	WBGene00229033
Bm5382.1	WBGene00225643
Bm7630.1	WBGene00227891
Bm8771.1	WBGene00229032
Bm7916.1	WBGene00228177
Bm7835.1	WBGene00228096
Bm10031.1	WBGene00230292
Bm3451.1	WBGene00223712
Bm2809.1	WBGene00223070
Bm6102c.1	WBGene00226363
Bm6102b.1	WBGene00226363
Bm6102a.1	WBGene00226363
Bm6102d.1	WBGene00226363
Bm3216.1	WBGene00223477
Bm18049.1	WBGene00269189
Bm2241.1	WBGene00222502
Bm7455a.1	WBGene00227716
Bm7455b.1	WBGene00227716
Bm4177.1	WBGene00224438
Bm10028.1	WBGene00230289
Bm1354a.1	WBGene00221615
Bm1354b.1	WBGene00221615
Bm3734.1	WBGene00223995
Bm8615.1	WBGene00228876
Bm18050.1	WBGene00269190
Bm8614.1	WBGene00228875
Bm18051.1	WBGene00269191
Bm18052.1	WBGene00269192
Bm3467a.1	WBGene00223728
Bm3467c.1	WBGene00223728
Bm1988a.1	WBGene00222249
Bm1988b.1	WBGene00222249
Bm8611.1	WBGene00228872
Bm8610.1	WBGene00228871
Bm2364b.1	WBGene00222625
Bm2364c.1	WBGene00222625
Bm2364a.1	WBGene00222625
Bm2364d.1	WBGene00222625
Bm18053.1	WBGene00269193
Bm6248.1	WBGene00226509
Bm4460.1	WBGene00224721
Bm8108.1	WBGene00228369
Bm2396a.1	WBGene00222657
Bm2396b.1	WBGene00222657
Bm8157.1	WBGene00228418
Bm6015.1	WBGene00226276
Bm4456.1	WBGene00224717
Bm8156.1	WBGene00228417
Bm3188a.1	WBGene00223449
Bm3188b.1	WBGene00223449
Bm8155a.1	WBGene00228416
Bm8155c.1	WBGene00228416
Bm8155b.1	WBGene00228416
Bm2109b.1	WBGene00222370
Bm2109a.1	WBGene00222370
Bm13833a.1	WBGene00234094
Bm13833b.1	WBGene00234094
Bm8154.1	WBGene00228415
Bm6377a.1	WBGene00226638
Bm6377b.1	WBGene00226638
Bm8152.1	WBGene00228413
Bm8151.1	WBGene00228412
Bm8150.1	WBGene00228411
Bm6548.1	WBGene00226809
Bm5267a.1	WBGene00225528
Bm5267b.1	WBGene00225528
Bm5267c.1	WBGene00225528
Bm8149.1	WBGene00228410
Bm13878.1	WBGene00234139
Bm5182.1	WBGene00225443
Bm8148.1	WBGene00228409
Bm91a.1	WBGene00220352
Bm91b.1	WBGene00220352
Bm3017.1	WBGene00223278
Bm2589a.1	WBGene00222850
Bm10218.1	WBGene00230479
Bm2589b.1	WBGene00222850
Bm10217.1	WBGene00230478
Bm3866.1	WBGene00224127
Bm10216.1	WBGene00230477
Bm10215.1	WBGene00230476
Bm18054.1	WBGene00269194
Bm10214.1	WBGene00230475
Bm10213.1	WBGene00230474
Bm5898a.1	WBGene00226159
Bm5898b.1	WBGene00226159
Bm10212.1	WBGene00230473
Bm8966.1	WBGene00229227
Bm269a.1	WBGene00220530
Bm269c.1	WBGene00220530
Bm269b.1	WBGene00220530
Bm8967a.1	WBGene00229228
Bm8967b.1	WBGene00229228
Bm13388a.1	WBGene00233649
Bm13388b.1	WBGene00233649
Bm10209.1	WBGene00230470
Bm9420.1	WBGene00229681
Bm9419.1	WBGene00229680
Bm5163.1	WBGene00225424
Bm5167.1	WBGene00225428
Bm14824b.1	WBGene00235131
Bm14824a.1	WBGene00235131
Bm14824c.1	WBGene00235131
Bm6354.1	WBGene00226615
Bm9418.1	WBGene00229679
Bm13654.1	WBGene00233915
Bm3989a.1	WBGene00224250
Bm3989b.1	WBGene00224250
Bm9417b.1	WBGene00229678
Bm9417a.1	WBGene00229678
Bm4401a.1	WBGene00224662
Bm4401b.1	WBGene00224662
Bm7597.1	WBGene00227858
Bm11018.1	WBGene00231279
Bm11018.2	WBGene00231279
Bm3452.1	WBGene00223713
Bm4227.1	WBGene00224488
Bm4260.1	WBGene00224521
Bm4622a.1	WBGene00224883
Bm4622b.1	WBGene00224883
Bm4394.1	WBGene00224655
Bm11019.1	WBGene00231280
Bm1972a.1	WBGene00222233
Bm1972b.1	WBGene00222233
Bm2607.1	WBGene00222868
Bm5177a.1	WBGene00225438
Bm5177b.1	WBGene00225438
Bm11020.1	WBGene00231281
Bm3409.1	WBGene00223670
Bm3141.1	WBGene00223402
Bm18112.1	WBGene00269252
Bm18056.1	WBGene00269196
Bm11022.1	WBGene00231283
Bm18057.1	WBGene00269197
Bm9233.1	WBGene00229494
Bm9234.1	WBGene00229495
Bm2942.1	WBGene00223203
Bm9236.1	WBGene00229497
Bm335.1	WBGene00220596
Bm4769a.1	WBGene00225030
Bm4769b.1	WBGene00225030
Bm3461.1	WBGene00223722
Bm2661.1	WBGene00222922
Bm3179a.1	WBGene00223440
Bm3179b.1	WBGene00223440
Bm3179c.1	WBGene00223440
Bm13966.1	WBGene00234227
Bm4523c.1	WBGene00224784
Bm4523b.1	WBGene00224784
Bm4523a.1	WBGene00224784
Bm4523d.1	WBGene00224784
Bm4523e.1	WBGene00224784
Bm4523f.1	WBGene00224784
Bm4524.1	WBGene00224785
Bm1847.1	WBGene00222108
Bm4164.1	WBGene00224425
Bm337b.1	WBGene00220598
Bm337c.1	WBGene00220598
Bm337d.1	WBGene00220598
Bm337a.1	WBGene00220598
Bm9237.1	WBGene00229498
Bm9238.1	WBGene00229499
Bm9238.2	WBGene00229499
Bm2928b.1	WBGene00223189
Bm2928a.1	WBGene00223189
Bm13407.1	WBGene00233668
Bm1803.1	WBGene00222064
Bm9239a.1	WBGene00229500
Bm9239b.1	WBGene00229500
Bm9239b.2	WBGene00229500
Bm9240.1	WBGene00229501
Bm7322.1	WBGene00227583
Bm3122a.1	WBGene00223383
Bm3122b.1	WBGene00223383
Bm9241.1	WBGene00229502
Bm9242.1	WBGene00229503
Bm9243.1	WBGene00229504
Bm9243.2	WBGene00229504
Bm3742.1	WBGene00224003
Bm2214a.1	WBGene00222475
Bm2217a.1	WBGene00222478
Bm2217b.1	WBGene00222478
Bm13829.1	WBGene00234090
Bm1224.1	WBGene00221485
Bm9244.1	WBGene00229505
Bm6789.1	WBGene00227050
Bm8971.1	WBGene00229232
Bm2933.1	WBGene00223194
Bm9246.1	WBGene00229507
Bm7261.1	WBGene00227522
Bm9248.1	WBGene00229509
Bm3119.1	WBGene00223380
Bm13408.1	WBGene00233669
Bm18058.1	WBGene00269198
Bm9249.1	WBGene00229510
Bm6757a.1	WBGene00227018
Bm6757b.1	WBGene00227018
Bm4377.1	WBGene00224638
Bm9251.1	WBGene00229512
Bm9252.1	WBGene00229513
Bm6343a.1	WBGene00226604
Bm6343b.1	WBGene00226604
Bm9253.1	WBGene00229514
Bm3761.1	WBGene00224022
Bm9144.1	WBGene00229405
Bm2100.1	WBGene00222361
Bm2332.1	WBGene00222593
Bm14680.1	WBGene00235015
Bm338.1	WBGene00220599
Bm11024.1	WBGene00231285
Bm11025.1	WBGene00231286
Bm13895b.1	WBGene00234156
Bm13895a.1	WBGene00234156
Bm13895a.2	WBGene00234156
Bm13895a.3	WBGene00234156
Bm13768.1	WBGene00234029
Bm2042a.1	WBGene00222303
Bm2042a.2	WBGene00222303
Bm2042b.1	WBGene00222303
Bm2924.1	WBGene00223185
Bm11027.1	WBGene00231288
Bm11028.1	WBGene00231289
Bm709.1	WBGene00220970
Bm11029.1	WBGene00231290
Bm2652a.1	WBGene00222913
Bm2652b.1	WBGene00222913
Bm11030.1	WBGene00231291
Bm2651.1	WBGene00222912
Bm3302.1	WBGene00223563
Bm3951.1	WBGene00224212
Bm11031.1	WBGene00231292
Bm11032.1	WBGene00231293
Bm13564a.1	WBGene00233825
Bm13564b.1	WBGene00233825
Bm4461a.1	WBGene00224722
Bm4461b.1	WBGene00224722
Bm305.1	WBGene00220566
Bm2752.2	WBGene00223013
Bm2752.1	WBGene00223013
Bm11033.1	WBGene00231294
Bm18059.1	WBGene00269199
Bm18060.1	WBGene00269200
Bm18601.1	WBGene00304804
Bm1073.1	WBGene00221334
Bm4288.1	WBGene00224549
Bm7838.1	WBGene00228099
Bm1788.1	WBGene00222049
Bm2775.1	WBGene00223036
Bm18061.1	WBGene00269201
Bm9315.1	WBGene00229576
Bm9314.1	WBGene00229575
Bm9313.1	WBGene00229574
Bm3817.1	WBGene00224078
Bm9311.1	WBGene00229572
Bm9310.1	WBGene00229571
Bm1998a.1	WBGene00222259
Bm1998b.1	WBGene00222259
Bm9309a.2	WBGene00229570
Bm9309a.1	WBGene00229570
Bm9309b.1	WBGene00229570
Bm4289.1	WBGene00224550
Bm4462.1	WBGene00224723
Bm300.1	WBGene00220561
Bm2437b.1	WBGene00222698
Bm2437a.1	WBGene00222698
Bm13920.1	WBGene00234181
Bm6144.1	WBGene00226405
Bm5457a.1	WBGene00225718
Bm5457b.1	WBGene00225718
Bm5457c.1	WBGene00225718
Bm7493.1	WBGene00227754
Bm17067.1	WBGene00255707
Bm6797.2	WBGene00227058
Bm6797.1	WBGene00227058
Bm6797.3	WBGene00227058
Bm10312c.1	WBGene00230573
Bm10312b.1	WBGene00230573
Bm9122.1	WBGene00229383
Bm9123.1	WBGene00229384
Bm5948.1	WBGene00226209
Bm3166.1	WBGene00223427
Bm6053.1	WBGene00226314
Bm3610.1	WBGene00223871
Bm3610.2	WBGene00223871
Bm9124.1	WBGene00229385
Bm4257.1	WBGene00224518
Bm9125.1	WBGene00229386
Bm4209b.1	WBGene00224470
Bm4209a.1	WBGene00224470
Bm11304a.1	WBGene00231565
Bm11304b.1	WBGene00231565
Bm3338.1	WBGene00223599
Bm7150.1	WBGene00227411
Bm2794a.1	WBGene00223055
Bm2794b.1	WBGene00223055
Bm13776.1	WBGene00234037
Bm7616.1	WBGene00227877
Bm4426.1	WBGene00224687
Bm4425.1	WBGene00224686
Bm2348.1	WBGene00222609
Bm2348.2	WBGene00222609
Bm6172a.1	WBGene00226433
Bm6172b.1	WBGene00226433
Bm4489.1	WBGene00224750
Bm4159.1	WBGene00224420
Bm14772a.1	WBGene00234957
Bm14772b.1	WBGene00234957
Bm4688.1	WBGene00224949
Bm13043a.1	WBGene00233304
Bm13043b.1	WBGene00233304
Bm13592.1	WBGene00233853
Bm8122.1	WBGene00228383
Bm8123.1	WBGene00228384
Bm4226b.1	WBGene00224487
Bm4226a.1	WBGene00224487
Bm2121a.1	WBGene00222382
Bm2121b.1	WBGene00222382
Bm2121a.2	WBGene00222382
Bm13681.1	WBGene00233942
Bm13681.2	WBGene00233942
Bm2291.1	WBGene00222552
Bm13749.1	WBGene00234010
Bm13702.1	WBGene00233963
Bm13671.1	WBGene00233932
Bm5368.1	WBGene00225629
Bm8124.1	WBGene00228385
Bm8125a.1	WBGene00228386
Bm8125c.1	WBGene00228386
Bm8125b.1	WBGene00228386
Bm4966b.1	WBGene00225227
Bm4966a.1	WBGene00225227
Bm6894b.1	WBGene00227155
Bm6894a.1	WBGene00227155
Bm6894c.1	WBGene00227155
Bm87.1	WBGene00220348
Bm13901.1	WBGene00234162
Bm8127.1	WBGene00228388
Bm3239.1	WBGene00223500
Bm8796.1	WBGene00229057
Bm8795.1	WBGene00229056
Bm7027.1	WBGene00227288
Bm8794.1	WBGene00229055
Bm4203.1	WBGene00224464
Bm237c.1	WBGene00220498
Bm237a.1	WBGene00220498
Bm237b.1	WBGene00220498
Bm2022.1	WBGene00222283
Bm13912.1	WBGene00234173
Bm2279.1	WBGene00222540
Bm4808.1	WBGene00225069
Bm6749.1	WBGene00227010
Bm243.1	WBGene00220504
Bm18062.1	WBGene00269202
Bm9141.2	WBGene00229402
Bm9141.1	WBGene00229402
Bm8382.1	WBGene00228643
Bm18063.1	WBGene00269203
Bm14331.1	WBGene00234592
Bm9141.3	WBGene00229402
Bm2130.1	WBGene00222391
Bm18064a.1	WBGene00269204
Bm18064b.1	WBGene00269204
Bm76.1	WBGene00220337
Bm1908b.1	WBGene00222169
Bm1908a.1	WBGene00222169
Bm8667a.1	WBGene00228928
Bm8667b.1	WBGene00228928
Bm2124.1	WBGene00222385
Bm9096.1	WBGene00229357
Bm8723.1	WBGene00228984
Bm18563b.1	WBGene00303178
Bm18563a.1	WBGene00303178
Bm7223.1	WBGene00227484
Bm12331.1	WBGene00232592
Bm12331.2	WBGene00232592
Bm12331.3	WBGene00232592
Bm7577a.1	WBGene00227838
Bm7577b.1	WBGene00227838
Bm8390.1	WBGene00228651
Bm8397a.1	WBGene00228658
Bm8397b.1	WBGene00228658
Bm161.1	WBGene00220422
Bm17070.1	WBGene00268187
Bm14745.1	WBGene00234930
Bm8487.1	WBGene00228748
Bm18065.1	WBGene00269205
Bm8486.1	WBGene00228747
Bm8485a.1	WBGene00228746
Bm8485b.1	WBGene00228746
Bm3911.1	WBGene00224172
Bm1938.1	WBGene00222199
Bm1938.2	WBGene00222199
Bm1151a.1	WBGene00221412
Bm1151b.1	WBGene00221412
Bm11674.1	WBGene00231935
Bm11356.1	WBGene00231617
Bm5705.1	WBGene00225966
Bm3501.1	WBGene00223762
Bm12304.1	WBGene00232565
Bm496a.1	WBGene00220757
Bm496b.1	WBGene00220757
Bm8984b.1	WBGene00229245
Bm8984a.1	WBGene00229245
Bm8442.1	WBGene00228703
Bm12732.1	WBGene00232993
Bm8443.1	WBGene00228704
Bm8696.1	WBGene00228957
Bm18592.1	WBGene00304777
Bm6715a.1	WBGene00226976
Bm6715b.1	WBGene00226976
Bm5164.1	WBGene00225425
Bm8091.1	WBGene00228352
Bm18066.1	WBGene00269206
Bm11665.1	WBGene00231926
Bm6937.1	WBGene00227198
Bm8063.1	WBGene00228324
Bm1548.1	WBGene00221809
Bm1802a.1	WBGene00222063
Bm1802b.1	WBGene00222063
Bm1802c.1	WBGene00222063
Bm1802d.1	WBGene00222063
Bm541a.1	WBGene00220802
Bm541b.1	WBGene00220802
Bm3367.1	WBGene00223628
Bm10285.1	WBGene00230546
Bm1730.2	WBGene00221991
Bm1730.1	WBGene00221991
Bm6671.1	WBGene00226932
Bm8134.1	WBGene00228395
Bm6310.1	WBGene00226571
Bm8136.1	WBGene00228397
Bm8137.1	WBGene00228398
Bm5899.1	WBGene00226160
Bm8138.1	WBGene00228399
Bm8066.1	WBGene00228327
Bm8066.2	WBGene00228327
Bm7166.1	WBGene00227427
Bm7478.1	WBGene00227739
Bm5407.1	WBGene00225668
Bm1579.1	WBGene00221840
Bm14378.1	WBGene00234639
Bm18067.1	WBGene00269207
Bm4405.1	WBGene00224666
Bm8980.1	WBGene00229241
Bm4431.1	WBGene00224692
Bm8979.1	WBGene00229240
Bm8760.1	WBGene00229021
Bm18069.1	WBGene00269209
Bm3443.1	WBGene00223704
Bm2649.1	WBGene00222910
Bm5191b.1	WBGene00225452
Bm5191a.1	WBGene00225452
Bm5479.1	WBGene00225740
Bm5479.2	WBGene00225740
Bm5192a.1	WBGene00225453
Bm5192b.1	WBGene00225453
Bm8761a.1	WBGene00229022
Bm8761b.1	WBGene00229022
Bm8402.1	WBGene00228663
Bm18606.1	WBGene00304821
Bm1568.1	WBGene00221829
Bm1671a.1	WBGene00221932
Bm1671b.1	WBGene00221932
Bm14136.1	WBGene00234397
Bm8859.1	WBGene00229120
Bm4266a.1	WBGene00224527
Bm4266b.1	WBGene00224527
Bm6347a.1	WBGene00226608
Bm6347b.1	WBGene00226608
Bm11414.1	WBGene00231675
Bm13382a.1	WBGene00233643
Bm13382b.1	WBGene00233643
Bm348a.1	WBGene00220609
Bm348b.1	WBGene00220609
Bm348c.1	WBGene00220609
Bm4166.1	WBGene00224427
Bm4166.2	WBGene00224427
Bm7401b.1	WBGene00227662
Bm7401a.1	WBGene00227662
Bm347.1	WBGene00220608
Bm7402.1	WBGene00227663
Bm12329.1	WBGene00232590
Bm3144a.1	WBGene00223405
Bm3144b.1	WBGene00223405
Bm7604a.1	WBGene00227865
Bm7604b.1	WBGene00227865
Bm4084.1	WBGene00224345
Bm7780.1	WBGene00228041
Bm13958.1	WBGene00234219
Bm5768.1	WBGene00226029
Bm2863.1	WBGene00223124
Bm11622.1	WBGene00231883
Bm8804.1	WBGene00229065
Bm12733.1	WBGene00232994
Bm2758.1	WBGene00223019
Bm2540.1	WBGene00222801
Bm2539a.1	WBGene00222800
Bm2539b.1	WBGene00222800
Bm2541.1	WBGene00222802
Bm18071.1	WBGene00269211
Bm18568.1	WBGene00303348
Bm1150.1	WBGene00221411
Bm13800.1	WBGene00234061
Bm5166.1	WBGene00225427
Bm13362a.1	WBGene00233623
Bm13362b.1	WBGene00233623
Bm4946.1	WBGene00225207
Bm9363b.1	WBGene00229624
Bm9363a.1	WBGene00229624
Bm9363d.1	WBGene00229624
Bm9363c.1	WBGene00229624
Bm18072.1	WBGene00269212
Bm9365.1	WBGene00229626
Bm9366.1	WBGene00229627
Bm9368.1	WBGene00229629
Bm7765b.2	WBGene00228026
Bm7765b.1	WBGene00228026
Bm7765a.1	WBGene00228026
Bm7299.1	WBGene00227560
Bm13996.1	WBGene00234257
Bm9370.1	WBGene00229631
Bm13661.1	WBGene00233922
Bm2994a.1	WBGene00223255
Bm2994b.1	WBGene00223255
Bm4220.1	WBGene00224481
Bm4219.1	WBGene00224480
Bm2756.1	WBGene00223017
Bm13573a.1	WBGene00233834
Bm13573b.1	WBGene00233834
Bm5201a.1	WBGene00225462
Bm5201b.1	WBGene00225462
Bm2227.1	WBGene00222488
Bm14021.1	WBGene00234282
Bm14021.2	WBGene00234282
Bm18073.1	WBGene00269213
Bm18074.1	WBGene00269214
Bm8142.1	WBGene00228403
Bm2076a.1	WBGene00222337
Bm2076b.1	WBGene00222337
Bm18075a.1	WBGene00269215
Bm18075b.1	WBGene00269215
Bm4556.1	WBGene00224817
Bm4679.1	WBGene00224940
Bm3305.1	WBGene00223566
Bm13869.1	WBGene00234130
Bm2868.1	WBGene00223129
Bm944.1	WBGene00221205
Bm944.2	WBGene00221205
Bm2270.1	WBGene00222531
Bm4602.1	WBGene00224863
Bm9082.1	WBGene00229343
Bm4282.1	WBGene00224543
Bm7871.1	WBGene00228132
Bm9081.1	WBGene00229342
Bm1199.1	WBGene00221460
Bm18077.1	WBGene00269217
Bm9079.1	WBGene00229340
Bm9080.1	WBGene00229341
Bm9078.1	WBGene00229339
Bm4627.1	WBGene00224888
Bm2457c.1	WBGene00222718
Bm2457a.1	WBGene00222718
Bm2457b.1	WBGene00222718
Bm12389a.1	WBGene00232650
Bm12389b.1	WBGene00232650
Bm4642a.1	WBGene00224903
Bm4642b.1	WBGene00224903
Bm5663.1	WBGene00225924
Bm12381.1	WBGene00232642
Bm12258.1	WBGene00232519
Bm6734a.1	WBGene00226995
Bm6734b.1	WBGene00226995
Bm12262b.1	WBGene00232523
Bm12262a.1	WBGene00232523
Bm8750.1	WBGene00229011
Bm2687b.1	WBGene00222948
Bm2687a.1	WBGene00222948
Bm4899.1	WBGene00225160
Bm8749.1	WBGene00229010
Bm12328.1	WBGene00232589
Bm18221.1	WBGene00269370
Bm18222.1	WBGene00269371
Bm8661.1	WBGene00228922
Bm12766.1	WBGene00233027
Bm3336.1	WBGene00223597
Bm3863b.1	WBGene00224124
Bm3863a.1	WBGene00224124
Bm18078.1	WBGene00269218
Bm18079.1	WBGene00269219
Bm18080.1	WBGene00269220
Bm18081.1	WBGene00269221
Bm8444b.1	WBGene00228705
Bm8444a.1	WBGene00228705
Bm130.1	WBGene00220391
Bm6360.1	WBGene00226621
Bm8632.1	WBGene00228893
Bm1569e.1	WBGene00221830
Bm1569d.1	WBGene00221830
Bm1569a.1	WBGene00221830
Bm1569c.1	WBGene00221830
Bm1569f.1	WBGene00221830
Bm1569h.1	WBGene00221830
Bm1569i.1	WBGene00221830
Bm1569g.1	WBGene00221830
Bm1569b.1	WBGene00221830
Bm18082.1	WBGene00269222
Bm11541.1	WBGene00231802
Bm7883.1	WBGene00228144
Bm18141.1	WBGene00269281
Bm12769.1	WBGene00233030
Bm14100.1	WBGene00234361
Bm3322.1	WBGene00223583
Bm8479.1	WBGene00228740
Bm825.1	WBGene00221086
Bm8450a.1	WBGene00228711
Bm8450b.1	WBGene00228711
Bm11642.1	WBGene00231903
Bm4637a.1	WBGene00224898
Bm4637b.1	WBGene00224898
Bm18083.1	WBGene00269223
Bm4904.1	WBGene00225165
Bm8089.1	WBGene00228350
Bm3722a.1	WBGene00223983
Bm3722b.1	WBGene00223983
Bm1560b.1	WBGene00221821
Bm1560e.1	WBGene00221821
Bm1560a.1	WBGene00221821
Bm1560c.1	WBGene00221821
Bm1560d.1	WBGene00221821
Bm4519a.1	WBGene00224780
Bm4519b.1	WBGene00224780
Bm18085.1	WBGene00269225
Bm18086.1	WBGene00269226
Bm8962.1	WBGene00229223
Bm8963.1	WBGene00229224
Bm4434a.1	WBGene00224695
Bm4434b.1	WBGene00224695
Bm18223.1	WBGene00269372
Bm18087.1	WBGene00269227
Bm10863.1	WBGene00231124
Bm8384.1	WBGene00228645
Bm18088.1	WBGene00269228
Bm13352.1	WBGene00233613
Bm1937.1	WBGene00222198
Bm8383.1	WBGene00228644
Bm18089b.1	WBGene00269229
Bm18089a.1	WBGene00269229
Bm8446.1	WBGene00228707
Bm18090.1	WBGene00269230
Bm8480.1	WBGene00228741
Bm11717.1	WBGene00231978
Bm18091.1	WBGene00269231
Bm9421a.1	WBGene00229682
Bm9421b.1	WBGene00229682
Bm13718.1	WBGene00233979
Bm5791.1	WBGene00226052
Bm7430.1	WBGene00227691
Bm11573.1	WBGene00231834
Bm405.1	WBGene00220666
Bm13207c.1	WBGene00233468
Bm13207a.1	WBGene00233468
Bm13207b.1	WBGene00233468
Bm13428.1	WBGene00233689
Bm9595.1	WBGene00229856
Bm18092.1	WBGene00269232
Bm4143.1	WBGene00224404
Bm1101.1	WBGene00221362
Bm18093.1	WBGene00269233
Bm18094.1	WBGene00269234
Bm951.1	WBGene00221212
Bm11779.1	WBGene00232040
Bm18095.1	WBGene00269235
Bm9112.1	WBGene00229373
Bm9111.1	WBGene00229372
Bm18096.1	WBGene00269236
Bm8452.1	WBGene00228713
Bm18097.1	WBGene00269237
Bm8331.1	WBGene00228592
Bm6207a.1	WBGene00226468
Bm6207b.1	WBGene00226468
Bm5344.1	WBGene00225605
Bm6206b.1	WBGene00226467
Bm6206a.1	WBGene00226467
Bm6039.1	WBGene00226300
Bm4726.1	WBGene00224987
Bm1818.1	WBGene00222079
Bm2738a.1	WBGene00222999
Bm2738b.1	WBGene00222999
Bm2739.1	WBGene00223000
Bm7168.1	WBGene00227429
Bm4211b.1	WBGene00224472
Bm4211a.1	WBGene00224472
Bm4908.1	WBGene00225169
Bm12205.1	WBGene00232466
Bm4162.1	WBGene00224423
Bm18099a.1	WBGene00269239
Bm18099b.1	WBGene00269239
Bm11566.1	WBGene00231827
Bm13610.1	WBGene00233871
Bm5917a.1	WBGene00226178
Bm5917b.1	WBGene00226178
Bm8482.1	WBGene00228743
Bm1881.1	WBGene00222142
Bm13380.1	WBGene00233641
